--- Virtual CAN Network Simulator ---
[Runner] Building LittleFS firmware images...
  -> /home/andrei/Facultate/DIZERTATIE/virtual-can-network/firmware/gateway.img
  -> /home/andrei/Facultate/DIZERTATIE/virtual-can-network/firmware/engine.img
  -> /home/andrei/Facultate/DIZERTATIE/virtual-can-network/firmware/chassis.img
  -> /home/andrei/Facultate/DIZERTATIE/virtual-can-network/firmware/body.img
[Runner] Spawning 4 ECU workers...
[Gateway] Starting ECU worker...
[Chassis] Starting ECU worker...
[Engine] Starting ECU worker...
[Body] Starting ECU worker...
[Runner] All ECUs ready. Starting bus clock...
[2J[H[H================================================================================
                           VIRTUAL CAN NETWORK DASHBOARD                        
================================================================================
Bus Stats | Ticks: 20,000 | Sim/Wall: 0.01x | Effective Rate: 4080 bps
--------------------------------------------------------------------------------
[1;36m[GATEWAY][0m Total TX: 0 | Total RX: 0

[1;36m[ENGINE][0m Total TX: 0 | Total RX: 0

[1;36m[CHASSIS][0m Total TX: 0 | Total RX: 0

[1;36m[BODY][0m Total TX: 0 | Total RX: 0

----------------------------------- LOGS ---------------------------------------
[K[Runner] TCP Server listening on 127.0.0.1:5555 (CARLA proxy)
[K[Chassis] Loaded 1247 UF2 blocks.
[K[Gateway] Loaded 1247 UF2 blocks.
[K[Engine] Loaded 1247 UF2 blocks.
[K[Body] Loaded 1247 UF2 blocks.
[K[Body] DEBUG: instCount=100000, PC=0x10016892, SP=0x20041d30
[K[Body] DEBUG: instCount=200000, PC=0x1003090c, SP=0x20041a10
[K[Body] DEBUG: instCount=300000, PC=0x20000d5c, SP=0x20041c88
[K[Body] DEBUG: instCount=400000, PC=0x20000356, SP=0x20041f00
[K[Body] DEBUG: instCount=500000, PC=0x1002dacc, SP=0x20041f74
[K[Body] DEBUG: instCount=600000, PC=0x10033a44, SP=0x20041f58
[K[Body] DEBUG: instCount=700000, PC=0x100337ec, SP=0x20041f50
[K[Body] DEBUG: instCount=800000, PC=0x10026e0e, SP=0x20041fa0
[K[Body] DEBUG: instCount=900000, PC=0x10032b64, SP=0x20041f30
================================================================================
[H================================================================================
                           VIRTUAL CAN NETWORK DASHBOARD                        
================================================================================
Bus Stats | Ticks: 30,000 | Sim/Wall: 0.01x | Effective Rate: 4629 bps
--------------------------------------------------------------------------------
[1;36m[GATEWAY][0m Total TX: 0 | Total RX: 0

[1;36m[ENGINE][0m Total TX: 0 | Total RX: 0

[1;36m[CHASSIS][0m Total TX: 0 | Total RX: 0

[1;36m[BODY][0m Total TX: 0 | Total RX: 0

----------------------------------- LOGS ---------------------------------------
[K[Chassis] DEBUG: instCount=2100000, PC=0x1002e176, SP=0x20041ee8
[K[Chassis] DEBUG: instCount=2200000, PC=0x2000028c, SP=0x20041ec8
[K[Body] DEBUG: instCount=1000000, PC=0x2634, SP=0x20041f30
[K[Body] DEBUG: instCount=1100000, PC=0x2638, SP=0x20041f30
[K[Body] DEBUG: instCount=1200000, PC=0x2634, SP=0x20041f30
[K[Body] DEBUG: instCount=1300000, PC=0x10032fb4, SP=0x20041f48
[K[Body] DEBUG: instCount=1400000, PC=0x10033ed2, SP=0x20041f58
[K[Body] DEBUG: instCount=1500000, PC=0x10033ece, SP=0x20041f58
[K[Body] DEBUG: instCount=1600000, PC=0x10033eba, SP=0x20041f58
[K[Body] DEBUG: instCount=1700000, PC=0x100344d4, SP=0x20041f30
[K[Body] DEBUG: instCount=1800000, PC=0x10033926, SP=0x20041f18
[K[Body] DEBUG: instCount=1900000, PC=0x10033922, SP=0x20041f18
[K[Body] DEBUG: instCount=2000000, PC=0x1003412a, SP=0x20041f20
[K[Body] DEBUG: instCount=2100000, PC=0x1002e176, SP=0x20041ee8
[K[Body] DEBUG: instCount=2200000, PC=0x2000028c, SP=0x20041ec8
================================================================================
[H================================================================================
                           VIRTUAL CAN NETWORK DASHBOARD                        
================================================================================
Bus Stats | Ticks: 40,000 | Sim/Wall: 0.01x | Effective Rate: 5125 bps
--------------------------------------------------------------------------------
[1;36m[GATEWAY][0m Total TX: 0 | Total RX: 0

[1;36m[ENGINE][0m Total TX: 0 | Total RX: 0

[1;36m[CHASSIS][0m Total TX: 0 | Total RX: 0

[1;36m[BODY][0m Total TX: 0 | Total RX: 0

----------------------------------- LOGS ---------------------------------------
[K[Chassis] DEBUG: instCount=3400000, PC=0x10032b20, SP=0x20041f48
[K[Chassis] DEBUG: instCount=3500000, PC=0x10032b1c, SP=0x20041f48
[K[Body] DEBUG: instCount=2300000, PC=0x20000288, SP=0x20041ec8
[K[Body] DEBUG: instCount=2400000, PC=0x20000326, SP=0x20041ee8
[K[Body] DEBUG: instCount=2500000, PC=0x2000034a, SP=0x20041f00
[K[Body] DEBUG: instCount=2600000, PC=0x1003397a, SP=0x20041f10
[K[Body] DEBUG: instCount=2700000, PC=0x10033976, SP=0x20041f10
[K[Body] DEBUG: instCount=2800000, PC=0x10033962, SP=0x20041f10
[K[Body] DEBUG: instCount=2900000, PC=0x100334dc, SP=0x20041ed8
[K[Body] DEBUG: instCount=3000000, PC=0x100335e0, SP=0x20041ee8
[K[Body] DEBUG: instCount=3100000, PC=0x100335dc, SP=0x20041ee8
[K[Body] DEBUG: instCount=3200000, PC=0x10033664, SP=0x20041ef0
[K[Body] DEBUG: instCount=3300000, PC=0x10033744, SP=0x20041f58
[K[Body] DEBUG: instCount=3400000, PC=0x10032b20, SP=0x20041f48
[K[Body] DEBUG: instCount=3500000, PC=0x10032b1c, SP=0x20041f48
================================================================================
[H================================================================================
                           VIRTUAL CAN NETWORK DASHBOARD                        
================================================================================
Bus Stats | Ticks: 50,000 | Sim/Wall: 0.01x | Effective Rate: 5423 bps
--------------------------------------------------------------------------------
[1;36m[GATEWAY][0m Total TX: 0 | Total RX: 0

[1;36m[ENGINE][0m Total TX: 0 | Total RX: 0

[1;36m[CHASSIS][0m Total TX: 0 | Total RX: 0

[1;36m[BODY][0m Total TX: 0 | Total RX: 0

----------------------------------- LOGS ---------------------------------------
[K[Chassis] DEBUG: instCount=4700000, PC=0x100331a8, SP=0x20041f58
[K[Chassis] DEBUG: instCount=4800000, PC=0x1002e05e, SP=0x20041f80
[K[Body] DEBUG: instCount=3600000, PC=0x10032b82, SP=0x20041f30
[K[Body] DEBUG: instCount=3700000, PC=0x10018544, SP=0x20041f88
[K[Body] DEBUG: instCount=3800000, PC=0x1002de5e, SP=0x20041f38
[K[Body] DEBUG: instCount=3900000, PC=0x1002de5a, SP=0x20041f38
[K[Body] DEBUG: instCount=4000000, PC=0x1002de44, SP=0x20041f38
[K[Body] DEBUG: instCount=4100000, PC=0x1002dbd2, SP=0x20041f10
[K[Body] DEBUG: instCount=4200000, PC=0x1002e27a, SP=0x20041ee0
[K[Body] DEBUG: instCount=4300000, PC=0x1002e276, SP=0x20041ee0
[K[Body] DEBUG: instCount=4400000, PC=0x1002e16c, SP=0x20041ee0
[K[Body] DEBUG: instCount=4500000, PC=0x1002e2dc, SP=0x20041ee0
[K[Body] DEBUG: instCount=4600000, PC=0x100331ac, SP=0x20041f44
[K[Body] DEBUG: instCount=4700000, PC=0x100331a8, SP=0x20041f58
[K[Body] DEBUG: instCount=4800000, PC=0x1002e05e, SP=0x20041f80
================================================================================
[H================================================================================
                           VIRTUAL CAN NETWORK DASHBOARD                        
================================================================================
Bus Stats | Ticks: 60,000 | Sim/Wall: 0.01x | Effective Rate: 5654 bps
--------------------------------------------------------------------------------
[1;36m[GATEWAY][0m Total TX: 0 | Total RX: 0

[1;36m[ENGINE][0m Total TX: 0 | Total RX: 0

[1;36m[CHASSIS][0m Total TX: 0 | Total RX: 0

[1;36m[BODY][0m Total TX: 0 | Total RX: 0

----------------------------------- LOGS ---------------------------------------
[K[Chassis] DEBUG: instCount=5800000, PC=0x2636, SP=0x20041ef0
[K[Chassis] DEBUG: instCount=5900000, PC=0x2632, SP=0x20041ef0
[K[Chassis] DEBUG: instCount=6000000, PC=0x2636, SP=0x20041ef0
[K[Body] DEBUG: instCount=4900000, PC=0x10033340, SP=0x20041f28
[K[Body] DEBUG: instCount=5000000, PC=0x10033210, SP=0x20041f28
[K[Body] DEBUG: instCount=5100000, PC=0x1003320c, SP=0x20041f28
[K[Body] DEBUG: instCount=5200000, PC=0x100332f2, SP=0x20041f28
[K[Body] DEBUG: instCount=5300000, PC=0x10033562, SP=0x20041f08
[K[Body] DEBUG: instCount=5400000, PC=0x10034904, SP=0x20041f24
[K[Body] DEBUG: instCount=5500000, PC=0x10034900, SP=0x20041f28
[K[Body] DEBUG: instCount=5600000, PC=0x1003331c, SP=0x20041f28
[K[Body] DEBUG: instCount=5700000, PC=0x10032d5a, SP=0x20041ee8
[K[Body] DEBUG: instCount=5800000, PC=0x2636, SP=0x20041ef0
[K[Body] DEBUG: instCount=5900000, PC=0x2632, SP=0x20041ef0
[K[Body] DEBUG: instCount=6000000, PC=0x2636, SP=0x20041ef0
================================================================================
[H================================================================================
                           VIRTUAL CAN NETWORK DASHBOARD                        
================================================================================
Bus Stats | Ticks: 70,000 | Sim/Wall: 0.01x | Effective Rate: 5839 bps
--------------------------------------------------------------------------------
[1;36m[GATEWAY][0m Total TX: 0 | Total RX: 0

[1;36m[ENGINE][0m Total TX: 0 | Total RX: 0

[1;36m[CHASSIS][0m Total TX: 0 | Total RX: 0

[1;36m[BODY][0m Total TX: 0 | Total RX: 0

----------------------------------- LOGS ---------------------------------------
[K[Chassis] DEBUG: instCount=7200000, PC=0x10033744, SP=0x20041f58
[K[Chassis] DEBUG: instCount=7300000, PC=0x10032b92, SP=0x20041f30
[K[Body] DEBUG: instCount=6100000, PC=0x10032b24, SP=0x20041ef0
[K[Body] DEBUG: instCount=6200000, PC=0x10033246, SP=0x20041f28
[K[Body] DEBUG: instCount=6300000, PC=0x10033286, SP=0x20041f28
[K[Body] DEBUG: instCount=6400000, PC=0x10033208, SP=0x20041f28
[K[Body] DEBUG: instCount=6500000, PC=0x1002e4aa, SP=0x20041f58
[K[Body] DEBUG: instCount=6600000, PC=0x1002e4a2, SP=0x20041f48
[K[Body] DEBUG: instCount=6700000, PC=0x1002e4bc, SP=0x20041f58
[K[Body] DEBUG: instCount=6800000, PC=0x1002e478, SP=0x20041f28
[K[Body] DEBUG: instCount=6900000, PC=0x10029c9c, SP=0x20041fa0
[K[Body] DEBUG: instCount=7000000, PC=0x10033758, SP=0x20041f58
[K[Body] DEBUG: instCount=7100000, PC=0x10033a5c, SP=0x20041f58
[K[Body] DEBUG: instCount=7200000, PC=0x10033744, SP=0x20041f58
[K[Body] DEBUG: instCount=7300000, PC=0x10032b92, SP=0x20041f30
================================================================================
[H================================================================================
                           VIRTUAL CAN NETWORK DASHBOARD                        
================================================================================
Bus Stats | Ticks: 80,000 | Sim/Wall: 0.01x | Effective Rate: 6146 bps
--------------------------------------------------------------------------------
[1;36m[GATEWAY][0m Total TX: 0 | Total RX: 0

[1;36m[ENGINE][0m Total TX: 0 | Total RX: 0

[1;36m[CHASSIS][0m Total TX: 0 | Total RX: 0

[1;36m[BODY][0m Total TX: 0 | Total RX: 0

----------------------------------- LOGS ---------------------------------------
[K[Chassis] DEBUG: instCount=8500000, PC=0x10031b6a, SP=0x20041ee8
[K[Chassis] DEBUG: instCount=8600000, PC=0x200002b4, SP=0x20041ec8
[K[Body] DEBUG: instCount=7400000, PC=0x2636, SP=0x20041f30
[K[Body] DEBUG: instCount=7500000, PC=0x263a, SP=0x20041f30
[K[Body] DEBUG: instCount=7600000, PC=0x2636, SP=0x20041f30
[K[Body] DEBUG: instCount=7700000, PC=0x10033706, SP=0x20041f58
[K[Body] DEBUG: instCount=7800000, PC=0x10033732, SP=0x20041f58
[K[Body] DEBUG: instCount=7900000, PC=0x10033efa, SP=0x20041f58
[K[Body] DEBUG: instCount=8000000, PC=0x1003372a, SP=0x20041f58
[K[Body] DEBUG: instCount=8100000, PC=0x10032f66, SP=0x20041f30
[K[Body] DEBUG: instCount=8200000, PC=0x10032a22, SP=0x20041f00
[K[Body] DEBUG: instCount=8300000, PC=0x100348e2, SP=0x20041efc
[K[Body] DEBUG: instCount=8400000, PC=0x10032a1a, SP=0x20041f00
[K[Body] DEBUG: instCount=8500000, PC=0x10031b6a, SP=0x20041ee8
[K[Body] DEBUG: instCount=8600000, PC=0x200002b4, SP=0x20041ec8
================================================================================
[H================================================================================
                           VIRTUAL CAN NETWORK DASHBOARD                        
================================================================================
Bus Stats | Ticks: 90,000 | Sim/Wall: 0.01x | Effective Rate: 6435 bps
--------------------------------------------------------------------------------
[1;36m[GATEWAY][0m Total TX: 0 | Total RX: 0

[1;36m[ENGINE][0m Total TX: 0 | Total RX: 0

[1;36m[CHASSIS][0m Total TX: 0 | Total RX: 0

[1;36m[BODY][0m Total TX: 0 | Total RX: 0

----------------------------------- LOGS ---------------------------------------
[K[Chassis] DEBUG: instCount=9800000, PC=0x100336fa, SP=0x20041f58
[K[Chassis] DEBUG: instCount=9900000, PC=0x10033a6c, SP=0x20041f58
[K[Body] DEBUG: instCount=8700000, PC=0x10032a32, SP=0x20041f00
[K[Body] DEBUG: instCount=8800000, PC=0x200002aa, SP=0x20041ec8
[K[Body] DEBUG: instCount=8900000, PC=0x10034136, SP=0x20041f20
[K[Body] DEBUG: instCount=9000000, PC=0x1003345a, SP=0x20041f08
[K[Body] DEBUG: instCount=9100000, PC=0x10033694, SP=0x20041f00
[K[Body] DEBUG: instCount=9200000, PC=0x10033452, SP=0x20041f08
[K[Body] DEBUG: instCount=9300000, PC=0x10033518, SP=0x20041ed8
[K[Body] DEBUG: instCount=9400000, PC=0x10033616, SP=0x20041ee8
[K[Body] DEBUG: instCount=9500000, PC=0x10033462, SP=0x20041f08
[K[Body] DEBUG: instCount=9600000, PC=0x1003360e, SP=0x20041ee8
[K[Body] DEBUG: instCount=9700000, PC=0x10032d58, SP=0x20041f48
[K[Body] DEBUG: instCount=9800000, PC=0x100336fa, SP=0x20041f58
[K[Body] DEBUG: instCount=9900000, PC=0x10033a6c, SP=0x20041f58
================================================================================
[H================================================================================
                           VIRTUAL CAN NETWORK DASHBOARD                        
================================================================================
Bus Stats | Ticks: 100,000 | Sim/Wall: 0.01x | Effective Rate: 6669 bps
--------------------------------------------------------------------------------
[1;36m[GATEWAY][0m Total TX: 0 | Total RX: 0

[1;36m[ENGINE][0m Total TX: 0 | Total RX: 0

[1;36m[CHASSIS][0m Total TX: 0 | Total RX: 0

[1;36m[BODY][0m Total TX: 0 | Total RX: 0

----------------------------------- LOGS ---------------------------------------
[K[Chassis] DEBUG: instCount=11100000, PC=0x1002e4b0, SP=0x20041f58
[K[Chassis] DEBUG: instCount=11200000, PC=0x1002df54, SP=0x20041f68
[K[Body] DEBUG: instCount=10000000, PC=0x10033a62, SP=0x20041f58
[K[Body] DEBUG: instCount=10100000, PC=0x10029cdc, SP=0x20041fa0
[K[Body] DEBUG: instCount=10200000, PC=0x1002db9c, SP=0x20041f38
[K[Body] DEBUG: instCount=10300000, PC=0x1002dba8, SP=0x20041f10
[K[Body] DEBUG: instCount=10400000, PC=0x1002de7a, SP=0x20041f38
[K[Body] DEBUG: instCount=10500000, PC=0x1002dbf4, SP=0x20041f10
[K[Body] DEBUG: instCount=10600000, PC=0x1002e2a0, SP=0x20041ee0
[K[Body] DEBUG: instCount=10700000, PC=0x1002e2ac, SP=0x20041ee0
[K[Body] DEBUG: instCount=10800000, PC=0x1002e298, SP=0x20041ee0
[K[Body] DEBUG: instCount=10900000, PC=0x1002dc4c, SP=0x20041f10
[K[Body] DEBUG: instCount=11000000, PC=0x1002df5c, SP=0x20041f68
[K[Body] DEBUG: instCount=11100000, PC=0x1002e4b0, SP=0x20041f58
[K[Body] DEBUG: instCount=11200000, PC=0x1002df54, SP=0x20041f68
================================================================================
[H================================================================================
                           VIRTUAL CAN NETWORK DASHBOARD                        
================================================================================
Bus Stats | Ticks: 110,000 | Sim/Wall: 0.01x | Effective Rate: 6693 bps
--------------------------------------------------------------------------------
[1;36m[GATEWAY][0m Total TX: 0 | Total RX: 0

[1;36m[ENGINE][0m Total TX: 0 | Total RX: 0

[1;36m[CHASSIS][0m Total TX: 0 | Total RX: 0

[1;36m[BODY][0m Total TX: 0 | Total RX: 0

----------------------------------- LOGS ---------------------------------------
[K[Chassis] DEBUG: instCount=12200000, PC=0x10033340, SP=0x20041f48
[K[Chassis] DEBUG: instCount=12300000, PC=0x1003320a, SP=0x20041f48
[K[Chassis] DEBUG: instCount=12400000, PC=0x100332f0, SP=0x20041f48
[K[Body] DEBUG: instCount=11300000, PC=0x1002e46a, SP=0x20041f28
[K[Body] DEBUG: instCount=11400000, PC=0x10029c26, SP=0x20041f90
[K[Body] DEBUG: instCount=11500000, PC=0x10029ca2, SP=0x20041fa0
[K[Body] DEBUG: instCount=11600000, PC=0x10029bf6, SP=0x20041f90
[K[Body] DEBUG: instCount=11700000, PC=0x10033a4c, SP=0x20041f58
[K[Body] DEBUG: instCount=11800000, PC=0x10032fb0, SP=0x20041f48
[K[Body] DEBUG: instCount=11900000, PC=0x10032b20, SP=0x20041f48
[K[Body] DEBUG: instCount=12000000, PC=0x10032fa8, SP=0x20041f48
[K[Body] DEBUG: instCount=12100000, PC=0x10018512, SP=0x20041f88
[K[Body] DEBUG: instCount=12200000, PC=0x10033340, SP=0x20041f48
[K[Body] DEBUG: instCount=12300000, PC=0x1003320a, SP=0x20041f48
[K[Body] DEBUG: instCount=12400000, PC=0x100332f0, SP=0x20041f48
================================================================================
[H================================================================================
                           VIRTUAL CAN NETWORK DASHBOARD                        
================================================================================
Bus Stats | Ticks: 120,000 | Sim/Wall: 0.01x | Effective Rate: 6786 bps
--------------------------------------------------------------------------------
[1;36m[GATEWAY][0m Total TX: 0 | Total RX: 0

[1;36m[ENGINE][0m Total TX: 0 | Total RX: 0

[1;36m[CHASSIS][0m Total TX: 0 | Total RX: 0

[1;36m[BODY][0m Total TX: 0 | Total RX: 0

----------------------------------- LOGS ---------------------------------------
[K[Chassis] DEBUG: instCount=13600000, PC=0x2636, SP=0x20041f10
[K[Chassis] DEBUG: instCount=13700000, PC=0x20000688, SP=0x20041f28
[K[Body] DEBUG: instCount=12500000, PC=0x100332f4, SP=0x20041f48
[K[Body] DEBUG: instCount=12600000, PC=0x1003352e, SP=0x20041f38
[K[Body] DEBUG: instCount=12700000, PC=0x1003353c, SP=0x20041f28
[K[Body] DEBUG: instCount=12800000, PC=0x100336be, SP=0x20041f38
[K[Body] DEBUG: instCount=12900000, PC=0x10033558, SP=0x20041f28
[K[Body] DEBUG: instCount=13000000, PC=0x10033758, SP=0x20041f28
[K[Body] DEBUG: instCount=13100000, PC=0x20005334, SP=0x20041f24
[K[Body] DEBUG: instCount=13200000, PC=0x1003374e, SP=0x20041f28
[K[Body] DEBUG: instCount=13300000, PC=0x100329ce, SP=0x20041f10
[K[Body] DEBUG: instCount=13400000, PC=0x2636, SP=0x20041f10
[K[Body] DEBUG: instCount=13500000, PC=0x10032b1a, SP=0x20041f10
[K[Body] DEBUG: instCount=13600000, PC=0x2636, SP=0x20041f10
[K[Body] DEBUG: instCount=13700000, PC=0x20000688, SP=0x20041f28
================================================================================
[H================================================================================
                           VIRTUAL CAN NETWORK DASHBOARD                        
================================================================================
Bus Stats | Ticks: 130,000 | Sim/Wall: 0.01x | Effective Rate: 6965 bps
--------------------------------------------------------------------------------
[1;36m[GATEWAY][0m Total TX: 0 | Total RX: 0

[1;36m[ENGINE][0m Total TX: 0 | Total RX: 0

[1;36m[CHASSIS][0m Total TX: 0 | Total RX: 0

[1;36m[BODY][0m Total TX: 0 | Total RX: 0

----------------------------------- LOGS ---------------------------------------
[K[Chassis] DEBUG: instCount=14900000, PC=0x1002df56, SP=0x20041f68
[K[Chassis] DEBUG: instCount=15000000, PC=0x1002e47c, SP=0x20041f28
[K[Body] DEBUG: instCount=13800000, PC=0x1002e03a, SP=0x20041f80
[K[Body] DEBUG: instCount=13900000, PC=0x1002e05a, SP=0x20041f80
[K[Body] DEBUG: instCount=14000000, PC=0x1002e03a, SP=0x20041f80
[K[Body] DEBUG: instCount=14100000, PC=0x1002de7c, SP=0x20041f38
[K[Body] DEBUG: instCount=14200000, PC=0x1002dc04, SP=0x20041f10
[K[Body] DEBUG: instCount=14300000, PC=0x1002e262, SP=0x20041efc
[K[Body] DEBUG: instCount=14400000, PC=0x1002dc04, SP=0x20041f10
[K[Body] DEBUG: instCount=14500000, PC=0x1002e29a, SP=0x20041ee0
[K[Body] DEBUG: instCount=14600000, PC=0x1002de9e, SP=0x20041f38
[K[Body] DEBUG: instCount=14700000, PC=0x1002deb6, SP=0x20041f38
[K[Body] DEBUG: instCount=14800000, PC=0x1002de9e, SP=0x20041f38
[K[Body] DEBUG: instCount=14900000, PC=0x1002df56, SP=0x20041f68
[K[Body] DEBUG: instCount=15000000, PC=0x1002e47c, SP=0x20041f28
================================================================================
[H================================================================================
                           VIRTUAL CAN NETWORK DASHBOARD                        
================================================================================
Bus Stats | Ticks: 140,000 | Sim/Wall: 0.01x | Effective Rate: 7134 bps
--------------------------------------------------------------------------------
[1;36m[GATEWAY][0m Total TX: 0 | Total RX: 0

[1;36m[ENGINE][0m Total TX: 0 | Total RX: 0

[1;36m[CHASSIS][0m Total TX: 0 | Total RX: 0

[1;36m[BODY][0m Total TX: 0 | Total RX: 0

----------------------------------- LOGS ---------------------------------------
[K[Chassis] DEBUG: instCount=16200000, PC=0x1003370e, SP=0x20041f58
[K[Chassis] DEBUG: instCount=16300000, PC=0x10033efe, SP=0x20041f58
[K[Body] DEBUG: instCount=15100000, PC=0x1002df60, SP=0x20041f68
[K[Body] DEBUG: instCount=15200000, PC=0x1002e47c, SP=0x20041f28
[K[Body] DEBUG: instCount=15300000, PC=0x10029bf8, SP=0x20041f90
[K[Body] DEBUG: instCount=15400000, PC=0x1003374a, SP=0x20041f58
[K[Body] DEBUG: instCount=15500000, PC=0x10032f8a, SP=0x20041f58
[K[Body] DEBUG: instCount=15600000, PC=0x1003374a, SP=0x20041f58
[K[Body] DEBUG: instCount=15700000, PC=0x10032b86, SP=0x20041f30
[K[Body] DEBUG: instCount=15800000, PC=0x2632, SP=0x20041f30
[K[Body] DEBUG: instCount=15900000, PC=0x10032b9a, SP=0x20041f30
[K[Body] DEBUG: instCount=16000000, PC=0x2632, SP=0x20041f30
[K[Body] DEBUG: instCount=16100000, PC=0x10033a66, SP=0x20041f58
[K[Body] DEBUG: instCount=16200000, PC=0x1003370e, SP=0x20041f58
[K[Body] DEBUG: instCount=16300000, PC=0x10033efe, SP=0x20041f58
================================================================================
[H================================================================================
                           VIRTUAL CAN NETWORK DASHBOARD                        
================================================================================
Bus Stats | Ticks: 150,000 | Sim/Wall: 0.01x | Effective Rate: 7283 bps
--------------------------------------------------------------------------------
[1;36m[GATEWAY][0m Total TX: 0 | Total RX: 0

[1;36m[ENGINE][0m Total TX: 0 | Total RX: 0

[1;36m[CHASSIS][0m Total TX: 0 | Total RX: 0

[1;36m[BODY][0m Total TX: 0 | Total RX: 0

----------------------------------- LOGS ---------------------------------------
[K[Chassis] DEBUG: instCount=17500000, PC=0x10033698, SP=0x20041f00
[K[Chassis] DEBUG: instCount=17600000, PC=0x10033456, SP=0x20041f08
[K[Body] DEBUG: instCount=16400000, PC=0x1003372e, SP=0x20041f58
[K[Body] DEBUG: instCount=16500000, PC=0x100344e2, SP=0x20041f30
[K[Body] DEBUG: instCount=16600000, PC=0x10032a16, SP=0x20041f00
[K[Body] DEBUG: instCount=16700000, PC=0x100348e6, SP=0x20041efc
[K[Body] DEBUG: instCount=16800000, PC=0x10032a1e, SP=0x20041f00
[K[Body] DEBUG: instCount=16900000, PC=0x20005874, SP=0x20041ee4
[K[Body] DEBUG: instCount=17000000, PC=0x200002a6, SP=0x20041ec8
[K[Body] DEBUG: instCount=17100000, PC=0x10032a36, SP=0x20041f00
[K[Body] DEBUG: instCount=17200000, PC=0x200002ae, SP=0x20041ec8
[K[Body] DEBUG: instCount=17300000, PC=0x20000364, SP=0x20041f00
[K[Body] DEBUG: instCount=17400000, PC=0x1003344e, SP=0x20041f08
[K[Body] DEBUG: instCount=17500000, PC=0x10033698, SP=0x20041f00
[K[Body] DEBUG: instCount=17600000, PC=0x10033456, SP=0x20041f08
================================================================================
[H================================================================================
                           VIRTUAL CAN NETWORK DASHBOARD                        
================================================================================
Bus Stats | Ticks: 160,000 | Sim/Wall: 0.01x | Effective Rate: 7426 bps
--------------------------------------------------------------------------------
[1;36m[GATEWAY][0m Total TX: 0 | Total RX: 0

[1;36m[ENGINE][0m Total TX: 0 | Total RX: 0

[1;36m[CHASSIS][0m Total TX: 0 | Total RX: 0

[1;36m[BODY][0m Total TX: 0 | Total RX: 0

----------------------------------- LOGS ---------------------------------------
[K[Chassis] DEBUG: instCount=18600000, PC=0x1002de76, SP=0x20041f38
[K[Chassis] DEBUG: instCount=18700000, PC=0x1002dbac, SP=0x20041f10
[K[Chassis] DEBUG: instCount=18800000, PC=0x1002de7e, SP=0x20041f38
[K[Body] DEBUG: instCount=17700000, PC=0x100334f2, SP=0x20041ed8
[K[Body] DEBUG: instCount=17800000, PC=0x1003360a, SP=0x20041ee8
[K[Body] DEBUG: instCount=17900000, PC=0x1003398a, SP=0x20041f10
[K[Body] DEBUG: instCount=18000000, PC=0x10033612, SP=0x20041ee8
[K[Body] DEBUG: instCount=18100000, PC=0x10033a5e, SP=0x20041f58
[K[Body] DEBUG: instCount=18200000, PC=0x10032fbc, SP=0x20041f48
[K[Body] DEBUG: instCount=18300000, PC=0x10033f48, SP=0x20041f58
[K[Body] DEBUG: instCount=18400000, PC=0x10033a66, SP=0x20041f58
[K[Body] DEBUG: instCount=18500000, PC=0x1002e172, SP=0x20041fa0
[K[Body] DEBUG: instCount=18600000, PC=0x1002de76, SP=0x20041f38
[K[Body] DEBUG: instCount=18700000, PC=0x1002dbac, SP=0x20041f10
[K[Body] DEBUG: instCount=18800000, PC=0x1002de7e, SP=0x20041f38
================================================================================
[H================================================================================
                           VIRTUAL CAN NETWORK DASHBOARD                        
================================================================================
Bus Stats | Ticks: 170,000 | Sim/Wall: 0.02x | Effective Rate: 7533 bps
--------------------------------------------------------------------------------
[1;36m[GATEWAY][0m Total TX: 0 | Total RX: 0

[1;36m[ENGINE][0m Total TX: 0 | Total RX: 0

[1;36m[CHASSIS][0m Total TX: 0 | Total RX: 0

[1;36m[BODY][0m Total TX: 0 | Total RX: 0

----------------------------------- LOGS ---------------------------------------
[K[Chassis] DEBUG: instCount=20000000, PC=0x1003330a, SP=0x20041f28
[K[Chassis] DEBUG: instCount=20100000, PC=0x26aa, SP=0x20041f08
[K[Body] DEBUG: instCount=18900000, PC=0x1002dbe8, SP=0x20041f10
[K[Body] DEBUG: instCount=19000000, PC=0x1002e294, SP=0x20041ee0
[K[Body] DEBUG: instCount=19100000, PC=0x1002e2b0, SP=0x20041ee0
[K[Body] DEBUG: instCount=19200000, PC=0x1002e29c, SP=0x20041ee0
[K[Body] DEBUG: instCount=19300000, PC=0x1002e2d0, SP=0x20041ee0
[K[Body] DEBUG: instCount=19400000, PC=0x100331fa, SP=0x20041f28
[K[Body] DEBUG: instCount=19500000, PC=0x100332f2, SP=0x20041f28
[K[Body] DEBUG: instCount=19600000, PC=0x10033202, SP=0x20041f28
[K[Body] DEBUG: instCount=19700000, PC=0x100332f0, SP=0x20041f28
[K[Body] DEBUG: instCount=19800000, PC=0x10033302, SP=0x20041f28
[K[Body] DEBUG: instCount=19900000, PC=0x100336c0, SP=0x20041f18
[K[Body] DEBUG: instCount=20000000, PC=0x1003330a, SP=0x20041f28
[K[Body] DEBUG: instCount=20100000, PC=0x26aa, SP=0x20041f08
================================================================================
[H================================================================================
                           VIRTUAL CAN NETWORK DASHBOARD                        
================================================================================
Bus Stats | Ticks: 180,000 | Sim/Wall: 0.02x | Effective Rate: 7546 bps
--------------------------------------------------------------------------------
[1;36m[GATEWAY][0m Total TX: 0 | Total RX: 0

[1;36m[ENGINE][0m Total TX: 0 | Total RX: 0

[1;36m[CHASSIS][0m Total TX: 0 | Total RX: 0

[1;36m[BODY][0m Total TX: 0 | Total RX: 0

----------------------------------- LOGS ---------------------------------------
[K[Chassis] DEBUG: instCount=21300000, PC=0x1002e498, SP=0x20041f48
[K[Chassis] DEBUG: instCount=21400000, PC=0x1002e03e, SP=0x20041f80
[K[Body] DEBUG: instCount=20200000, PC=0x2000066a, SP=0x20041f08
[K[Body] DEBUG: instCount=20300000, PC=0x10033750, SP=0x20041f08
[K[Body] DEBUG: instCount=20400000, PC=0x200055b0, SP=0x20041f08
[K[Body] DEBUG: instCount=20500000, PC=0x10032fec, SP=0x20041ef0
[K[Body] DEBUG: instCount=20600000, PC=0x2634, SP=0x20041ef0
[K[Body] DEBUG: instCount=20700000, PC=0x2638, SP=0x20041ef0
[K[Body] DEBUG: instCount=20800000, PC=0x2634, SP=0x20041ef0
[K[Body] DEBUG: instCount=20900000, PC=0x10032ffc, SP=0x20041ef0
[K[Body] DEBUG: instCount=21000000, PC=0x1003334a, SP=0x20041f28
[K[Body] DEBUG: instCount=21100000, PC=0x1002df2a, SP=0x20041f68
[K[Body] DEBUG: instCount=21200000, PC=0x1002df12, SP=0x20041f68
[K[Body] DEBUG: instCount=21300000, PC=0x1002e498, SP=0x20041f48
[K[Body] DEBUG: instCount=21400000, PC=0x1002e03e, SP=0x20041f80
================================================================================
[H================================================================================
                           VIRTUAL CAN NETWORK DASHBOARD                        
================================================================================
Bus Stats | Ticks: 190,000 | Sim/Wall: 0.02x | Effective Rate: 7500 bps
--------------------------------------------------------------------------------
[1;36m[GATEWAY][0m Total TX: 0 | Total RX: 0

[1;36m[ENGINE][0m Total TX: 0 | Total RX: 0

[1;36m[CHASSIS][0m Total TX: 0 | Total RX: 0

[1;36m[BODY][0m Total TX: 0 | Total RX: 0

----------------------------------- LOGS ---------------------------------------
[K[Chassis] DEBUG: instCount=22600000, PC=0x100344b6, SP=0x20041f44
[K[Chassis] DEBUG: instCount=22700000, PC=0x100344da, SP=0x20041f30
[K[Body] DEBUG: instCount=21500000, PC=0x1002dad2, SP=0x20041f74
[K[Body] DEBUG: instCount=21600000, PC=0x1002dabe, SP=0x20041f74
[K[Body] DEBUG: instCount=21700000, PC=0x1001e8ce, SP=0x20041f60
[K[Body] DEBUG: instCount=21800000, PC=0x10032d5c, SP=0x20041f40
[K[Body] DEBUG: instCount=21900000, PC=0x10032b70, SP=0x20041f30
[K[Body] DEBUG: instCount=22000000, PC=0x10032fa2, SP=0x20041f48
[K[Body] DEBUG: instCount=22100000, PC=0x264a, SP=0x20041f30
[K[Body] DEBUG: instCount=22200000, PC=0x10032fa6, SP=0x20041f48
[K[Body] DEBUG: instCount=22300000, PC=0x10032fbc, SP=0x20041f48
[K[Body] DEBUG: instCount=22400000, PC=0x10032b22, SP=0x20041f48
[K[Body] DEBUG: instCount=22500000, PC=0x10034926, SP=0x20041f54
[K[Body] DEBUG: instCount=22600000, PC=0x100344b6, SP=0x20041f44
[K[Body] DEBUG: instCount=22700000, PC=0x100344da, SP=0x20041f30
================================================================================
[H================================================================================
                           VIRTUAL CAN NETWORK DASHBOARD                        
================================================================================
Bus Stats | Ticks: 200,000 | Sim/Wall: 0.02x | Effective Rate: 7556 bps
--------------------------------------------------------------------------------
[1;36m[GATEWAY][0m Total TX: 0 | Total RX: 0

[1;36m[ENGINE][0m Total TX: 0 | Total RX: 0

[1;36m[CHASSIS][0m Total TX: 0 | Total RX: 0

[1;36m[BODY][0m Total TX: 0 | Total RX: 0

----------------------------------- LOGS ---------------------------------------
[K[Chassis] DEBUG: instCount=23900000, PC=0x100334ea, SP=0x20041ed8
[K[Chassis] DEBUG: instCount=24000000, PC=0x100334d4, SP=0x20041ed8
[K[Body] DEBUG: instCount=22800000, PC=0x100344ce, SP=0x20041f30
[K[Body] DEBUG: instCount=22900000, PC=0x10034122, SP=0x20041f20
[K[Body] DEBUG: instCount=23000000, PC=0x20000306, SP=0x20041ee8
[K[Body] DEBUG: instCount=23100000, PC=0x2000031a, SP=0x20041ee8
[K[Body] DEBUG: instCount=23200000, PC=0x1002e170, SP=0x20041ee8
[K[Body] DEBUG: instCount=23300000, PC=0x10031b80, SP=0x20041ee4
[K[Body] DEBUG: instCount=23400000, PC=0x10032a3c, SP=0x20041f00
[K[Body] DEBUG: instCount=23500000, PC=0x2000035a, SP=0x20041f00
[K[Body] DEBUG: instCount=23600000, PC=0x10034768, SP=0x20041f00
[K[Body] DEBUG: instCount=23700000, PC=0x10032f7c, SP=0x20041f18
[K[Body] DEBUG: instCount=23800000, PC=0x1003362a, SP=0x20041f00
[K[Body] DEBUG: instCount=23900000, PC=0x100334ea, SP=0x20041ed8
[K[Body] DEBUG: instCount=24000000, PC=0x100334d4, SP=0x20041ed8
================================================================================
[H================================================================================
                           VIRTUAL CAN NETWORK DASHBOARD                        
================================================================================
Bus Stats | Ticks: 210,000 | Sim/Wall: 0.02x | Effective Rate: 7644 bps
--------------------------------------------------------------------------------
[1;36m[GATEWAY][0m Total TX: 0 | Total RX: 0

[1;36m[ENGINE][0m Total TX: 0 | Total RX: 0

[1;36m[CHASSIS][0m Total TX: 0 | Total RX: 0

[1;36m[BODY][0m Total TX: 0 | Total RX: 0

----------------------------------- LOGS ---------------------------------------
[K[Chassis] DEBUG: instCount=25000000, PC=0x1002dbb2, SP=0x20041f10
[K[Chassis] DEBUG: instCount=25100000, PC=0x1002dbe0, SP=0x20041f10
[K[Chassis] DEBUG: instCount=25200000, PC=0x1002dbca, SP=0x20041f10
[K[Body] DEBUG: instCount=24100000, PC=0x1003363a, SP=0x20041ef0
[K[Body] DEBUG: instCount=24200000, PC=0x100344ea, SP=0x20041f30
[K[Body] DEBUG: instCount=24300000, PC=0x10033756, SP=0x20041f58
[K[Body] DEBUG: instCount=24400000, PC=0x10033a52, SP=0x20041f58
[K[Body] DEBUG: instCount=24500000, PC=0x10032b58, SP=0x20041f48
[K[Body] DEBUG: instCount=24600000, PC=0x10029ccc, SP=0x20041fa0
[K[Body] DEBUG: instCount=24700000, PC=0x1002e16a, SP=0x20041fa0
[K[Body] DEBUG: instCount=24800000, PC=0x10018518, SP=0x20041f88
[K[Body] DEBUG: instCount=24900000, PC=0x1002e04c, SP=0x20041f80
[K[Body] DEBUG: instCount=25000000, PC=0x1002dbb2, SP=0x20041f10
[K[Body] DEBUG: instCount=25100000, PC=0x1002dbe0, SP=0x20041f10
[K[Body] DEBUG: instCount=25200000, PC=0x1002dbca, SP=0x20041f10
================================================================================
[H================================================================================
                           VIRTUAL CAN NETWORK DASHBOARD                        
================================================================================
Bus Stats | Ticks: 220,000 | Sim/Wall: 0.02x | Effective Rate: 7633 bps
--------------------------------------------------------------------------------
[1;36m[GATEWAY][0m Total TX: 0 | Total RX: 0

[1;36m[ENGINE][0m Total TX: 0 | Total RX: 0

[1;36m[CHASSIS][0m Total TX: 0 | Total RX: 0

[1;36m[BODY][0m Total TX: 0 | Total RX: 0

----------------------------------- LOGS ---------------------------------------
[K[Chassis] DEBUG: instCount=26400000, PC=0x10026e0c, SP=0x20041fa0
[K[Chassis] DEBUG: instCount=26500000, PC=0x10033750, SP=0x20041f58
[K[Body] DEBUG: instCount=25300000, PC=0x1002dc0a, SP=0x20041f10
[K[Body] DEBUG: instCount=25400000, PC=0x1002e2b6, SP=0x20041ee0
[K[Body] DEBUG: instCount=25500000, PC=0x1002e2c6, SP=0x20041ee0
[K[Body] DEBUG: instCount=25600000, PC=0x1002e176, SP=0x20041ee0
[K[Body] DEBUG: instCount=25700000, PC=0x1002dea4, SP=0x20041f38
[K[Body] DEBUG: instCount=25800000, PC=0x1002e492, SP=0x20041f58
[K[Body] DEBUG: instCount=25900000, PC=0x1002e43e, SP=0x20041f18
[K[Body] DEBUG: instCount=26000000, PC=0x1002e44c, SP=0x20041f28
[K[Body] DEBUG: instCount=26100000, PC=0x1002e48e, SP=0x20041f28
[K[Body] DEBUG: instCount=26200000, PC=0x1001e8c8, SP=0x20041f60
[K[Body] DEBUG: instCount=26300000, PC=0x100337ea, SP=0x20041f50
[K[Body] DEBUG: instCount=26400000, PC=0x10026e0c, SP=0x20041fa0
[K[Body] DEBUG: instCount=26500000, PC=0x10033750, SP=0x20041f58
================================================================================
[H================================================================================
                           VIRTUAL CAN NETWORK DASHBOARD                        
================================================================================
Bus Stats | Ticks: 230,000 | Sim/Wall: 0.02x | Effective Rate: 7514 bps
--------------------------------------------------------------------------------
[1;36m[GATEWAY][0m Total TX: 0 | Total RX: 0

[1;36m[ENGINE][0m Total TX: 0 | Total RX: 0

[1;36m[CHASSIS][0m Total TX: 0 | Total RX: 0

[1;36m[BODY][0m Total TX: 0 | Total RX: 0

----------------------------------- LOGS ---------------------------------------
[K[Chassis] DEBUG: instCount=27700000, PC=0x10033316, SP=0x20041f48
[K[Chassis] DEBUG: instCount=27800000, PC=0x10032fce, SP=0x20041f10
[K[Body] DEBUG: instCount=26600000, PC=0x10032fb6, SP=0x20041f48
[K[Body] DEBUG: instCount=26700000, PC=0x10026e16, SP=0x20041f98
[K[Body] DEBUG: instCount=26800000, PC=0x100336fa, SP=0x20041f58
[K[Body] DEBUG: instCount=26900000, PC=0x10029cd2, SP=0x20041fa0
[K[Body] DEBUG: instCount=27000000, PC=0x100332f0, SP=0x20041f48
[K[Body] DEBUG: instCount=27100000, PC=0x10033346, SP=0x20041f48
[K[Body] DEBUG: instCount=27200000, PC=0x1003320e, SP=0x20041f48
[K[Body] DEBUG: instCount=27300000, PC=0x10033210, SP=0x20041f48
[K[Body] DEBUG: instCount=27400000, PC=0x1003355a, SP=0x20041f28
[K[Body] DEBUG: instCount=27500000, PC=0x1003356e, SP=0x20041f28
[K[Body] DEBUG: instCount=27600000, PC=0x26a4, SP=0x20041f28
[K[Body] DEBUG: instCount=27700000, PC=0x10033316, SP=0x20041f48
[K[Body] DEBUG: instCount=27800000, PC=0x10032fce, SP=0x20041f10
================================================================================
[H================================================================================
                           VIRTUAL CAN NETWORK DASHBOARD                        
================================================================================
Bus Stats | Ticks: 240,000 | Sim/Wall: 0.01x | Effective Rate: 7492 bps
--------------------------------------------------------------------------------
[1;36m[GATEWAY][0m Total TX: 0 | Total RX: 0

[1;36m[ENGINE][0m Total TX: 0 | Total RX: 0

[1;36m[CHASSIS][0m Total TX: 0 | Total RX: 0

[1;36m[BODY][0m Total TX: 0 | Total RX: 0

----------------------------------- LOGS ---------------------------------------
[K[Chassis] DEBUG: instCount=29000000, PC=0x1002e264, SP=0x20041ee0
[K[Chassis] DEBUG: instCount=29100000, PC=0x1002e28e, SP=0x20041ee0
[K[Body] DEBUG: instCount=27900000, PC=0x1003300a, SP=0x20041f10
[K[Body] DEBUG: instCount=28000000, PC=0x10032fe0, SP=0x20041f10
[K[Body] DEBUG: instCount=28100000, PC=0x2638, SP=0x20041f10
[K[Body] DEBUG: instCount=28200000, PC=0x10032b1c, SP=0x20041f10
[K[Body] DEBUG: instCount=28300000, PC=0x100336fa, SP=0x20041f28
[K[Body] DEBUG: instCount=28400000, PC=0x10032ffe, SP=0x20041f10
[K[Body] DEBUG: instCount=28500000, PC=0x1003333c, SP=0x20041f48
[K[Body] DEBUG: instCount=28600000, PC=0x1002de38, SP=0x20041f80
[K[Body] DEBUG: instCount=28700000, PC=0x1002de70, SP=0x20041f38
[K[Body] DEBUG: instCount=28800000, PC=0x1002de5a, SP=0x20041f38
[K[Body] DEBUG: instCount=28900000, PC=0x1002dbac, SP=0x20041f10
[K[Body] DEBUG: instCount=29000000, PC=0x1002e264, SP=0x20041ee0
[K[Body] DEBUG: instCount=29100000, PC=0x1002e28e, SP=0x20041ee0
================================================================================
[H================================================================================
                           VIRTUAL CAN NETWORK DASHBOARD                        
================================================================================
Bus Stats | Ticks: 250,000 | Sim/Wall: 0.02x | Effective Rate: 7552 bps
--------------------------------------------------------------------------------
[1;36m[GATEWAY][0m Total TX: 0 | Total RX: 0

[1;36m[ENGINE][0m Total TX: 0 | Total RX: 0

[1;36m[CHASSIS][0m Total TX: 0 | Total RX: 0

[1;36m[BODY][0m Total TX: 0 | Total RX: 0

----------------------------------- LOGS ---------------------------------------
[K[Chassis] DEBUG: instCount=30300000, PC=0x10032b74, SP=0x20041f30
[K[Chassis] DEBUG: instCount=30400000, PC=0x10032b5a, SP=0x20041f30
[K[Body] DEBUG: instCount=29200000, PC=0x1002e276, SP=0x20041ee0
[K[Body] DEBUG: instCount=29300000, PC=0x1002e2b0, SP=0x20041ee0
[K[Body] DEBUG: instCount=29400000, PC=0x1002deb8, SP=0x20041f38
[K[Body] DEBUG: instCount=29500000, PC=0x1002df2e, SP=0x20041f68
[K[Body] DEBUG: instCount=29600000, PC=0x1002df18, SP=0x20041f68
[K[Body] DEBUG: instCount=29700000, PC=0x1002e4b4, SP=0x20041f58
[K[Body] DEBUG: instCount=29800000, PC=0x1002df62, SP=0x20041f68
[K[Body] DEBUG: instCount=29900000, PC=0x1002e046, SP=0x20041f80
[K[Body] DEBUG: instCount=30000000, PC=0x1002dac2, SP=0x20041f74
[K[Body] DEBUG: instCount=30100000, PC=0x1001e8c2, SP=0x20041f98
[K[Body] DEBUG: instCount=30200000, PC=0x10032f8c, SP=0x20041f48
[K[Body] DEBUG: instCount=30300000, PC=0x10032b74, SP=0x20041f30
[K[Body] DEBUG: instCount=30400000, PC=0x10032b5a, SP=0x20041f30
================================================================================
[H================================================================================
                           VIRTUAL CAN NETWORK DASHBOARD                        
================================================================================
Bus Stats | Ticks: 260,000 | Sim/Wall: 0.01x | Effective Rate: 7492 bps
--------------------------------------------------------------------------------
[1;36m[GATEWAY][0m Total TX: 0 | Total RX: 0

[1;36m[ENGINE][0m Total TX: 0 | Total RX: 0

[1;36m[CHASSIS][0m Total TX: 0 | Total RX: 0

[1;36m[BODY][0m Total TX: 0 | Total RX: 0

----------------------------------- LOGS ---------------------------------------
[K[Chassis] DEBUG: instCount=31600000, PC=0x1002e174, SP=0x20041ee8
[K[Chassis] DEBUG: instCount=31700000, PC=0x10031b74, SP=0x20041ee4
[K[Body] DEBUG: instCount=30500000, PC=0x100329d0, SP=0x20041f30
[K[Body] DEBUG: instCount=30600000, PC=0x2638, SP=0x20041f30
[K[Body] DEBUG: instCount=30700000, PC=0x10033a62, SP=0x20041f58
[K[Body] DEBUG: instCount=30800000, PC=0x10032b2c, SP=0x20041f48
[K[Body] DEBUG: instCount=30900000, PC=0x10033a74, SP=0x20041f58
[K[Body] DEBUG: instCount=31000000, PC=0x10033ef8, SP=0x20041f58
[K[Body] DEBUG: instCount=31100000, PC=0x100344de, SP=0x20041f30
[K[Body] DEBUG: instCount=31200000, PC=0x100344d2, SP=0x20041f30
[K[Body] DEBUG: instCount=31300000, PC=0x10034532, SP=0x20041f30
[K[Body] DEBUG: instCount=31400000, PC=0x100348e0, SP=0x20041f00
[K[Body] DEBUG: instCount=31500000, PC=0x20005870, SP=0x20041ee8
[K[Body] DEBUG: instCount=31600000, PC=0x1002e174, SP=0x20041ee8
[K[Body] DEBUG: instCount=31700000, PC=0x10031b74, SP=0x20041ee4
================================================================================
[H================================================================================
                           VIRTUAL CAN NETWORK DASHBOARD                        
================================================================================
Bus Stats | Ticks: 270,000 | Sim/Wall: 0.01x | Effective Rate: 7490 bps
--------------------------------------------------------------------------------
[1;36m[GATEWAY][0m Total TX: 0 | Total RX: 0

[1;36m[ENGINE][0m Total TX: 0 | Total RX: 0

[1;36m[CHASSIS][0m Total TX: 0 | Total RX: 0

[1;36m[BODY][0m Total TX: 0 | Total RX: 0

----------------------------------- LOGS ---------------------------------------
[K[Chassis] DEBUG: instCount=32700000, PC=0x10033a5a, SP=0x20041f58
[K[Chassis] DEBUG: instCount=32800000, PC=0x10033a56, SP=0x20041f58
[K[Chassis] DEBUG: instCount=32900000, PC=0x10032f98, SP=0x20041f48
[K[Body] DEBUG: instCount=31800000, PC=0x10032a30, SP=0x20041f00
[K[Body] DEBUG: instCount=31900000, PC=0x20000360, SP=0x20041f00
[K[Body] DEBUG: instCount=32000000, PC=0x20000346, SP=0x20041f00
[K[Body] DEBUG: instCount=32100000, PC=0x10032f70, SP=0x20041f18
[K[Body] DEBUG: instCount=32200000, PC=0x10033692, SP=0x20041f00
[K[Body] DEBUG: instCount=32300000, PC=0x100334ee, SP=0x20041ed8
[K[Body] DEBUG: instCount=32400000, PC=0x100334da, SP=0x20041ed8
[K[Body] DEBUG: instCount=32500000, PC=0x10033522, SP=0x20041ed8
[K[Body] DEBUG: instCount=32600000, PC=0x10033460, SP=0x20041f08
[K[Body] DEBUG: instCount=32700000, PC=0x10033a5a, SP=0x20041f58
[K[Body] DEBUG: instCount=32800000, PC=0x10033a56, SP=0x20041f58
[K[Body] DEBUG: instCount=32900000, PC=0x10032f98, SP=0x20041f48
================================================================================
[H================================================================================
                           VIRTUAL CAN NETWORK DASHBOARD                        
================================================================================
Bus Stats | Ticks: 280,000 | Sim/Wall: 0.02x | Effective Rate: 7549 bps
--------------------------------------------------------------------------------
[1;36m[GATEWAY][0m Total TX: 0 | Total RX: 0

[1;36m[ENGINE][0m Total TX: 0 | Total RX: 0

[1;36m[CHASSIS][0m Total TX: 0 | Total RX: 0

[1;36m[BODY][0m Total TX: 0 | Total RX: 0

----------------------------------- LOGS ---------------------------------------
[K[Chassis] DEBUG: instCount=34100000, PC=0x1002de84, SP=0x20041f38
[K[Chassis] DEBUG: instCount=34200000, PC=0x10033210, SP=0x20041f28
[K[Body] DEBUG: instCount=33000000, PC=0x10033a6a, SP=0x20041f58
[K[Body] DEBUG: instCount=33100000, PC=0x1002e16e, SP=0x20041fa0
[K[Body] DEBUG: instCount=33200000, PC=0x10018542, SP=0x20041f88
[K[Body] DEBUG: instCount=33300000, PC=0x1002e032, SP=0x20041f80
[K[Body] DEBUG: instCount=33400000, PC=0x1002dba6, SP=0x20041f10
[K[Body] DEBUG: instCount=33500000, PC=0x1002dbe4, SP=0x20041f10
[K[Body] DEBUG: instCount=33600000, PC=0x1002dbd0, SP=0x20041f10
[K[Body] DEBUG: instCount=33700000, PC=0x1002dbfe, SP=0x20041f10
[K[Body] DEBUG: instCount=33800000, PC=0x1002e2aa, SP=0x20041ee0
[K[Body] DEBUG: instCount=33900000, PC=0x1002e2ca, SP=0x20041ee0
[K[Body] DEBUG: instCount=34000000, PC=0x1002e2da, SP=0x20041ee0
[K[Body] DEBUG: instCount=34100000, PC=0x1002de84, SP=0x20041f38
[K[Body] DEBUG: instCount=34200000, PC=0x10033210, SP=0x20041f28
================================================================================
[H================================================================================
                           VIRTUAL CAN NETWORK DASHBOARD                        
================================================================================
Bus Stats | Ticks: 290,000 | Sim/Wall: 0.02x | Effective Rate: 7624 bps
--------------------------------------------------------------------------------
[1;36m[GATEWAY][0m Total TX: 0 | Total RX: 0

[1;36m[ENGINE][0m Total TX: 0 | Total RX: 0

[1;36m[CHASSIS][0m Total TX: 0 | Total RX: 0

[1;36m[BODY][0m Total TX: 0 | Total RX: 0

----------------------------------- LOGS ---------------------------------------
[K[Chassis] DEBUG: instCount=35400000, PC=0x2632, SP=0x20041ef0
[K[Chassis] DEBUG: instCount=35500000, PC=0x2000067c, SP=0x20041f08
[K[Body] DEBUG: instCount=34300000, PC=0x10033210, SP=0x20041f28
[K[Body] DEBUG: instCount=34400000, PC=0x1003333e, SP=0x20041f28
[K[Body] DEBUG: instCount=34500000, PC=0x1003320c, SP=0x20041f28
[K[Body] DEBUG: instCount=34600000, PC=0x100336a6, SP=0x20041f18
[K[Body] DEBUG: instCount=34700000, PC=0x26a6, SP=0x20041f08
[K[Body] DEBUG: instCount=34800000, PC=0x10033560, SP=0x20041f08
[K[Body] DEBUG: instCount=34900000, PC=0x1003354c, SP=0x20041f08
[K[Body] DEBUG: instCount=35000000, PC=0x1003374a, SP=0x20041f08
[K[Body] DEBUG: instCount=35100000, PC=0x10032fe2, SP=0x20041ef0
[K[Body] DEBUG: instCount=35200000, PC=0x10032d58, SP=0x20041ef0
[K[Body] DEBUG: instCount=35300000, PC=0x1003300a, SP=0x20041ef0
[K[Body] DEBUG: instCount=35400000, PC=0x2632, SP=0x20041ef0
[K[Body] DEBUG: instCount=35500000, PC=0x2000067c, SP=0x20041f08
================================================================================
[H================================================================================
                           VIRTUAL CAN NETWORK DASHBOARD                        
================================================================================
Bus Stats | Ticks: 300,000 | Sim/Wall: 0.02x | Effective Rate: 7575 bps
--------------------------------------------------------------------------------
[1;36m[GATEWAY][0m Total TX: 0 | Total RX: 0

[1;36m[ENGINE][0m Total TX: 0 | Total RX: 0

[1;36m[CHASSIS][0m Total TX: 0 | Total RX: 0

[1;36m[BODY][0m Total TX: 0 | Total RX: 0

----------------------------------- LOGS ---------------------------------------
[K[Chassis] DEBUG: instCount=36700000, PC=0x2634, SP=0x20041f30
[K[Chassis] DEBUG: instCount=36800000, PC=0x2642, SP=0x20041f30
[K[Body] DEBUG: instCount=35600000, PC=0x10033022, SP=0x20041ef0
[K[Body] DEBUG: instCount=35700000, PC=0x100336fa, SP=0x20041f08
[K[Body] DEBUG: instCount=35800000, PC=0x1002df1a, SP=0x20041f68
[K[Body] DEBUG: instCount=35900000, PC=0x1002e49c, SP=0x20041f48
[K[Body] DEBUG: instCount=36000000, PC=0x1002e4b0, SP=0x20041f58
[K[Body] DEBUG: instCount=36100000, PC=0x1002e450, SP=0x20041f28
[K[Body] DEBUG: instCount=36200000, PC=0x1002dac4, SP=0x20041f74
[K[Body] DEBUG: instCount=36300000, PC=0x1001e8d2, SP=0x20041f98
[K[Body] DEBUG: instCount=36400000, PC=0x10029ca2, SP=0x20041fa0
[K[Body] DEBUG: instCount=36500000, PC=0x10026e10, SP=0x20041f98
[K[Body] DEBUG: instCount=36600000, PC=0x10032b5c, SP=0x20041f30
[K[Body] DEBUG: instCount=36700000, PC=0x2634, SP=0x20041f30
[K[Body] DEBUG: instCount=36800000, PC=0x2642, SP=0x20041f30
================================================================================
[H================================================================================
                           VIRTUAL CAN NETWORK DASHBOARD                        
================================================================================
Bus Stats | Ticks: 310,000 | Sim/Wall: 0.02x | Effective Rate: 7586 bps
--------------------------------------------------------------------------------
[1;36m[GATEWAY][0m Total TX: 0 | Total RX: 0

[1;36m[ENGINE][0m Total TX: 0 | Total RX: 0

[1;36m[CHASSIS][0m Total TX: 0 | Total RX: 0

[1;36m[BODY][0m Total TX: 0 | Total RX: 0

----------------------------------- LOGS ---------------------------------------
[K[Chassis] DEBUG: instCount=38000000, PC=0x10031b78, SP=0x20041ee4
[K[Chassis] DEBUG: instCount=38100000, PC=0x20000320, SP=0x20041ee8
[K[Body] DEBUG: instCount=36900000, PC=0x2636, SP=0x20041f30
[K[Body] DEBUG: instCount=37000000, PC=0x10032b20, SP=0x20041f48
[K[Body] DEBUG: instCount=37100000, PC=0x20004d6c, SP=0x20041f50
[K[Body] DEBUG: instCount=37200000, PC=0x10033a78, SP=0x20041f58
[K[Body] DEBUG: instCount=37300000, PC=0x20004d76, SP=0x20041f58
[K[Body] DEBUG: instCount=37400000, PC=0x100344cc, SP=0x20041f30
[K[Body] DEBUG: instCount=37500000, PC=0x10032f74, SP=0x20041f18
[K[Body] DEBUG: instCount=37600000, PC=0x100344e6, SP=0x20041f30
[K[Body] DEBUG: instCount=37700000, PC=0x10032f84, SP=0x20041f18
[K[Body] DEBUG: instCount=37800000, PC=0x1002e16e, SP=0x20041ee8
[K[Body] DEBUG: instCount=37900000, PC=0x10031b8c, SP=0x20041ee8
[K[Body] DEBUG: instCount=38000000, PC=0x10031b78, SP=0x20041ee4
[K[Body] DEBUG: instCount=38100000, PC=0x20000320, SP=0x20041ee8
================================================================================
[H================================================================================
                           VIRTUAL CAN NETWORK DASHBOARD                        
================================================================================
Bus Stats | Ticks: 320,000 | Sim/Wall: 0.02x | Effective Rate: 7618 bps
--------------------------------------------------------------------------------
[1;36m[GATEWAY][0m Total TX: 0 | Total RX: 0

[1;36m[ENGINE][0m Total TX: 0 | Total RX: 0

[1;36m[CHASSIS][0m Total TX: 0 | Total RX: 0

[1;36m[BODY][0m Total TX: 0 | Total RX: 0

----------------------------------- LOGS ---------------------------------------
[K[Chassis] DEBUG: instCount=39100000, PC=0x10032b64, SP=0x20041f30
[K[Chassis] DEBUG: instCount=39200000, PC=0x10032f9c, SP=0x20041f48
[K[Chassis] DEBUG: instCount=39300000, PC=0x10032b74, SP=0x20041f30
[K[Body] DEBUG: instCount=38200000, PC=0x10034766, SP=0x20041efc
[K[Body] DEBUG: instCount=38300000, PC=0x10034144, SP=0x20041f20
[K[Body] DEBUG: instCount=38400000, PC=0x10032f74, SP=0x20041f18
[K[Body] DEBUG: instCount=38500000, PC=0x1003414e, SP=0x20041f20
[K[Body] DEBUG: instCount=38600000, PC=0x100334d2, SP=0x20041ed8
[K[Body] DEBUG: instCount=38700000, PC=0x10033646, SP=0x20041ef0
[K[Body] DEBUG: instCount=38800000, PC=0x10033526, SP=0x20041ed8
[K[Body] DEBUG: instCount=38900000, PC=0x1003367a, SP=0x20041ef0
[K[Body] DEBUG: instCount=39000000, PC=0x10033a50, SP=0x20041f58
[K[Body] DEBUG: instCount=39100000, PC=0x10032b64, SP=0x20041f30
[K[Body] DEBUG: instCount=39200000, PC=0x10032f9c, SP=0x20041f48
[K[Body] DEBUG: instCount=39300000, PC=0x10032b74, SP=0x20041f30
================================================================================
[H================================================================================
                           VIRTUAL CAN NETWORK DASHBOARD                        
================================================================================
Bus Stats | Ticks: 330,000 | Sim/Wall: 0.02x | Effective Rate: 7643 bps
--------------------------------------------------------------------------------
[1;36m[GATEWAY][0m Total TX: 0 | Total RX: 0

[1;36m[ENGINE][0m Total TX: 0 | Total RX: 0

[1;36m[CHASSIS][0m Total TX: 0 | Total RX: 0

[1;36m[BODY][0m Total TX: 0 | Total RX: 0

----------------------------------- LOGS ---------------------------------------
[K[Chassis] DEBUG: instCount=40500000, PC=0x1002dec8, SP=0x20041f38
[K[Chassis] DEBUG: instCount=40600000, PC=0x1002e44a, SP=0x20041f28
[K[Body] DEBUG: instCount=39400000, PC=0x10018516, SP=0x20041f88
[K[Body] DEBUG: instCount=39500000, PC=0x1002e058, SP=0x20041f80
[K[Body] DEBUG: instCount=39600000, PC=0x1002e038, SP=0x20041f80
[K[Body] DEBUG: instCount=39700000, PC=0x1002de3e, SP=0x20041f38
[K[Body] DEBUG: instCount=39800000, PC=0x1002dbc8, SP=0x20041f10
[K[Body] DEBUG: instCount=39900000, PC=0x1002e260, SP=0x20041f10
[K[Body] DEBUG: instCount=40000000, PC=0x1002dc02, SP=0x20041f10
[K[Body] DEBUG: instCount=40100000, PC=0x1002e26a, SP=0x20041ee0
[K[Body] DEBUG: instCount=40200000, PC=0x1002e174, SP=0x20041ee0
[K[Body] DEBUG: instCount=40300000, PC=0x1002deb4, SP=0x20041f38
[K[Body] DEBUG: instCount=40400000, PC=0x1002de9c, SP=0x20041f38
[K[Body] DEBUG: instCount=40500000, PC=0x1002dec8, SP=0x20041f38
[K[Body] DEBUG: instCount=40600000, PC=0x1002e44a, SP=0x20041f28
================================================================================
[H================================================================================
                           VIRTUAL CAN NETWORK DASHBOARD                        
================================================================================
Bus Stats | Ticks: 340,000 | Sim/Wall: 0.02x | Effective Rate: 7681 bps
--------------------------------------------------------------------------------
[1;36m[GATEWAY][0m Total TX: 0 | Total RX: 0

[1;36m[ENGINE][0m Total TX: 0 | Total RX: 0

[1;36m[CHASSIS][0m Total TX: 0 | Total RX: 0

[1;36m[BODY][0m Total TX: 0 | Total RX: 0

----------------------------------- LOGS ---------------------------------------
[K[Chassis] DEBUG: instCount=41800000, PC=0x1003320c, SP=0x20041f48
[K[Chassis] DEBUG: instCount=41900000, PC=0x10033340, SP=0x20041f48
[K[Body] DEBUG: instCount=40700000, PC=0x1002e4be, SP=0x20041f58
[K[Body] DEBUG: instCount=40800000, PC=0x1002e47a, SP=0x20041f28
[K[Body] DEBUG: instCount=40900000, PC=0x1002df6a, SP=0x20041f68
[K[Body] DEBUG: instCount=41000000, PC=0x10029cc8, SP=0x20041fa0
[K[Body] DEBUG: instCount=41100000, PC=0x10033a5e, SP=0x20041f58
[K[Body] DEBUG: instCount=41200000, PC=0x10033746, SP=0x20041f58
[K[Body] DEBUG: instCount=41300000, PC=0x10032f92, SP=0x20041f48
[K[Body] DEBUG: instCount=41400000, PC=0x100336f8, SP=0x20041f58
[K[Body] DEBUG: instCount=41500000, PC=0x1002e172, SP=0x20041fa0
[K[Body] DEBUG: instCount=41600000, PC=0x10018546, SP=0x20041f88
[K[Body] DEBUG: instCount=41700000, PC=0x20005be3, SP=0x20041f78
[K[Body] DEBUG: instCount=41800000, PC=0x1003320c, SP=0x20041f48
[K[Body] DEBUG: instCount=41900000, PC=0x10033340, SP=0x20041f48
================================================================================
[H================================================================================
                           VIRTUAL CAN NETWORK DASHBOARD                        
================================================================================
Bus Stats | Ticks: 350,000 | Sim/Wall: 0.02x | Effective Rate: 7609 bps
--------------------------------------------------------------------------------
[1;36m[GATEWAY][0m Total TX: 0 | Total RX: 0

[1;36m[ENGINE][0m Total TX: 0 | Total RX: 0

[1;36m[CHASSIS][0m Total TX: 0 | Total RX: 0

[1;36m[BODY][0m Total TX: 0 | Total RX: 0

----------------------------------- LOGS ---------------------------------------
[K[Chassis] DEBUG: instCount=43100000, PC=0x10033214, SP=0x20041f48
[K[Chassis] DEBUG: instCount=43200000, PC=0x1003333c, SP=0x20041f48
[K[Body] DEBUG: instCount=42000000, PC=0x10033208, SP=0x20041f48
[K[Body] DEBUG: instCount=42100000, PC=0x10033208, SP=0x20041f48
[K[Body] DEBUG: instCount=42200000, PC=0x2644, SP=0x20041f28
[K[Body] DEBUG: instCount=42300000, PC=0x10033322, SP=0x20041f48
[K[Body] DEBUG: instCount=42400000, PC=0x100336e2, SP=0x20041f38
[K[Body] DEBUG: instCount=42500000, PC=0x1003332c, SP=0x20041f48
[K[Body] DEBUG: instCount=42600000, PC=0x10032fde, SP=0x20041f10
[K[Body] DEBUG: instCount=42700000, PC=0x2634, SP=0x20041f10
[K[Body] DEBUG: instCount=42800000, PC=0x2638, SP=0x20041f10
[K[Body] DEBUG: instCount=42900000, PC=0x2636, SP=0x20041f10
[K[Body] DEBUG: instCount=43000000, PC=0x10032b4c, SP=0x20041f10
[K[Body] DEBUG: instCount=43100000, PC=0x10033214, SP=0x20041f48
[K[Body] DEBUG: instCount=43200000, PC=0x1003333c, SP=0x20041f48
================================================================================
[H================================================================================
                           VIRTUAL CAN NETWORK DASHBOARD                        
================================================================================
Bus Stats | Ticks: 360,000 | Sim/Wall: 0.02x | Effective Rate: 7615 bps
--------------------------------------------------------------------------------
[1;36m[GATEWAY][0m Total TX: 0 | Total RX: 0

[1;36m[ENGINE][0m Total TX: 0 | Total RX: 0

[1;36m[CHASSIS][0m Total TX: 0 | Total RX: 0

[1;36m[BODY][0m Total TX: 0 | Total RX: 0

----------------------------------- LOGS ---------------------------------------
[K[Chassis] DEBUG: instCount=44400000, PC=0x1002e4b4, SP=0x20041f58
[K[Chassis] DEBUG: instCount=44500000, PC=0x1002e444, SP=0x20041f28
[K[Body] DEBUG: instCount=43300000, PC=0x10033216, SP=0x20041f48
[K[Body] DEBUG: instCount=43400000, PC=0x1002de4e, SP=0x20041f38
[K[Body] DEBUG: instCount=43500000, PC=0x1002dbc0, SP=0x20041f10
[K[Body] DEBUG: instCount=43600000, PC=0x1002dbac, SP=0x20041f10
[K[Body] DEBUG: instCount=43700000, PC=0x1002dbc2, SP=0x20041f10
[K[Body] DEBUG: instCount=43800000, PC=0x1002e176, SP=0x20041ee0
[K[Body] DEBUG: instCount=43900000, PC=0x1002e16c, SP=0x20041ee0
[K[Body] DEBUG: instCount=44000000, PC=0x1002e2b0, SP=0x20041ee0
[K[Body] DEBUG: instCount=44100000, PC=0x1002e16e, SP=0x20041ee0
[K[Body] DEBUG: instCount=44200000, PC=0x1002df0c, SP=0x20041f80
[K[Body] DEBUG: instCount=44300000, PC=0x1002e442, SP=0x20041f28
[K[Body] DEBUG: instCount=44400000, PC=0x1002e4b4, SP=0x20041f58
[K[Body] DEBUG: instCount=44500000, PC=0x1002e444, SP=0x20041f28
================================================================================
[H================================================================================
                           VIRTUAL CAN NETWORK DASHBOARD                        
================================================================================
Bus Stats | Ticks: 370,000 | Sim/Wall: 0.02x | Effective Rate: 7640 bps
--------------------------------------------------------------------------------
[1;36m[GATEWAY][0m Total TX: 0 | Total RX: 0

[1;36m[ENGINE][0m Total TX: 0 | Total RX: 0

[1;36m[CHASSIS][0m Total TX: 0 | Total RX: 0

[1;36m[BODY][0m Total TX: 0 | Total RX: 0

----------------------------------- LOGS ---------------------------------------
[K[Chassis] DEBUG: instCount=45500000, PC=0x20004d70, SP=0x20041f50
[K[Chassis] DEBUG: instCount=45600000, PC=0x10034922, SP=0x20041f54
[K[Chassis] DEBUG: instCount=45700000, PC=0x20004d6a, SP=0x20041f50
[K[Body] DEBUG: instCount=44600000, PC=0x1002dab8, SP=0x20041f74
[K[Body] DEBUG: instCount=44700000, PC=0x10029ca8, SP=0x20041fa0
[K[Body] DEBUG: instCount=44800000, PC=0x1001e8c2, SP=0x20041f98
[K[Body] DEBUG: instCount=44900000, PC=0x10029cc2, SP=0x20041fa0
[K[Body] DEBUG: instCount=45000000, PC=0x10032f9c, SP=0x20041f48
[K[Body] DEBUG: instCount=45100000, PC=0x2638, SP=0x20041f30
[K[Body] DEBUG: instCount=45200000, PC=0x2646, SP=0x20041f30
[K[Body] DEBUG: instCount=45300000, PC=0x2632, SP=0x20041f30
[K[Body] DEBUG: instCount=45400000, PC=0x10032fb0, SP=0x20041f48
[K[Body] DEBUG: instCount=45500000, PC=0x20004d70, SP=0x20041f50
[K[Body] DEBUG: instCount=45600000, PC=0x10034922, SP=0x20041f54
[K[Body] DEBUG: instCount=45700000, PC=0x20004d6a, SP=0x20041f50
================================================================================
[H================================================================================
                           VIRTUAL CAN NETWORK DASHBOARD                        
================================================================================
Bus Stats | Ticks: 380,000 | Sim/Wall: 0.02x | Effective Rate: 7586 bps
--------------------------------------------------------------------------------
[1;36m[GATEWAY][0m Total TX: 0 | Total RX: 0

[1;36m[ENGINE][0m Total TX: 0 | Total RX: 0

[1;36m[CHASSIS][0m Total TX: 0 | Total RX: 0

[1;36m[BODY][0m Total TX: 0 | Total RX: 0

----------------------------------- LOGS ---------------------------------------
[K[Chassis] DEBUG: instCount=46900000, PC=0x10034142, SP=0x20041f20
[K[Chassis] DEBUG: instCount=47000000, PC=0x10033634, SP=0x20041ef0
[K[Body] DEBUG: instCount=45800000, PC=0x100344c0, SP=0x20041f30
[K[Body] DEBUG: instCount=45900000, PC=0x10032f78, SP=0x20041f18
[K[Body] DEBUG: instCount=46000000, PC=0x1003411e, SP=0x20041f20
[K[Body] DEBUG: instCount=46100000, PC=0x10032f72, SP=0x20041f18
[K[Body] DEBUG: instCount=46200000, PC=0x20005304, SP=0x20041ee4
[K[Body] DEBUG: instCount=46300000, PC=0x10031b90, SP=0x20041ee8
[K[Body] DEBUG: instCount=46400000, PC=0x10031b7c, SP=0x20041ee4
[K[Body] DEBUG: instCount=46500000, PC=0x10031b8a, SP=0x20041ee8
[K[Body] DEBUG: instCount=46600000, PC=0x10032a46, SP=0x20041f00
[K[Body] DEBUG: instCount=46700000, PC=0x10034148, SP=0x20041f20
[K[Body] DEBUG: instCount=46800000, PC=0x10032f78, SP=0x20041f18
[K[Body] DEBUG: instCount=46900000, PC=0x10034142, SP=0x20041f20
[K[Body] DEBUG: instCount=47000000, PC=0x10033634, SP=0x20041ef0
================================================================================
[H================================================================================
                           VIRTUAL CAN NETWORK DASHBOARD                        
================================================================================
Bus Stats | Ticks: 390,000 | Sim/Wall: 0.02x | Effective Rate: 7565 bps
--------------------------------------------------------------------------------
[1;36m[GATEWAY][0m Total TX: 0 | Total RX: 0

[1;36m[ENGINE][0m Total TX: 0 | Total RX: 0

[1;36m[CHASSIS][0m Total TX: 0 | Total RX: 0

[1;36m[BODY][0m Total TX: 0 | Total RX: 0

----------------------------------- LOGS ---------------------------------------
[K[Chassis] DEBUG: instCount=48200000, PC=0x1002dbbc, SP=0x20041f10
[K[Chassis] DEBUG: instCount=48300000, PC=0x1002e264, SP=0x20041ee0
[K[Body] DEBUG: instCount=47100000, PC=0x10033674, SP=0x20041ef0
[K[Body] DEBUG: instCount=47200000, PC=0x1003352c, SP=0x20041ed8
[K[Body] DEBUG: instCount=47300000, PC=0x10033644, SP=0x20041ef0
[K[Body] DEBUG: instCount=47400000, PC=0x100344fc, SP=0x20041f30
[K[Body] DEBUG: instCount=47500000, PC=0x10032b68, SP=0x20041f30
[K[Body] DEBUG: instCount=47600000, PC=0x10032fa0, SP=0x20041f48
[K[Body] DEBUG: instCount=47700000, PC=0x10032b62, SP=0x20041f30
[K[Body] DEBUG: instCount=47800000, PC=0x1001850a, SP=0x20041f88
[K[Body] DEBUG: instCount=47900000, PC=0x1002de38, SP=0x20041f80
[K[Body] DEBUG: instCount=48000000, PC=0x1002e03c, SP=0x20041f80
[K[Body] DEBUG: instCount=48100000, PC=0x1002e056, SP=0x20041f80
[K[Body] DEBUG: instCount=48200000, PC=0x1002dbbc, SP=0x20041f10
[K[Body] DEBUG: instCount=48300000, PC=0x1002e264, SP=0x20041ee0
================================================================================
[H================================================================================
                           VIRTUAL CAN NETWORK DASHBOARD                        
================================================================================
Bus Stats | Ticks: 400,000 | Sim/Wall: 0.02x | Effective Rate: 7551 bps
--------------------------------------------------------------------------------
[1;36m[GATEWAY][0m Total TX: 0 | Total RX: 0

[1;36m[ENGINE][0m Total TX: 0 | Total RX: 0

[1;36m[CHASSIS][0m Total TX: 0 | Total RX: 0

[1;36m[BODY][0m Total TX: 0 | Total RX: 0

----------------------------------- LOGS ---------------------------------------
[K[Chassis] DEBUG: instCount=49500000, PC=0x100336ec, SP=0x20041f18
[K[Chassis] DEBUG: instCount=49600000, PC=0x10033554, SP=0x20041f08
[K[Body] DEBUG: instCount=48400000, PC=0x1002dc06, SP=0x20041f10
[K[Body] DEBUG: instCount=48500000, PC=0x1002dc32, SP=0x20041f10
[K[Body] DEBUG: instCount=48600000, PC=0x1002e168, SP=0x20041ee0
[K[Body] DEBUG: instCount=48700000, PC=0x1002deb8, SP=0x20041f38
[K[Body] DEBUG: instCount=48800000, PC=0x1002dea0, SP=0x20041f38
[K[Body] DEBUG: instCount=48900000, PC=0x1002deb2, SP=0x20041f38
[K[Body] DEBUG: instCount=49000000, PC=0x10033208, SP=0x20041f28
[K[Body] DEBUG: instCount=49100000, PC=0x1003320a, SP=0x20041f28
[K[Body] DEBUG: instCount=49200000, PC=0x100332f0, SP=0x20041f28
[K[Body] DEBUG: instCount=49300000, PC=0x10033346, SP=0x20041f28
[K[Body] DEBUG: instCount=49400000, PC=0x10033538, SP=0x20041f08
[K[Body] DEBUG: instCount=49500000, PC=0x100336ec, SP=0x20041f18
[K[Body] DEBUG: instCount=49600000, PC=0x10033554, SP=0x20041f08
================================================================================
[H================================================================================
                           VIRTUAL CAN NETWORK DASHBOARD                        
================================================================================
Bus Stats | Ticks: 410,000 | Sim/Wall: 0.02x | Effective Rate: 7552 bps
--------------------------------------------------------------------------------
[1;36m[GATEWAY][0m Total TX: 0 | Total RX: 0

[1;36m[ENGINE][0m Total TX: 0 | Total RX: 0

[1;36m[CHASSIS][0m Total TX: 0 | Total RX: 0

[1;36m[BODY][0m Total TX: 0 | Total RX: 0

----------------------------------- LOGS ---------------------------------------
[K[Chassis] DEBUG: instCount=50800000, PC=0x1002e43e, SP=0x20041f18
[K[Chassis] DEBUG: instCount=50900000, PC=0x1002e43e, SP=0x20041f18
[K[Body] DEBUG: instCount=49700000, PC=0x100336de, SP=0x20041f18
[K[Body] DEBUG: instCount=49800000, PC=0x20005332, SP=0x20041f04
[K[Body] DEBUG: instCount=49900000, PC=0x2632, SP=0x20041ef0
[K[Body] DEBUG: instCount=50000000, PC=0x2640, SP=0x20041ef0
[K[Body] DEBUG: instCount=50100000, PC=0x2646, SP=0x20041ef0
[K[Body] DEBUG: instCount=50200000, PC=0x10033018, SP=0x20041ef0
[K[Body] DEBUG: instCount=50300000, PC=0x1003333e, SP=0x20041f28
[K[Body] DEBUG: instCount=50400000, PC=0x10033334, SP=0x20041f28
[K[Body] DEBUG: instCount=50500000, PC=0x10033334, SP=0x20041f28
[K[Body] DEBUG: instCount=50600000, PC=0x1002df4e, SP=0x20041f68
[K[Body] DEBUG: instCount=50700000, PC=0x1002e46a, SP=0x20041f28
[K[Body] DEBUG: instCount=50800000, PC=0x1002e43e, SP=0x20041f18
[K[Body] DEBUG: instCount=50900000, PC=0x1002e43e, SP=0x20041f18
================================================================================
[H================================================================================
                           VIRTUAL CAN NETWORK DASHBOARD                        
================================================================================
Bus Stats | Ticks: 420,000 | Sim/Wall: 0.02x | Effective Rate: 7525 bps
--------------------------------------------------------------------------------
[1;36m[GATEWAY][0m Total TX: 0 | Total RX: 0

[1;36m[ENGINE][0m Total TX: 0 | Total RX: 0

[1;36m[CHASSIS][0m Total TX: 0 | Total RX: 0

[1;36m[BODY][0m Total TX: 0 | Total RX: 0

----------------------------------- LOGS ---------------------------------------
[K[Chassis] DEBUG: instCount=51900000, PC=0x10033eee, SP=0x20041f58
[K[Chassis] DEBUG: instCount=52000000, PC=0x10033ecc, SP=0x20041f58
[K[Chassis] DEBUG: instCount=52100000, PC=0x10033eb8, SP=0x20041f58
[K[Body] DEBUG: instCount=51000000, PC=0x10029cec, SP=0x20041fa0
[K[Body] DEBUG: instCount=51100000, PC=0x10033a4c, SP=0x20041f58
[K[Body] DEBUG: instCount=51200000, PC=0x100337ea, SP=0x20041f50
[K[Body] DEBUG: instCount=51300000, PC=0x100337ea, SP=0x20041f50
[K[Body] DEBUG: instCount=51400000, PC=0x10032b80, SP=0x20041f30
[K[Body] DEBUG: instCount=51500000, PC=0x2632, SP=0x20041f30
[K[Body] DEBUG: instCount=51600000, PC=0x2636, SP=0x20041f30
[K[Body] DEBUG: instCount=51700000, PC=0x2638, SP=0x20041f30
[K[Body] DEBUG: instCount=51800000, PC=0x10032fbc, SP=0x20041f48
[K[Body] DEBUG: instCount=51900000, PC=0x10033eee, SP=0x20041f58
[K[Body] DEBUG: instCount=52000000, PC=0x10033ecc, SP=0x20041f58
[K[Body] DEBUG: instCount=52100000, PC=0x10033eb8, SP=0x20041f58
================================================================================
[H================================================================================
                           VIRTUAL CAN NETWORK DASHBOARD                        
================================================================================
Bus Stats | Ticks: 430,000 | Sim/Wall: 0.02x | Effective Rate: 7511 bps
--------------------------------------------------------------------------------
[1;36m[GATEWAY][0m Total TX: 0 | Total RX: 0

[1;36m[ENGINE][0m Total TX: 0 | Total RX: 0

[1;36m[CHASSIS][0m Total TX: 0 | Total RX: 0

[1;36m[BODY][0m Total TX: 0 | Total RX: 0

----------------------------------- LOGS ---------------------------------------
[K[Chassis] DEBUG: instCount=53300000, PC=0x10033960, SP=0x20041f20
[K[Chassis] DEBUG: instCount=53400000, PC=0x100334ea, SP=0x20041ed8
[K[Body] DEBUG: instCount=52200000, PC=0x100344da, SP=0x20041f30
[K[Body] DEBUG: instCount=52300000, PC=0x10032a0e, SP=0x20041f00
[K[Body] DEBUG: instCount=52400000, PC=0x10033920, SP=0x20041f18
[K[Body] DEBUG: instCount=52500000, PC=0x10032f88, SP=0x20041f18
[K[Body] DEBUG: instCount=52600000, PC=0x2000031a, SP=0x20041ee8
[K[Body] DEBUG: instCount=52700000, PC=0x2000029c, SP=0x20041ec8
[K[Body] DEBUG: instCount=52800000, PC=0x20000286, SP=0x20041ec8
[K[Body] DEBUG: instCount=52900000, PC=0x20000324, SP=0x20041ee8
[K[Body] DEBUG: instCount=53000000, PC=0x2000035a, SP=0x20041f00
[K[Body] DEBUG: instCount=53100000, PC=0x10033446, SP=0x20041f08
[K[Body] DEBUG: instCount=53200000, PC=0x10033974, SP=0x20041f10
[K[Body] DEBUG: instCount=53300000, PC=0x10033960, SP=0x20041f20
[K[Body] DEBUG: instCount=53400000, PC=0x100334ea, SP=0x20041ed8
================================================================================
[H================================================================================
                           VIRTUAL CAN NETWORK DASHBOARD                        
================================================================================
Bus Stats | Ticks: 440,000 | Sim/Wall: 0.02x | Effective Rate: 7500 bps
--------------------------------------------------------------------------------
[1;36m[GATEWAY][0m Total TX: 0 | Total RX: 0

[1;36m[ENGINE][0m Total TX: 0 | Total RX: 0

[1;36m[CHASSIS][0m Total TX: 0 | Total RX: 0

[1;36m[BODY][0m Total TX: 0 | Total RX: 0

----------------------------------- LOGS ---------------------------------------
[K[Chassis] DEBUG: instCount=54600000, PC=0x1002dbe0, SP=0x20041f10
[K[Chassis] DEBUG: instCount=54700000, PC=0x1002e28a, SP=0x20041ee0
[K[Body] DEBUG: instCount=53500000, PC=0x100335ee, SP=0x20041ee8
[K[Body] DEBUG: instCount=53600000, PC=0x100335d6, SP=0x20041ee8
[K[Body] DEBUG: instCount=53700000, PC=0x1003367e, SP=0x20041ef0
[K[Body] DEBUG: instCount=53800000, PC=0x10033756, SP=0x20041f58
[K[Body] DEBUG: instCount=53900000, PC=0x10032b4c, SP=0x20041f48
[K[Body] DEBUG: instCount=54000000, PC=0x10032b1a, SP=0x20041f48
[K[Body] DEBUG: instCount=54100000, PC=0x10032b80, SP=0x20041f30
[K[Body] DEBUG: instCount=54200000, PC=0x1002e16a, SP=0x20041fa0
[K[Body] DEBUG: instCount=54300000, PC=0x1002de6e, SP=0x20041f38
[K[Body] DEBUG: instCount=54400000, PC=0x1002de58, SP=0x20041f38
[K[Body] DEBUG: instCount=54500000, PC=0x1002de42, SP=0x20041f38
[K[Body] DEBUG: instCount=54600000, PC=0x1002dbe0, SP=0x20041f10
[K[Body] DEBUG: instCount=54700000, PC=0x1002e28a, SP=0x20041ee0
================================================================================
[H================================================================================
                           VIRTUAL CAN NETWORK DASHBOARD                        
================================================================================
Bus Stats | Ticks: 450,000 | Sim/Wall: 0.02x | Effective Rate: 7532 bps
--------------------------------------------------------------------------------
[1;36m[GATEWAY][0m Total TX: 0 | Total RX: 0

[1;36m[ENGINE][0m Total TX: 0 | Total RX: 0

[1;36m[CHASSIS][0m Total TX: 0 | Total RX: 0

[1;36m[BODY][0m Total TX: 0 | Total RX: 0

----------------------------------- LOGS ---------------------------------------
[K[Chassis] DEBUG: instCount=55900000, PC=0x10032b72, SP=0x20041f30
[K[Chassis] DEBUG: instCount=56000000, PC=0x10032b58, SP=0x20041f48
[K[Body] DEBUG: instCount=54800000, PC=0x1002e274, SP=0x20041ee0
[K[Body] DEBUG: instCount=54900000, PC=0x1002e16a, SP=0x20041ee0
[K[Body] DEBUG: instCount=55000000, PC=0x1002e2c6, SP=0x20041ee0
[K[Body] DEBUG: instCount=55100000, PC=0x1002df2c, SP=0x20041f68
[K[Body] DEBUG: instCount=55200000, PC=0x1002df14, SP=0x20041f68
[K[Body] DEBUG: instCount=55300000, PC=0x1002de9a, SP=0x20041f6c
[K[Body] DEBUG: instCount=55400000, PC=0x1002e43e, SP=0x20041f18
[K[Body] DEBUG: instCount=55500000, PC=0x1002dad4, SP=0x20041f74
[K[Body] DEBUG: instCount=55600000, PC=0x1002dac0, SP=0x20041f74
[K[Body] DEBUG: instCount=55700000, PC=0x1002e06a, SP=0x20041f80
[K[Body] DEBUG: instCount=55800000, PC=0x100337ea, SP=0x20041f50
[K[Body] DEBUG: instCount=55900000, PC=0x10032b72, SP=0x20041f30
[K[Body] DEBUG: instCount=56000000, PC=0x10032b58, SP=0x20041f48
================================================================================
[H================================================================================
                           VIRTUAL CAN NETWORK DASHBOARD                        
================================================================================
Bus Stats | Ticks: 460,000 | Sim/Wall: 0.02x | Effective Rate: 7538 bps
--------------------------------------------------------------------------------
[1;36m[GATEWAY][0m Total TX: 0 | Total RX: 0

[1;36m[ENGINE][0m Total TX: 0 | Total RX: 0

[1;36m[CHASSIS][0m Total TX: 0 | Total RX: 0

[1;36m[BODY][0m Total TX: 0 | Total RX: 0

----------------------------------- LOGS ---------------------------------------
[K[Chassis] DEBUG: instCount=57200000, PC=0x2000062e, SP=0x20041f28
[K[Chassis] DEBUG: instCount=57300000, PC=0x10034900, SP=0x20041f48
[K[Body] DEBUG: instCount=56100000, PC=0x10032d5a, SP=0x20041f40
[K[Body] DEBUG: instCount=56200000, PC=0x10026e16, SP=0x20041f98
[K[Body] DEBUG: instCount=56300000, PC=0x10033208, SP=0x20041f48
[K[Body] DEBUG: instCount=56400000, PC=0x100331f4, SP=0x20041f48
[K[Body] DEBUG: instCount=56500000, PC=0x100331a8, SP=0x20041f78
[K[Body] DEBUG: instCount=56600000, PC=0x10033346, SP=0x20041f48
[K[Body] DEBUG: instCount=56700000, PC=0x10033310, SP=0x20041f48
[K[Body] DEBUG: instCount=56800000, PC=0x100332fc, SP=0x20041f48
[K[Body] DEBUG: instCount=56900000, PC=0x1003320c, SP=0x20041f48
[K[Body] DEBUG: instCount=57000000, PC=0x1003356e, SP=0x20041f28
[K[Body] DEBUG: instCount=57100000, PC=0x200055b6, SP=0x20041f24
[K[Body] DEBUG: instCount=57200000, PC=0x2000062e, SP=0x20041f28
[K[Body] DEBUG: instCount=57300000, PC=0x10034900, SP=0x20041f48
================================================================================
[H================================================================================
                           VIRTUAL CAN NETWORK DASHBOARD                        
================================================================================
Bus Stats | Ticks: 470,000 | Sim/Wall: 0.02x | Effective Rate: 7547 bps
--------------------------------------------------------------------------------
[1;36m[GATEWAY][0m Total TX: 0 | Total RX: 0

[1;36m[ENGINE][0m Total TX: 0 | Total RX: 0

[1;36m[CHASSIS][0m Total TX: 0 | Total RX: 0

[1;36m[BODY][0m Total TX: 0 | Total RX: 0

----------------------------------- LOGS ---------------------------------------
[K[Chassis] DEBUG: instCount=58400000, PC=0x1002dbe4, SP=0x20041f10
[K[Chassis] DEBUG: instCount=58500000, PC=0x1002dbd0, SP=0x20041f10
[K[Chassis] DEBUG: instCount=58600000, PC=0x1002e284, SP=0x20041ee0
[K[Body] DEBUG: instCount=57400000, PC=0x10033002, SP=0x20041f10
[K[Body] DEBUG: instCount=57500000, PC=0x2632, SP=0x20041f10
[K[Body] DEBUG: instCount=57600000, PC=0x2636, SP=0x20041f10
[K[Body] DEBUG: instCount=57700000, PC=0x2632, SP=0x20041f10
[K[Body] DEBUG: instCount=57800000, PC=0x20005504, SP=0x20041f24
[K[Body] DEBUG: instCount=57900000, PC=0x10029cd8, SP=0x20041fa0
[K[Body] DEBUG: instCount=58000000, PC=0x1003334c, SP=0x20041f64
[K[Body] DEBUG: instCount=58100000, PC=0x10033286, SP=0x20041f48
[K[Body] DEBUG: instCount=58200000, PC=0x1002de68, SP=0x20041f38
[K[Body] DEBUG: instCount=58300000, PC=0x1002dbf0, SP=0x20041f10
[K[Body] DEBUG: instCount=58400000, PC=0x1002dbe4, SP=0x20041f10
[K[Body] DEBUG: instCount=58500000, PC=0x1002dbd0, SP=0x20041f10
================================================================================
[H================================================================================
                           VIRTUAL CAN NETWORK DASHBOARD                        
================================================================================
Bus Stats | Ticks: 480,000 | Sim/Wall: 0.02x | Effective Rate: 7524 bps
--------------------------------------------------------------------------------
[1;36m[GATEWAY][0m Total TX: 0 | Total RX: 0

[1;36m[ENGINE][0m Total TX: 0 | Total RX: 0

[1;36m[CHASSIS][0m Total TX: 0 | Total RX: 0

[1;36m[BODY][0m Total TX: 0 | Total RX: 0

----------------------------------- LOGS ---------------------------------------
[K[Chassis] DEBUG: instCount=59700000, PC=0x10026e10, SP=0x20041f98
[K[Chassis] DEBUG: instCount=59800000, PC=0x10032b66, SP=0x20041f30
[K[Body] DEBUG: instCount=58600000, PC=0x1002e284, SP=0x20041ee0
[K[Body] DEBUG: instCount=58700000, PC=0x1002dc48, SP=0x20041f10
[K[Body] DEBUG: instCount=58800000, PC=0x1002e2ca, SP=0x20041ee0
[K[Body] DEBUG: instCount=58900000, PC=0x1002e2da, SP=0x20041ee0
[K[Body] DEBUG: instCount=59000000, PC=0x1002df26, SP=0x20041f68
[K[Body] DEBUG: instCount=59100000, PC=0x1002e466, SP=0x20041f28
[K[Body] DEBUG: instCount=59200000, PC=0x1002e45a, SP=0x20041f28
[K[Body] DEBUG: instCount=59300000, PC=0x1002e450, SP=0x20041f28
[K[Body] DEBUG: instCount=59400000, PC=0x1002dace, SP=0x20041f74
[K[Body] DEBUG: instCount=59500000, PC=0x10033a46, SP=0x20041f58
[K[Body] DEBUG: instCount=59600000, PC=0x100337ee, SP=0x20041f50
[K[Body] DEBUG: instCount=59700000, PC=0x10026e10, SP=0x20041f98
[K[Body] DEBUG: instCount=59800000, PC=0x10032b66, SP=0x20041f30
================================================================================
[H================================================================================
                           VIRTUAL CAN NETWORK DASHBOARD                        
================================================================================
Bus Stats | Ticks: 490,000 | Sim/Wall: 0.02x | Effective Rate: 7525 bps
--------------------------------------------------------------------------------
[1;36m[GATEWAY][0m Total TX: 0 | Total RX: 0

[1;36m[ENGINE][0m Total TX: 0 | Total RX: 0

[1;36m[CHASSIS][0m Total TX: 0 | Total RX: 0

[1;36m[BODY][0m Total TX: 0 | Total RX: 0

----------------------------------- LOGS ---------------------------------------
[K[Chassis] DEBUG: instCount=61000000, PC=0x2000030e, SP=0x20041ee8
[K[Chassis] DEBUG: instCount=61100000, PC=0x2000028e, SP=0x20041ec8
[K[Body] DEBUG: instCount=59900000, PC=0x2636, SP=0x20041f30
[K[Body] DEBUG: instCount=60000000, PC=0x2632, SP=0x20041f30
[K[Body] DEBUG: instCount=60100000, PC=0x2636, SP=0x20041f30
[K[Body] DEBUG: instCount=60200000, PC=0x10032fb6, SP=0x20041f48
[K[Body] DEBUG: instCount=60300000, PC=0x10033ed4, SP=0x20041f58
[K[Body] DEBUG: instCount=60400000, PC=0x10033ed0, SP=0x20041f58
[K[Body] DEBUG: instCount=60500000, PC=0x10033ebc, SP=0x20041f58
[K[Body] DEBUG: instCount=60600000, PC=0x1003302a, SP=0x20041f30
[K[Body] DEBUG: instCount=60700000, PC=0x10033928, SP=0x20041f18
[K[Body] DEBUG: instCount=60800000, PC=0x10033924, SP=0x20041f18
[K[Body] DEBUG: instCount=60900000, PC=0x1003412c, SP=0x20041f20
[K[Body] DEBUG: instCount=61000000, PC=0x2000030e, SP=0x20041ee8
[K[Body] DEBUG: instCount=61100000, PC=0x2000028e, SP=0x20041ec8
================================================================================
[H================================================================================
                           VIRTUAL CAN NETWORK DASHBOARD                        
================================================================================
Bus Stats | Ticks: 500,000 | Sim/Wall: 0.01x | Effective Rate: 7469 bps
--------------------------------------------------------------------------------
[1;36m[GATEWAY][0m Total TX: 0 | Total RX: 0

[1;36m[ENGINE][0m Total TX: 0 | Total RX: 0

[1;36m[CHASSIS][0m Total TX: 0 | Total RX: 0

[1;36m[BODY][0m Total TX: 0 | Total RX: 0

----------------------------------- LOGS ---------------------------------------
[K[Chassis] DEBUG: instCount=62300000, PC=0x10032b22, SP=0x20041f48
[K[Chassis] DEBUG: instCount=62400000, PC=0x10032b1e, SP=0x20041f48
[K[Body] DEBUG: instCount=61200000, PC=0x2000028a, SP=0x20041ec8
[K[Body] DEBUG: instCount=61300000, PC=0x20000328, SP=0x20041ee8
[K[Body] DEBUG: instCount=61400000, PC=0x2000034c, SP=0x20041f00
[K[Body] DEBUG: instCount=61500000, PC=0x1003397c, SP=0x20041f10
[K[Body] DEBUG: instCount=61600000, PC=0x10033978, SP=0x20041f10
[K[Body] DEBUG: instCount=61700000, PC=0x10033964, SP=0x20041f10
[K[Body] DEBUG: instCount=61800000, PC=0x100334de, SP=0x20041ed8
[K[Body] DEBUG: instCount=61900000, PC=0x100335e2, SP=0x20041ee8
[K[Body] DEBUG: instCount=62000000, PC=0x100335de, SP=0x20041ee8
[K[Body] DEBUG: instCount=62100000, PC=0x10033666, SP=0x20041ef0
[K[Body] DEBUG: instCount=62200000, PC=0x10033746, SP=0x20041f58
[K[Body] DEBUG: instCount=62300000, PC=0x10032b22, SP=0x20041f48
[K[Body] DEBUG: instCount=62400000, PC=0x10032b1e, SP=0x20041f48
================================================================================
[H================================================================================
                           VIRTUAL CAN NETWORK DASHBOARD                        
================================================================================
Bus Stats | Ticks: 510,000 | Sim/Wall: 0.02x | Effective Rate: 7505 bps
--------------------------------------------------------------------------------
[1;36m[GATEWAY][0m Total TX: 0 | Total RX: 0

[1;36m[ENGINE][0m Total TX: 0 | Total RX: 0

[1;36m[CHASSIS][0m Total TX: 0 | Total RX: 0

[1;36m[BODY][0m Total TX: 0 | Total RX: 0

----------------------------------- LOGS ---------------------------------------
[K[Chassis] DEBUG: instCount=63600000, PC=0x100331aa, SP=0x20041f58
[K[Chassis] DEBUG: instCount=63700000, PC=0x1002e060, SP=0x20041f80
[K[Body] DEBUG: instCount=62500000, PC=0x10032fa6, SP=0x20041f48
[K[Body] DEBUG: instCount=62600000, PC=0x10018546, SP=0x20041f88
[K[Body] DEBUG: instCount=62700000, PC=0x1002de60, SP=0x20041f38
[K[Body] DEBUG: instCount=62800000, PC=0x1002de5c, SP=0x20041f38
[K[Body] DEBUG: instCount=62900000, PC=0x1002de46, SP=0x20041f38
[K[Body] DEBUG: instCount=63000000, PC=0x1002dbd4, SP=0x20041f10
[K[Body] DEBUG: instCount=63100000, PC=0x1002e27e, SP=0x20041ee0
[K[Body] DEBUG: instCount=63200000, PC=0x1002e278, SP=0x20041ee0
[K[Body] DEBUG: instCount=63300000, PC=0x1002e16e, SP=0x20041ee0
[K[Body] DEBUG: instCount=63400000, PC=0x1002e2de, SP=0x20041ee0
[K[Body] DEBUG: instCount=63500000, PC=0x100331ae, SP=0x20041f44
[K[Body] DEBUG: instCount=63600000, PC=0x100331aa, SP=0x20041f58
[K[Body] DEBUG: instCount=63700000, PC=0x1002e060, SP=0x20041f80
================================================================================
[H================================================================================
                           VIRTUAL CAN NETWORK DASHBOARD                        
================================================================================
Bus Stats | Ticks: 520,000 | Sim/Wall: 0.02x | Effective Rate: 7544 bps
--------------------------------------------------------------------------------
[1;36m[GATEWAY][0m Total TX: 0 | Total RX: 0

[1;36m[ENGINE][0m Total TX: 0 | Total RX: 0

[1;36m[CHASSIS][0m Total TX: 0 | Total RX: 0

[1;36m[BODY][0m Total TX: 0 | Total RX: 0

----------------------------------- LOGS ---------------------------------------
[K[Chassis] DEBUG: instCount=64900000, PC=0x2638, SP=0x20041ef0
[K[Chassis] DEBUG: instCount=65000000, PC=0x10032b2c, SP=0x20041ef0
[K[Body] DEBUG: instCount=63800000, PC=0x10033342, SP=0x20041f28
[K[Body] DEBUG: instCount=63900000, PC=0x10033212, SP=0x20041f28
[K[Body] DEBUG: instCount=64000000, PC=0x1003320e, SP=0x20041f28
[K[Body] DEBUG: instCount=64100000, PC=0x100332f4, SP=0x20041f28
[K[Body] DEBUG: instCount=64200000, PC=0x10033564, SP=0x20041f08
[K[Body] DEBUG: instCount=64300000, PC=0x10034906, SP=0x20041f24
[K[Body] DEBUG: instCount=64400000, PC=0x10034902, SP=0x20041f24
[K[Body] DEBUG: instCount=64500000, PC=0x1003331e, SP=0x20041f28
[K[Body] DEBUG: instCount=64600000, PC=0x10032d5c, SP=0x20041ee8
[K[Body] DEBUG: instCount=64700000, PC=0x2638, SP=0x20041ef0
[K[Body] DEBUG: instCount=64800000, PC=0x2634, SP=0x20041ef0
[K[Body] DEBUG: instCount=64900000, PC=0x2638, SP=0x20041ef0
[K[Body] DEBUG: instCount=65000000, PC=0x10032b2c, SP=0x20041ef0
================================================================================
[H================================================================================
                           VIRTUAL CAN NETWORK DASHBOARD                        
================================================================================
Bus Stats | Ticks: 530,000 | Sim/Wall: 0.02x | Effective Rate: 7547 bps
--------------------------------------------------------------------------------
[1;36m[GATEWAY][0m Total TX: 0 | Total RX: 0

[1;36m[ENGINE][0m Total TX: 0 | Total RX: 0

[1;36m[CHASSIS][0m Total TX: 0 | Total RX: 0

[1;36m[BODY][0m Total TX: 0 | Total RX: 0

----------------------------------- LOGS ---------------------------------------
[K[Chassis] DEBUG: instCount=66000000, PC=0x10033a5e, SP=0x20041f58
[K[Chassis] DEBUG: instCount=66100000, PC=0x10033746, SP=0x20041f58
[K[Chassis] DEBUG: instCount=66200000, PC=0x10032b94, SP=0x20041f30
[K[Body] DEBUG: instCount=65100000, PC=0x10033284, SP=0x20041f28
[K[Body] DEBUG: instCount=65200000, PC=0x10033288, SP=0x20041f28
[K[Body] DEBUG: instCount=65300000, PC=0x1003320a, SP=0x20041f28
[K[Body] DEBUG: instCount=65400000, PC=0x1002e4ac, SP=0x20041f58
[K[Body] DEBUG: instCount=65500000, PC=0x1002e4a4, SP=0x20041f48
[K[Body] DEBUG: instCount=65600000, PC=0x1002e4be, SP=0x20041f58
[K[Body] DEBUG: instCount=65700000, PC=0x1002e47a, SP=0x20041f28
[K[Body] DEBUG: instCount=65800000, PC=0x10029c9e, SP=0x20041fa0
[K[Body] DEBUG: instCount=65900000, PC=0x10033a5a, SP=0x20041f58
[K[Body] DEBUG: instCount=66000000, PC=0x10033a5e, SP=0x20041f58
[K[Body] DEBUG: instCount=66100000, PC=0x10033746, SP=0x20041f58
[K[Body] DEBUG: instCount=66200000, PC=0x10032b94, SP=0x20041f30
================================================================================
[H================================================================================
                           VIRTUAL CAN NETWORK DASHBOARD                        
================================================================================
Bus Stats | Ticks: 540,000 | Sim/Wall: 0.02x | Effective Rate: 7531 bps
--------------------------------------------------------------------------------
[1;36m[GATEWAY][0m Total TX: 0 | Total RX: 0

[1;36m[ENGINE][0m Total TX: 0 | Total RX: 0

[1;36m[CHASSIS][0m Total TX: 0 | Total RX: 0

[1;36m[BODY][0m Total TX: 0 | Total RX: 0

----------------------------------- LOGS ---------------------------------------
[K[Chassis] DEBUG: instCount=67400000, PC=0x10031b6c, SP=0x20041ee8
[K[Chassis] DEBUG: instCount=67500000, PC=0x200002b8, SP=0x20041ec8
[K[Body] DEBUG: instCount=66300000, PC=0x2638, SP=0x20041f30
[K[Body] DEBUG: instCount=66400000, PC=0x263c, SP=0x20041f30
[K[Body] DEBUG: instCount=66500000, PC=0x2638, SP=0x20041f30
[K[Body] DEBUG: instCount=66600000, PC=0x10033a6a, SP=0x20041f58
[K[Body] DEBUG: instCount=66700000, PC=0x10033722, SP=0x20041f58
[K[Body] DEBUG: instCount=66800000, PC=0x10033efc, SP=0x20041f58
[K[Body] DEBUG: instCount=66900000, PC=0x1003372c, SP=0x20041f58
[K[Body] DEBUG: instCount=67000000, PC=0x10032f68, SP=0x20041f30
[K[Body] DEBUG: instCount=67100000, PC=0x10032a24, SP=0x20041f00
[K[Body] DEBUG: instCount=67200000, PC=0x100348e4, SP=0x20041efc
[K[Body] DEBUG: instCount=67300000, PC=0x10032a1c, SP=0x20041f00
[K[Body] DEBUG: instCount=67400000, PC=0x10031b6c, SP=0x20041ee8
[K[Body] DEBUG: instCount=67500000, PC=0x200002b8, SP=0x20041ec8
================================================================================
[H================================================================================
                           VIRTUAL CAN NETWORK DASHBOARD                        
================================================================================
Bus Stats | Ticks: 550,000 | Sim/Wall: 0.02x | Effective Rate: 7513 bps
--------------------------------------------------------------------------------
[1;36m[GATEWAY][0m Total TX: 0 | Total RX: 0

[1;36m[ENGINE][0m Total TX: 0 | Total RX: 0

[1;36m[CHASSIS][0m Total TX: 0 | Total RX: 0

[1;36m[BODY][0m Total TX: 0 | Total RX: 0

----------------------------------- LOGS ---------------------------------------
[K[Chassis] DEBUG: instCount=68700000, PC=0x100336fe, SP=0x20041f58
[K[Chassis] DEBUG: instCount=68800000, PC=0x10033a6e, SP=0x20041f58
[K[Body] DEBUG: instCount=67600000, PC=0x10032a34, SP=0x20041f00
[K[Body] DEBUG: instCount=67700000, PC=0x200002ac, SP=0x20041ec8
[K[Body] DEBUG: instCount=67800000, PC=0x10034138, SP=0x20041f20
[K[Body] DEBUG: instCount=67900000, PC=0x1003345c, SP=0x20041f08
[K[Body] DEBUG: instCount=68000000, PC=0x10033696, SP=0x20041f00
[K[Body] DEBUG: instCount=68100000, PC=0x10033454, SP=0x20041f08
[K[Body] DEBUG: instCount=68200000, PC=0x1003351a, SP=0x20041ed8
[K[Body] DEBUG: instCount=68300000, PC=0x10033618, SP=0x20041ee8
[K[Body] DEBUG: instCount=68400000, PC=0x10033988, SP=0x20041f10
[K[Body] DEBUG: instCount=68500000, PC=0x10033610, SP=0x20041ee8
[K[Body] DEBUG: instCount=68600000, PC=0x10032d5a, SP=0x20041f40
[K[Body] DEBUG: instCount=68700000, PC=0x100336fe, SP=0x20041f58
[K[Body] DEBUG: instCount=68800000, PC=0x10033a6e, SP=0x20041f58
================================================================================
[H================================================================================
                           VIRTUAL CAN NETWORK DASHBOARD                        
================================================================================
Bus Stats | Ticks: 560,000 | Sim/Wall: 0.02x | Effective Rate: 7530 bps
--------------------------------------------------------------------------------
[1;36m[GATEWAY][0m Total TX: 0 | Total RX: 0

[1;36m[ENGINE][0m Total TX: 0 | Total RX: 0

[1;36m[CHASSIS][0m Total TX: 0 | Total RX: 0

[1;36m[BODY][0m Total TX: 0 | Total RX: 0

----------------------------------- LOGS ---------------------------------------
[K[Chassis] DEBUG: instCount=70000000, PC=0x1002e4b2, SP=0x20041f58
[K[Chassis] DEBUG: instCount=70100000, PC=0x1002df56, SP=0x20041f68
[K[Body] DEBUG: instCount=68900000, PC=0x10033a64, SP=0x20041f58
[K[Body] DEBUG: instCount=69000000, PC=0x10029cde, SP=0x20041fa0
[K[Body] DEBUG: instCount=69100000, PC=0x1002db9e, SP=0x20041f24
[K[Body] DEBUG: instCount=69200000, PC=0x1002dbaa, SP=0x20041f10
[K[Body] DEBUG: instCount=69300000, PC=0x1002de7c, SP=0x20041f38
[K[Body] DEBUG: instCount=69400000, PC=0x1002dbf6, SP=0x20041f10
[K[Body] DEBUG: instCount=69500000, PC=0x1002e2a2, SP=0x20041ee0
[K[Body] DEBUG: instCount=69600000, PC=0x1002e2ae, SP=0x20041ee0
[K[Body] DEBUG: instCount=69700000, PC=0x1002e29a, SP=0x20041ee0
[K[Body] DEBUG: instCount=69800000, PC=0x1002dc4e, SP=0x20041f10
[K[Body] DEBUG: instCount=69900000, PC=0x1002e4a6, SP=0x20041f68
[K[Body] DEBUG: instCount=70000000, PC=0x1002e4b2, SP=0x20041f58
[K[Body] DEBUG: instCount=70100000, PC=0x1002df56, SP=0x20041f68
================================================================================
[H================================================================================
                           VIRTUAL CAN NETWORK DASHBOARD                        
================================================================================
Bus Stats | Ticks: 570,000 | Sim/Wall: 0.02x | Effective Rate: 7523 bps
--------------------------------------------------------------------------------
[1;36m[GATEWAY][0m Total TX: 0 | Total RX: 0

[1;36m[ENGINE][0m Total TX: 0 | Total RX: 0

[1;36m[CHASSIS][0m Total TX: 0 | Total RX: 0

[1;36m[BODY][0m Total TX: 0 | Total RX: 0

----------------------------------- LOGS ---------------------------------------
[K[Chassis] DEBUG: instCount=71300000, PC=0x100332f2, SP=0x20041f48
[K[Chassis] DEBUG: instCount=71400000, PC=0x1003333e, SP=0x20041f48
[K[Body] DEBUG: instCount=70200000, PC=0x1002e46c, SP=0x20041f28
[K[Body] DEBUG: instCount=70300000, PC=0x10029c98, SP=0x20041fa0
[K[Body] DEBUG: instCount=70400000, PC=0x1001e8c0, SP=0x20041fa0
[K[Body] DEBUG: instCount=70500000, PC=0x10029bf8, SP=0x20041f90
[K[Body] DEBUG: instCount=70600000, PC=0x10033a4e, SP=0x20041f58
[K[Body] DEBUG: instCount=70700000, PC=0x10032b16, SP=0x20041f48
[K[Body] DEBUG: instCount=70800000, PC=0x10032b22, SP=0x20041f48
[K[Body] DEBUG: instCount=70900000, PC=0x10032faa, SP=0x20041f48
[K[Body] DEBUG: instCount=71000000, PC=0x10018514, SP=0x20041f88
[K[Body] DEBUG: instCount=71100000, PC=0x10033342, SP=0x20041f48
[K[Body] DEBUG: instCount=71200000, PC=0x1003320c, SP=0x20041f48
[K[Body] DEBUG: instCount=71300000, PC=0x100332f2, SP=0x20041f48
[K[Body] DEBUG: instCount=71400000, PC=0x1003333e, SP=0x20041f48
================================================================================
[H================================================================================
                           VIRTUAL CAN NETWORK DASHBOARD                        
================================================================================
Bus Stats | Ticks: 580,000 | Sim/Wall: 0.01x | Effective Rate: 7491 bps
--------------------------------------------------------------------------------
[1;36m[GATEWAY][0m Total TX: 0 | Total RX: 0

[1;36m[ENGINE][0m Total TX: 0 | Total RX: 0

[1;36m[CHASSIS][0m Total TX: 0 | Total RX: 0

[1;36m[BODY][0m Total TX: 0 | Total RX: 0

----------------------------------- LOGS ---------------------------------------
[K[Chassis] DEBUG: instCount=72400000, PC=0x10032b1c, SP=0x20041f10
[K[Chassis] DEBUG: instCount=72500000, PC=0x2638, SP=0x20041f10
[K[Chassis] DEBUG: instCount=72600000, PC=0x10033332, SP=0x20041f48
[K[Body] DEBUG: instCount=71500000, PC=0x10033530, SP=0x20041f38
[K[Body] DEBUG: instCount=71600000, PC=0x1003353e, SP=0x20041f28
[K[Body] DEBUG: instCount=71700000, PC=0x100336c0, SP=0x20041f38
[K[Body] DEBUG: instCount=71800000, PC=0x100336c8, SP=0x20041f38
[K[Body] DEBUG: instCount=71900000, PC=0x20000674, SP=0x20041f28
[K[Body] DEBUG: instCount=72000000, PC=0x20005336, SP=0x20041f24
[K[Body] DEBUG: instCount=72100000, PC=0x10033750, SP=0x20041f28
[K[Body] DEBUG: instCount=72200000, PC=0x100329d0, SP=0x20041f10
[K[Body] DEBUG: instCount=72300000, PC=0x2638, SP=0x20041f10
[K[Body] DEBUG: instCount=72400000, PC=0x10032b1c, SP=0x20041f10
[K[Body] DEBUG: instCount=72500000, PC=0x2638, SP=0x20041f10
[K[Body] DEBUG: instCount=72600000, PC=0x10033332, SP=0x20041f48
================================================================================
[H================================================================================
                           VIRTUAL CAN NETWORK DASHBOARD                        
================================================================================
Bus Stats | Ticks: 590,000 | Sim/Wall: 0.02x | Effective Rate: 7512 bps
--------------------------------------------------------------------------------
[1;36m[GATEWAY][0m Total TX: 0 | Total RX: 0

[1;36m[ENGINE][0m Total TX: 0 | Total RX: 0

[1;36m[CHASSIS][0m Total TX: 0 | Total RX: 0

[1;36m[BODY][0m Total TX: 0 | Total RX: 0

----------------------------------- LOGS ---------------------------------------
[K[Chassis] DEBUG: instCount=73800000, PC=0x1002df58, SP=0x20041f68
[K[Chassis] DEBUG: instCount=73900000, PC=0x1002e48a, SP=0x20041f28
[K[Body] DEBUG: instCount=72700000, PC=0x1002e03c, SP=0x20041f80
[K[Body] DEBUG: instCount=72800000, PC=0x1002de38, SP=0x20041f80
[K[Body] DEBUG: instCount=72900000, PC=0x1002e03c, SP=0x20041f80
[K[Body] DEBUG: instCount=73000000, PC=0x1002de7e, SP=0x20041f38
[K[Body] DEBUG: instCount=73100000, PC=0x1002dc06, SP=0x20041f10
[K[Body] DEBUG: instCount=73200000, PC=0x1002e264, SP=0x20041ee0
[K[Body] DEBUG: instCount=73300000, PC=0x1002dc06, SP=0x20041f10
[K[Body] DEBUG: instCount=73400000, PC=0x1002e29c, SP=0x20041ee0
[K[Body] DEBUG: instCount=73500000, PC=0x1002dea0, SP=0x20041f38
[K[Body] DEBUG: instCount=73600000, PC=0x1002deb8, SP=0x20041f38
[K[Body] DEBUG: instCount=73700000, PC=0x1002dea0, SP=0x20041f38
[K[Body] DEBUG: instCount=73800000, PC=0x1002df58, SP=0x20041f68
[K[Body] DEBUG: instCount=73900000, PC=0x1002e48a, SP=0x20041f28
================================================================================
[H================================================================================
                           VIRTUAL CAN NETWORK DASHBOARD                        
================================================================================
Bus Stats | Ticks: 600,000 | Sim/Wall: 0.02x | Effective Rate: 7513 bps
--------------------------------------------------------------------------------
[1;36m[GATEWAY][0m Total TX: 0 | Total RX: 0

[1;36m[ENGINE][0m Total TX: 0 | Total RX: 0

[1;36m[CHASSIS][0m Total TX: 0 | Total RX: 0

[1;36m[BODY][0m Total TX: 0 | Total RX: 0

----------------------------------- LOGS ---------------------------------------
[K[Chassis] DEBUG: instCount=75100000, PC=0x10033728, SP=0x20041f58
[K[Chassis] DEBUG: instCount=75200000, PC=0x10033f00, SP=0x20041f58
[K[Body] DEBUG: instCount=74000000, PC=0x1002df62, SP=0x20041f68
[K[Body] DEBUG: instCount=74100000, PC=0x1002e48a, SP=0x20041f28
[K[Body] DEBUG: instCount=74200000, PC=0x10029bfa, SP=0x20041f90
[K[Body] DEBUG: instCount=74300000, PC=0x1003374c, SP=0x20041f58
[K[Body] DEBUG: instCount=74400000, PC=0x10032f8c, SP=0x20041f48
[K[Body] DEBUG: instCount=74500000, PC=0x1003374c, SP=0x20041f58
[K[Body] DEBUG: instCount=74600000, PC=0x10032b88, SP=0x20041f30
[K[Body] DEBUG: instCount=74700000, PC=0x2634, SP=0x20041f30
[K[Body] DEBUG: instCount=74800000, PC=0x10032b9c, SP=0x20041f30
[K[Body] DEBUG: instCount=74900000, PC=0x2634, SP=0x20041f30
[K[Body] DEBUG: instCount=75000000, PC=0x100336f8, SP=0x20041f58
[K[Body] DEBUG: instCount=75100000, PC=0x10033728, SP=0x20041f58
[K[Body] DEBUG: instCount=75200000, PC=0x10033f00, SP=0x20041f58
================================================================================
[H================================================================================
                           VIRTUAL CAN NETWORK DASHBOARD                        
================================================================================
Bus Stats | Ticks: 610,000 | Sim/Wall: 0.01x | Effective Rate: 7489 bps
--------------------------------------------------------------------------------
[1;36m[GATEWAY][0m Total TX: 0 | Total RX: 0

[1;36m[ENGINE][0m Total TX: 0 | Total RX: 0

[1;36m[CHASSIS][0m Total TX: 0 | Total RX: 0

[1;36m[BODY][0m Total TX: 0 | Total RX: 0

----------------------------------- LOGS ---------------------------------------
[K[Chassis] DEBUG: instCount=76400000, PC=0x1003369a, SP=0x20041f00
[K[Chassis] DEBUG: instCount=76500000, PC=0x10033458, SP=0x20041f08
[K[Body] DEBUG: instCount=75300000, PC=0x10033730, SP=0x20041f58
[K[Body] DEBUG: instCount=75400000, PC=0x1003452a, SP=0x20041f30
[K[Body] DEBUG: instCount=75500000, PC=0x10032a18, SP=0x20041f00
[K[Body] DEBUG: instCount=75600000, PC=0x100348e8, SP=0x20041f00
[K[Body] DEBUG: instCount=75700000, PC=0x10032a20, SP=0x20041f00
[K[Body] DEBUG: instCount=75800000, PC=0x20005876, SP=0x20041ee4
[K[Body] DEBUG: instCount=75900000, PC=0x200002a8, SP=0x20041ec8
[K[Body] DEBUG: instCount=76000000, PC=0x10032a38, SP=0x20041f00
[K[Body] DEBUG: instCount=76100000, PC=0x200002b2, SP=0x20041ec8
[K[Body] DEBUG: instCount=76200000, PC=0x20000368, SP=0x20041f00
[K[Body] DEBUG: instCount=76300000, PC=0x10033450, SP=0x20041f08
[K[Body] DEBUG: instCount=76400000, PC=0x1003369a, SP=0x20041f00
[K[Body] DEBUG: instCount=76500000, PC=0x10033458, SP=0x20041f08
================================================================================
[H================================================================================
                           VIRTUAL CAN NETWORK DASHBOARD                        
================================================================================
Bus Stats | Ticks: 620,000 | Sim/Wall: 0.01x | Effective Rate: 7476 bps
--------------------------------------------------------------------------------
[1;36m[GATEWAY][0m Total TX: 0 | Total RX: 0

[1;36m[ENGINE][0m Total TX: 0 | Total RX: 0

[1;36m[CHASSIS][0m Total TX: 0 | Total RX: 0

[1;36m[BODY][0m Total TX: 0 | Total RX: 0

----------------------------------- LOGS ---------------------------------------
[K[Chassis] DEBUG: instCount=77700000, PC=0x1002de80, SP=0x20041f38
[K[Chassis] DEBUG: instCount=77800000, PC=0x1002dbea, SP=0x20041f10
[K[Body] DEBUG: instCount=76600000, PC=0x100334f4, SP=0x20041ed8
[K[Body] DEBUG: instCount=76700000, PC=0x1003360c, SP=0x20041ee8
[K[Body] DEBUG: instCount=76800000, PC=0x1003399c, SP=0x20041f10
[K[Body] DEBUG: instCount=76900000, PC=0x10033614, SP=0x20041ee8
[K[Body] DEBUG: instCount=77000000, PC=0x10032f8a, SP=0x20041f58
[K[Body] DEBUG: instCount=77100000, PC=0x10032fbe, SP=0x20041f48
[K[Body] DEBUG: instCount=77200000, PC=0x10033f4a, SP=0x20041f84
[K[Body] DEBUG: instCount=77300000, PC=0x100336f8, SP=0x20041f58
[K[Body] DEBUG: instCount=77400000, PC=0x1002e174, SP=0x20041fa0
[K[Body] DEBUG: instCount=77500000, PC=0x1002de78, SP=0x20041f38
[K[Body] DEBUG: instCount=77600000, PC=0x1002dbae, SP=0x20041f10
[K[Body] DEBUG: instCount=77700000, PC=0x1002de80, SP=0x20041f38
[K[Body] DEBUG: instCount=77800000, PC=0x1002dbea, SP=0x20041f10
================================================================================
[H================================================================================
                           VIRTUAL CAN NETWORK DASHBOARD                        
================================================================================
Bus Stats | Ticks: 630,000 | Sim/Wall: 0.01x | Effective Rate: 7465 bps
--------------------------------------------------------------------------------
[1;36m[GATEWAY][0m Total TX: 0 | Total RX: 0

[1;36m[ENGINE][0m Total TX: 0 | Total RX: 0

[1;36m[CHASSIS][0m Total TX: 0 | Total RX: 0

[1;36m[BODY][0m Total TX: 0 | Total RX: 0

----------------------------------- LOGS ---------------------------------------
[K[Chassis] DEBUG: instCount=78800000, PC=0x100336c2, SP=0x20041f18
[K[Chassis] DEBUG: instCount=78900000, PC=0x1003330c, SP=0x20041f28
[K[Chassis] DEBUG: instCount=79000000, PC=0x26ac, SP=0x20041f08
[K[Body] DEBUG: instCount=77900000, PC=0x1002e296, SP=0x20041ee0
[K[Body] DEBUG: instCount=78000000, PC=0x1002e2b2, SP=0x20041ee0
[K[Body] DEBUG: instCount=78100000, PC=0x1002e29e, SP=0x20041ee0
[K[Body] DEBUG: instCount=78200000, PC=0x1002e2d2, SP=0x20041efc
[K[Body] DEBUG: instCount=78300000, PC=0x100331fc, SP=0x20041f28
[K[Body] DEBUG: instCount=78400000, PC=0x100332f4, SP=0x20041f28
[K[Body] DEBUG: instCount=78500000, PC=0x10033204, SP=0x20041f28
[K[Body] DEBUG: instCount=78600000, PC=0x100332f2, SP=0x20041f28
[K[Body] DEBUG: instCount=78700000, PC=0x10033304, SP=0x20041f28
[K[Body] DEBUG: instCount=78800000, PC=0x100336c2, SP=0x20041f18
[K[Body] DEBUG: instCount=78900000, PC=0x1003330c, SP=0x20041f28
[K[Body] DEBUG: instCount=79000000, PC=0x26ac, SP=0x20041f08
================================================================================
[H================================================================================
                           VIRTUAL CAN NETWORK DASHBOARD                        
================================================================================
Bus Stats | Ticks: 640,000 | Sim/Wall: 0.01x | Effective Rate: 7454 bps
--------------------------------------------------------------------------------
[1;36m[GATEWAY][0m Total TX: 0 | Total RX: 0

[1;36m[ENGINE][0m Total TX: 0 | Total RX: 0

[1;36m[CHASSIS][0m Total TX: 0 | Total RX: 0

[1;36m[BODY][0m Total TX: 0 | Total RX: 0

----------------------------------- LOGS ---------------------------------------
[K[Chassis] DEBUG: instCount=80200000, PC=0x1002e49a, SP=0x20041f48
[K[Chassis] DEBUG: instCount=80300000, PC=0x1002e040, SP=0x20041f80
[K[Body] DEBUG: instCount=79100000, PC=0x2000066c, SP=0x20041f08
[K[Body] DEBUG: instCount=79200000, PC=0x10033752, SP=0x20041f08
[K[Body] DEBUG: instCount=79300000, PC=0x200055b2, SP=0x20041f04
[K[Body] DEBUG: instCount=79400000, PC=0x10032fee, SP=0x20041ef0
[K[Body] DEBUG: instCount=79500000, PC=0x2636, SP=0x20041ef0
[K[Body] DEBUG: instCount=79600000, PC=0x263a, SP=0x20041ef0
[K[Body] DEBUG: instCount=79700000, PC=0x2636, SP=0x20041ef0
[K[Body] DEBUG: instCount=79800000, PC=0x10032ffe, SP=0x20041ef0
[K[Body] DEBUG: instCount=79900000, PC=0x1003334c, SP=0x20041f44
[K[Body] DEBUG: instCount=80000000, PC=0x1002df2c, SP=0x20041f68
[K[Body] DEBUG: instCount=80100000, PC=0x1002df14, SP=0x20041f68
[K[Body] DEBUG: instCount=80200000, PC=0x1002e49a, SP=0x20041f48
[K[Body] DEBUG: instCount=80300000, PC=0x1002e040, SP=0x20041f80
================================================================================
[H================================================================================
                           VIRTUAL CAN NETWORK DASHBOARD                        
================================================================================
Bus Stats | Ticks: 650,000 | Sim/Wall: 0.01x | Effective Rate: 7453 bps
--------------------------------------------------------------------------------
[1;36m[GATEWAY][0m Total TX: 0 | Total RX: 0

[1;36m[ENGINE][0m Total TX: 0 | Total RX: 0

[1;36m[CHASSIS][0m Total TX: 0 | Total RX: 0

[1;36m[BODY][0m Total TX: 0 | Total RX: 0

----------------------------------- LOGS ---------------------------------------
[K[Chassis] DEBUG: instCount=81500000, PC=0x100344b8, SP=0x20041f44
[K[Chassis] DEBUG: instCount=81600000, PC=0x100344dc, SP=0x20041f30
[K[Body] DEBUG: instCount=80400000, PC=0x1002dad4, SP=0x20041f74
[K[Body] DEBUG: instCount=80500000, PC=0x1002dac0, SP=0x20041f74
[K[Body] DEBUG: instCount=80600000, PC=0x1001e8d0, SP=0x20041f60
[K[Body] DEBUG: instCount=80700000, PC=0x10032d66, SP=0x20041f40
[K[Body] DEBUG: instCount=80800000, PC=0x10032b72, SP=0x20041f30
[K[Body] DEBUG: instCount=80900000, PC=0x10032b58, SP=0x20041f48
[K[Body] DEBUG: instCount=81000000, PC=0x2632, SP=0x20041f30
[K[Body] DEBUG: instCount=81100000, PC=0x10032fa8, SP=0x20041f48
[K[Body] DEBUG: instCount=81200000, PC=0x10032fbe, SP=0x20041f48
[K[Body] DEBUG: instCount=81300000, PC=0x10032b24, SP=0x20041f48
[K[Body] DEBUG: instCount=81400000, PC=0x10034928, SP=0x20041f58
[K[Body] DEBUG: instCount=81500000, PC=0x100344b8, SP=0x20041f44
[K[Body] DEBUG: instCount=81600000, PC=0x100344dc, SP=0x20041f30
================================================================================
[H================================================================================
                           VIRTUAL CAN NETWORK DASHBOARD                        
================================================================================
Bus Stats | Ticks: 660,000 | Sim/Wall: 0.01x | Effective Rate: 7449 bps
--------------------------------------------------------------------------------
[1;36m[GATEWAY][0m Total TX: 0 | Total RX: 0

[1;36m[ENGINE][0m Total TX: 0 | Total RX: 0

[1;36m[CHASSIS][0m Total TX: 0 | Total RX: 0

[1;36m[BODY][0m Total TX: 0 | Total RX: 0

----------------------------------- LOGS ---------------------------------------
[K[Chassis] DEBUG: instCount=82800000, PC=0x100334ec, SP=0x20041ed8
[K[Chassis] DEBUG: instCount=82900000, PC=0x100334d6, SP=0x20041ed8
[K[Body] DEBUG: instCount=81700000, PC=0x100344d0, SP=0x20041f30
[K[Body] DEBUG: instCount=81800000, PC=0x10034124, SP=0x20041f20
[K[Body] DEBUG: instCount=81900000, PC=0x20000308, SP=0x20041ee8
[K[Body] DEBUG: instCount=82000000, PC=0x2000031c, SP=0x20041ee8
[K[Body] DEBUG: instCount=82100000, PC=0x1002e172, SP=0x20041ee8
[K[Body] DEBUG: instCount=82200000, PC=0x10031b82, SP=0x20041ee4
[K[Body] DEBUG: instCount=82300000, PC=0x10032a3e, SP=0x20041f00
[K[Body] DEBUG: instCount=82400000, PC=0x2000035c, SP=0x20041f00
[K[Body] DEBUG: instCount=82500000, PC=0x20000344, SP=0x20041f00
[K[Body] DEBUG: instCount=82600000, PC=0x10032f84, SP=0x20041f18
[K[Body] DEBUG: instCount=82700000, PC=0x1003362c, SP=0x20041ef0
[K[Body] DEBUG: instCount=82800000, PC=0x100334ec, SP=0x20041ed8
[K[Body] DEBUG: instCount=82900000, PC=0x100334d6, SP=0x20041ed8
================================================================================
[H================================================================================
                           VIRTUAL CAN NETWORK DASHBOARD                        
================================================================================
Bus Stats | Ticks: 670,000 | Sim/Wall: 0.01x | Effective Rate: 7462 bps
--------------------------------------------------------------------------------
[1;36m[GATEWAY][0m Total TX: 0 | Total RX: 0

[1;36m[ENGINE][0m Total TX: 0 | Total RX: 0

[1;36m[CHASSIS][0m Total TX: 0 | Total RX: 0

[1;36m[BODY][0m Total TX: 0 | Total RX: 0

----------------------------------- LOGS ---------------------------------------
[K[Chassis] DEBUG: instCount=84100000, PC=0x1002dbcc, SP=0x20041f10
[K[Chassis] DEBUG: instCount=84200000, PC=0x1002dc0c, SP=0x20041f10
[K[Body] DEBUG: instCount=83000000, PC=0x1003363c, SP=0x20041ef0
[K[Body] DEBUG: instCount=83100000, PC=0x100344f4, SP=0x20041f30
[K[Body] DEBUG: instCount=83200000, PC=0x10033758, SP=0x20041f58
[K[Body] DEBUG: instCount=83300000, PC=0x10033a54, SP=0x20041f58
[K[Body] DEBUG: instCount=83400000, PC=0x10032b5a, SP=0x20041f30
[K[Body] DEBUG: instCount=83500000, PC=0x10029cce, SP=0x20041fa0
[K[Body] DEBUG: instCount=83600000, PC=0x1002e16c, SP=0x20041fa0
[K[Body] DEBUG: instCount=83700000, PC=0x10018540, SP=0x20041f88
[K[Body] DEBUG: instCount=83800000, PC=0x1002e04e, SP=0x20041f80
[K[Body] DEBUG: instCount=83900000, PC=0x1002dbb4, SP=0x20041f10
[K[Body] DEBUG: instCount=84000000, PC=0x1002dbe2, SP=0x20041f10
[K[Body] DEBUG: instCount=84100000, PC=0x1002dbcc, SP=0x20041f10
[K[Body] DEBUG: instCount=84200000, PC=0x1002dc0c, SP=0x20041f10
================================================================================
[H================================================================================
                           VIRTUAL CAN NETWORK DASHBOARD                        
================================================================================
Bus Stats | Ticks: 680,000 | Sim/Wall: 0.01x | Effective Rate: 7451 bps
--------------------------------------------------------------------------------
[1;36m[GATEWAY][0m Total TX: 0 | Total RX: 0

[1;36m[ENGINE][0m Total TX: 0 | Total RX: 0

[1;36m[CHASSIS][0m Total TX: 0 | Total RX: 0

[1;36m[BODY][0m Total TX: 0 | Total RX: 0

----------------------------------- LOGS ---------------------------------------
[K[Chassis] DEBUG: instCount=85200000, PC=0x100337ec, SP=0x20041f50
[K[Chassis] DEBUG: instCount=85300000, PC=0x10026e0e, SP=0x20041fa0
[K[Chassis] DEBUG: instCount=85400000, PC=0x10033752, SP=0x20041f58
[K[Body] DEBUG: instCount=84300000, PC=0x1002e2b8, SP=0x20041ee0
[K[Body] DEBUG: instCount=84400000, PC=0x1002e2c8, SP=0x20041ee0
[K[Body] DEBUG: instCount=84500000, PC=0x1002e2d8, SP=0x20041ee0
[K[Body] DEBUG: instCount=84600000, PC=0x1002dea6, SP=0x20041f38
[K[Body] DEBUG: instCount=84700000, PC=0x1002e494, SP=0x20041f48
[K[Body] DEBUG: instCount=84800000, PC=0x1002e458, SP=0x20041f28
[K[Body] DEBUG: instCount=84900000, PC=0x1002e44e, SP=0x20041f28
[K[Body] DEBUG: instCount=85000000, PC=0x1002e490, SP=0x20041f28
[K[Body] DEBUG: instCount=85100000, PC=0x1001e8ca, SP=0x20041f60
[K[Body] DEBUG: instCount=85200000, PC=0x100337ec, SP=0x20041f50
[K[Body] DEBUG: instCount=85300000, PC=0x10026e0e, SP=0x20041fa0
[K[Body] DEBUG: instCount=85400000, PC=0x10033752, SP=0x20041f58
================================================================================
[H================================================================================
                           VIRTUAL CAN NETWORK DASHBOARD                        
================================================================================
Bus Stats | Ticks: 690,000 | Sim/Wall: 0.01x | Effective Rate: 7442 bps
--------------------------------------------------------------------------------
[1;36m[GATEWAY][0m Total TX: 0 | Total RX: 0

[1;36m[ENGINE][0m Total TX: 0 | Total RX: 0

[1;36m[CHASSIS][0m Total TX: 0 | Total RX: 0

[1;36m[BODY][0m Total TX: 0 | Total RX: 0

----------------------------------- LOGS ---------------------------------------
[K[Chassis] DEBUG: instCount=86600000, PC=0x10033318, SP=0x20041f48
[K[Chassis] DEBUG: instCount=86700000, PC=0x10032fd0, SP=0x20041f10
[K[Body] DEBUG: instCount=85500000, PC=0x10032fb8, SP=0x20041f48
[K[Body] DEBUG: instCount=85600000, PC=0x10029ccc, SP=0x20041fa0
[K[Body] DEBUG: instCount=85700000, PC=0x100336fe, SP=0x20041f58
[K[Body] DEBUG: instCount=85800000, PC=0x1002e168, SP=0x20041fa0
[K[Body] DEBUG: instCount=85900000, PC=0x100332f2, SP=0x20041f48
[K[Body] DEBUG: instCount=86000000, PC=0x10033348, SP=0x20041f48
[K[Body] DEBUG: instCount=86100000, PC=0x10033210, SP=0x20041f48
[K[Body] DEBUG: instCount=86200000, PC=0x10033212, SP=0x20041f48
[K[Body] DEBUG: instCount=86300000, PC=0x1003355c, SP=0x20041f28
[K[Body] DEBUG: instCount=86400000, PC=0x10033570, SP=0x20041f28
[K[Body] DEBUG: instCount=86500000, PC=0x26a6, SP=0x20041f28
[K[Body] DEBUG: instCount=86600000, PC=0x10033318, SP=0x20041f48
[K[Body] DEBUG: instCount=86700000, PC=0x10032fd0, SP=0x20041f10
================================================================================
[H================================================================================
                           VIRTUAL CAN NETWORK DASHBOARD                        
================================================================================
Bus Stats | Ticks: 700,000 | Sim/Wall: 0.01x | Effective Rate: 7437 bps
--------------------------------------------------------------------------------
[1;36m[GATEWAY][0m Total TX: 0 | Total RX: 0

[1;36m[ENGINE][0m Total TX: 0 | Total RX: 0

[1;36m[CHASSIS][0m Total TX: 0 | Total RX: 0

[1;36m[BODY][0m Total TX: 0 | Total RX: 0

----------------------------------- LOGS ---------------------------------------
[K[Chassis] DEBUG: instCount=87900000, PC=0x1002e266, SP=0x20041ee0
[K[Chassis] DEBUG: instCount=88000000, PC=0x1002e290, SP=0x20041ee0
[K[Body] DEBUG: instCount=86800000, PC=0x1003300c, SP=0x20041f10
[K[Body] DEBUG: instCount=86900000, PC=0x10032fe2, SP=0x20041f10
[K[Body] DEBUG: instCount=87000000, PC=0x2632, SP=0x20041f10
[K[Body] DEBUG: instCount=87100000, PC=0x10032b1e, SP=0x20041f10
[K[Body] DEBUG: instCount=87200000, PC=0x100336fe, SP=0x20041f28
[K[Body] DEBUG: instCount=87300000, PC=0x2000067c, SP=0x20041f28
[K[Body] DEBUG: instCount=87400000, PC=0x1003333e, SP=0x20041f48
[K[Body] DEBUG: instCount=87500000, PC=0x1002de3a, SP=0x20041f6c
[K[Body] DEBUG: instCount=87600000, PC=0x1002de72, SP=0x20041f38
[K[Body] DEBUG: instCount=87700000, PC=0x1002de5c, SP=0x20041f38
[K[Body] DEBUG: instCount=87800000, PC=0x1002dbae, SP=0x20041f10
[K[Body] DEBUG: instCount=87900000, PC=0x1002e266, SP=0x20041ee0
[K[Body] DEBUG: instCount=88000000, PC=0x1002e290, SP=0x20041ee0
================================================================================
[H================================================================================
                           VIRTUAL CAN NETWORK DASHBOARD                        
================================================================================
Bus Stats | Ticks: 710,000 | Sim/Wall: 0.01x | Effective Rate: 7463 bps
--------------------------------------------------------------------------------
[1;36m[GATEWAY][0m Total TX: 0 | Total RX: 0

[1;36m[ENGINE][0m Total TX: 0 | Total RX: 0

[1;36m[CHASSIS][0m Total TX: 0 | Total RX: 0

[1;36m[BODY][0m Total TX: 0 | Total RX: 0

----------------------------------- LOGS ---------------------------------------
[K[Chassis] DEBUG: instCount=89200000, PC=0x10032b7e, SP=0x20041f30
[K[Chassis] DEBUG: instCount=89300000, PC=0x10032b5c, SP=0x20041f30
[K[Body] DEBUG: instCount=88100000, PC=0x1002e278, SP=0x20041ee0
[K[Body] DEBUG: instCount=88200000, PC=0x1002e2b2, SP=0x20041ee0
[K[Body] DEBUG: instCount=88300000, PC=0x1002dec4, SP=0x20041f38
[K[Body] DEBUG: instCount=88400000, PC=0x1002df4c, SP=0x20041f68
[K[Body] DEBUG: instCount=88500000, PC=0x1002df1a, SP=0x20041f68
[K[Body] DEBUG: instCount=88600000, PC=0x1002e4b6, SP=0x20041f58
[K[Body] DEBUG: instCount=88700000, PC=0x1002df66, SP=0x20041f68
[K[Body] DEBUG: instCount=88800000, PC=0x1002e048, SP=0x20041f90
[K[Body] DEBUG: instCount=88900000, PC=0x1002dac4, SP=0x20041f74
[K[Body] DEBUG: instCount=89000000, PC=0x1001e8c4, SP=0x20041f98
[K[Body] DEBUG: instCount=89100000, PC=0x10032f8e, SP=0x20041f48
[K[Body] DEBUG: instCount=89200000, PC=0x10032b7e, SP=0x20041f30
[K[Body] DEBUG: instCount=89300000, PC=0x10032b5c, SP=0x20041f30
================================================================================
[H================================================================================
                           VIRTUAL CAN NETWORK DASHBOARD                        
================================================================================
Bus Stats | Ticks: 720,000 | Sim/Wall: 0.01x | Effective Rate: 7453 bps
--------------------------------------------------------------------------------
[1;36m[GATEWAY][0m Total TX: 0 | Total RX: 0

[1;36m[ENGINE][0m Total TX: 0 | Total RX: 0

[1;36m[CHASSIS][0m Total TX: 0 | Total RX: 0

[1;36m[BODY][0m Total TX: 0 | Total RX: 0

----------------------------------- LOGS ---------------------------------------
[K[Chassis] DEBUG: instCount=90500000, PC=0x1002e176, SP=0x20041ee8
[K[Chassis] DEBUG: instCount=90600000, PC=0x10031b76, SP=0x20041ee4
[K[Body] DEBUG: instCount=89400000, PC=0x2640, SP=0x20041f30
[K[Body] DEBUG: instCount=89500000, PC=0x263a, SP=0x20041f30
[K[Body] DEBUG: instCount=89600000, PC=0x10033a64, SP=0x20041f58
[K[Body] DEBUG: instCount=89700000, PC=0x10032fb4, SP=0x20041f48
[K[Body] DEBUG: instCount=89800000, PC=0x10033a76, SP=0x20041f58
[K[Body] DEBUG: instCount=89900000, PC=0x10033efa, SP=0x20041f58
[K[Body] DEBUG: instCount=90000000, PC=0x100344e0, SP=0x20041f30
[K[Body] DEBUG: instCount=90100000, PC=0x100344d4, SP=0x20041f30
[K[Body] DEBUG: instCount=90200000, PC=0x100344e4, SP=0x20041f30
[K[Body] DEBUG: instCount=90300000, PC=0x100348e2, SP=0x20041efc
[K[Body] DEBUG: instCount=90400000, PC=0x20005872, SP=0x20041ee4
[K[Body] DEBUG: instCount=90500000, PC=0x1002e176, SP=0x20041ee8
[K[Body] DEBUG: instCount=90600000, PC=0x10031b76, SP=0x20041ee4
================================================================================
[H================================================================================
                           VIRTUAL CAN NETWORK DASHBOARD                        
================================================================================
Bus Stats | Ticks: 730,000 | Sim/Wall: 0.01x | Effective Rate: 7430 bps
--------------------------------------------------------------------------------
[1;36m[GATEWAY][0m Total TX: 0 | Total RX: 0

[1;36m[ENGINE][0m Total TX: 0 | Total RX: 0

[1;36m[CHASSIS][0m Total TX: 0 | Total RX: 0

[1;36m[BODY][0m Total TX: 0 | Total RX: 0

----------------------------------- LOGS ---------------------------------------
[K[Chassis] DEBUG: instCount=91800000, PC=0x10032f9a, SP=0x20041f48
[K[Chassis] DEBUG: instCount=91900000, PC=0x10033a6c, SP=0x20041f58
[K[Body] DEBUG: instCount=90700000, PC=0x10032a32, SP=0x20041f00
[K[Body] DEBUG: instCount=90800000, PC=0x20000362, SP=0x20041f00
[K[Body] DEBUG: instCount=90900000, PC=0x2000034a, SP=0x20041f00
[K[Body] DEBUG: instCount=91000000, PC=0x10032f72, SP=0x20041f18
[K[Body] DEBUG: instCount=91100000, PC=0x10033694, SP=0x20041f00
[K[Body] DEBUG: instCount=91200000, PC=0x100334f0, SP=0x20041ed8
[K[Body] DEBUG: instCount=91300000, PC=0x100334dc, SP=0x20041ed8
[K[Body] DEBUG: instCount=91400000, PC=0x10033524, SP=0x20041ed8
[K[Body] DEBUG: instCount=91500000, PC=0x10033462, SP=0x20041f08
[K[Body] DEBUG: instCount=91600000, PC=0x10033a5c, SP=0x20041f58
[K[Body] DEBUG: instCount=91700000, PC=0x10033744, SP=0x20041f58
[K[Body] DEBUG: instCount=91800000, PC=0x10032f9a, SP=0x20041f48
[K[Body] DEBUG: instCount=91900000, PC=0x10033a6c, SP=0x20041f58
================================================================================
[H================================================================================
                           VIRTUAL CAN NETWORK DASHBOARD                        
================================================================================
Bus Stats | Ticks: 740,000 | Sim/Wall: 0.01x | Effective Rate: 7446 bps
--------------------------------------------------------------------------------
[1;36m[GATEWAY][0m Total TX: 0 | Total RX: 0

[1;36m[ENGINE][0m Total TX: 0 | Total RX: 0

[1;36m[CHASSIS][0m Total TX: 0 | Total RX: 0

[1;36m[BODY][0m Total TX: 0 | Total RX: 0

----------------------------------- LOGS ---------------------------------------
[K[Chassis] DEBUG: instCount=92900000, PC=0x1002e2dc, SP=0x20041ee0
[K[Chassis] DEBUG: instCount=93000000, PC=0x1002de86, SP=0x20041f38
[K[Chassis] DEBUG: instCount=93100000, PC=0x10033212, SP=0x20041f28
[K[Body] DEBUG: instCount=92000000, PC=0x1002e170, SP=0x20041fa0
[K[Body] DEBUG: instCount=92100000, PC=0x10018544, SP=0x20041f88
[K[Body] DEBUG: instCount=92200000, PC=0x1002e036, SP=0x20041f80
[K[Body] DEBUG: instCount=92300000, PC=0x1002dba8, SP=0x20041f10
[K[Body] DEBUG: instCount=92400000, PC=0x1002dbe6, SP=0x20041f10
[K[Body] DEBUG: instCount=92500000, PC=0x1002dbd2, SP=0x20041f10
[K[Body] DEBUG: instCount=92600000, PC=0x1002dc00, SP=0x20041f10
[K[Body] DEBUG: instCount=92700000, PC=0x1002e2ac, SP=0x20041ee0
[K[Body] DEBUG: instCount=92800000, PC=0x1002e2cc, SP=0x20041ee0
[K[Body] DEBUG: instCount=92900000, PC=0x1002e2dc, SP=0x20041ee0
[K[Body] DEBUG: instCount=93000000, PC=0x1002de86, SP=0x20041f38
[K[Body] DEBUG: instCount=93100000, PC=0x10033212, SP=0x20041f28
================================================================================
[H================================================================================
                           VIRTUAL CAN NETWORK DASHBOARD                        
================================================================================
Bus Stats | Ticks: 750,000 | Sim/Wall: 0.01x | Effective Rate: 7447 bps
--------------------------------------------------------------------------------
[1;36m[GATEWAY][0m Total TX: 0 | Total RX: 0

[1;36m[ENGINE][0m Total TX: 0 | Total RX: 0

[1;36m[CHASSIS][0m Total TX: 0 | Total RX: 0

[1;36m[BODY][0m Total TX: 0 | Total RX: 0

----------------------------------- LOGS ---------------------------------------
[K[Chassis] DEBUG: instCount=94300000, PC=0x2634, SP=0x20041ef0
[K[Chassis] DEBUG: instCount=94400000, PC=0x2000067e, SP=0x20041f08
[K[Body] DEBUG: instCount=93200000, PC=0x10033212, SP=0x20041f28
[K[Body] DEBUG: instCount=93300000, PC=0x10033340, SP=0x20041f28
[K[Body] DEBUG: instCount=93400000, PC=0x1003320e, SP=0x20041f28
[K[Body] DEBUG: instCount=93500000, PC=0x100336a8, SP=0x20041f18
[K[Body] DEBUG: instCount=93600000, PC=0x26a8, SP=0x20041f08
[K[Body] DEBUG: instCount=93700000, PC=0x10033562, SP=0x20041f08
[K[Body] DEBUG: instCount=93800000, PC=0x1003354e, SP=0x20041f08
[K[Body] DEBUG: instCount=93900000, PC=0x1003374c, SP=0x20041f08
[K[Body] DEBUG: instCount=94000000, PC=0x10032fea, SP=0x20041ef0
[K[Body] DEBUG: instCount=94100000, PC=0x10032d5a, SP=0x20041ee8
[K[Body] DEBUG: instCount=94200000, PC=0x1003300c, SP=0x20041ef0
[K[Body] DEBUG: instCount=94300000, PC=0x2634, SP=0x20041ef0
[K[Body] DEBUG: instCount=94400000, PC=0x2000067e, SP=0x20041f08
================================================================================
[H================================================================================
                           VIRTUAL CAN NETWORK DASHBOARD                        
================================================================================
Bus Stats | Ticks: 760,000 | Sim/Wall: 0.01x | Effective Rate: 7448 bps
--------------------------------------------------------------------------------
[1;36m[GATEWAY][0m Total TX: 0 | Total RX: 0

[1;36m[ENGINE][0m Total TX: 0 | Total RX: 0

[1;36m[CHASSIS][0m Total TX: 0 | Total RX: 0

[1;36m[BODY][0m Total TX: 0 | Total RX: 0

----------------------------------- LOGS ---------------------------------------
[K[Chassis] DEBUG: instCount=95600000, PC=0x2636, SP=0x20041f30
[K[Chassis] DEBUG: instCount=95700000, PC=0x2644, SP=0x20041f30
[K[Body] DEBUG: instCount=94500000, PC=0x10033024, SP=0x20041ef0
[K[Body] DEBUG: instCount=94600000, PC=0x100336fe, SP=0x20041f08
[K[Body] DEBUG: instCount=94700000, PC=0x1002df1c, SP=0x20041f68
[K[Body] DEBUG: instCount=94800000, PC=0x1002e440, SP=0x20041f48
[K[Body] DEBUG: instCount=94900000, PC=0x1002e4b2, SP=0x20041f58
[K[Body] DEBUG: instCount=95000000, PC=0x1002e452, SP=0x20041f28
[K[Body] DEBUG: instCount=95100000, PC=0x1002dac6, SP=0x20041f74
[K[Body] DEBUG: instCount=95200000, PC=0x10029ca6, SP=0x20041fa0
[K[Body] DEBUG: instCount=95300000, PC=0x1001e8c0, SP=0x20041fa0
[K[Body] DEBUG: instCount=95400000, PC=0x10026e12, SP=0x20041f98
[K[Body] DEBUG: instCount=95500000, PC=0x10032b5e, SP=0x20041f30
[K[Body] DEBUG: instCount=95600000, PC=0x2636, SP=0x20041f30
[K[Body] DEBUG: instCount=95700000, PC=0x2644, SP=0x20041f30
================================================================================
[H================================================================================
                           VIRTUAL CAN NETWORK DASHBOARD                        
================================================================================
Bus Stats | Ticks: 770,000 | Sim/Wall: 0.01x | Effective Rate: 7432 bps
--------------------------------------------------------------------------------
[1;36m[GATEWAY][0m Total TX: 0 | Total RX: 0

[1;36m[ENGINE][0m Total TX: 0 | Total RX: 0

[1;36m[CHASSIS][0m Total TX: 0 | Total RX: 0

[1;36m[BODY][0m Total TX: 0 | Total RX: 0

----------------------------------- LOGS ---------------------------------------
[K[Chassis] DEBUG: instCount=96900000, PC=0x10031b7a, SP=0x20041ee4
[K[Chassis] DEBUG: instCount=97000000, PC=0x20000322, SP=0x20041ee8
[K[Body] DEBUG: instCount=95800000, PC=0x2638, SP=0x20041f30
[K[Body] DEBUG: instCount=95900000, PC=0x10032b22, SP=0x20041f48
[K[Body] DEBUG: instCount=96000000, PC=0x20004d6e, SP=0x20041f50
[K[Body] DEBUG: instCount=96100000, PC=0x10034920, SP=0x20041f58
[K[Body] DEBUG: instCount=96200000, PC=0x10033eb6, SP=0x20041f58
[K[Body] DEBUG: instCount=96300000, PC=0x100344ce, SP=0x20041f30
[K[Body] DEBUG: instCount=96400000, PC=0x10032f76, SP=0x20041f18
[K[Body] DEBUG: instCount=96500000, PC=0x1003411c, SP=0x20041f30
[K[Body] DEBUG: instCount=96600000, PC=0x10032f86, SP=0x20041f18
[K[Body] DEBUG: instCount=96700000, PC=0x1002e170, SP=0x20041ee8
[K[Body] DEBUG: instCount=96800000, PC=0x10031b8e, SP=0x20041ee8
[K[Body] DEBUG: instCount=96900000, PC=0x10031b7a, SP=0x20041ee4
[K[Body] DEBUG: instCount=97000000, PC=0x20000322, SP=0x20041ee8
================================================================================
[H================================================================================
                           VIRTUAL CAN NETWORK DASHBOARD                        
================================================================================
Bus Stats | Ticks: 780,000 | Sim/Wall: 0.01x | Effective Rate: 7422 bps
--------------------------------------------------------------------------------
[1;36m[GATEWAY][0m Total TX: 0 | Total RX: 0

[1;36m[ENGINE][0m Total TX: 0 | Total RX: 0

[1;36m[CHASSIS][0m Total TX: 0 | Total RX: 0

[1;36m[BODY][0m Total TX: 0 | Total RX: 0

----------------------------------- LOGS ---------------------------------------
[K[Chassis] DEBUG: instCount=98200000, PC=0x10032b7e, SP=0x20041f30
[K[Chassis] DEBUG: instCount=98300000, PC=0x10018518, SP=0x20041f88
[K[Body] DEBUG: instCount=97100000, PC=0x10034768, SP=0x20041f00
[K[Body] DEBUG: instCount=97200000, PC=0x10034146, SP=0x20041f20
[K[Body] DEBUG: instCount=97300000, PC=0x10032f76, SP=0x20041f18
[K[Body] DEBUG: instCount=97400000, PC=0x10034150, SP=0x20041f20
[K[Body] DEBUG: instCount=97500000, PC=0x100334d4, SP=0x20041ed8
[K[Body] DEBUG: instCount=97600000, PC=0x10033648, SP=0x20041ef0
[K[Body] DEBUG: instCount=97700000, PC=0x1003352a, SP=0x20041ed8
[K[Body] DEBUG: instCount=97800000, PC=0x1003367c, SP=0x20041ef0
[K[Body] DEBUG: instCount=97900000, PC=0x10033a52, SP=0x20041f58
[K[Body] DEBUG: instCount=98000000, PC=0x10032b66, SP=0x20041f30
[K[Body] DEBUG: instCount=98100000, PC=0x10032f9e, SP=0x20041f48
[K[Body] DEBUG: instCount=98200000, PC=0x10032b7e, SP=0x20041f30
[K[Body] DEBUG: instCount=98300000, PC=0x10018518, SP=0x20041f88
================================================================================
[H================================================================================
                           VIRTUAL CAN NETWORK DASHBOARD                        
================================================================================
Bus Stats | Ticks: 790,000 | Sim/Wall: 0.01x | Effective Rate: 7412 bps
--------------------------------------------------------------------------------
[1;36m[GATEWAY][0m Total TX: 0 | Total RX: 0

[1;36m[ENGINE][0m Total TX: 0 | Total RX: 0

[1;36m[CHASSIS][0m Total TX: 0 | Total RX: 0

[1;36m[BODY][0m Total TX: 0 | Total RX: 0

----------------------------------- LOGS ---------------------------------------
[K[Chassis] DEBUG: instCount=99300000, PC=0x1002de9e, SP=0x20041f38
[K[Chassis] DEBUG: instCount=99400000, PC=0x1002de98, SP=0x20041f38
[K[Chassis] DEBUG: instCount=99500000, PC=0x1002e44c, SP=0x20041f28
[K[Body] DEBUG: instCount=98400000, PC=0x1002e05a, SP=0x20041f80
[K[Body] DEBUG: instCount=98500000, PC=0x1002e03a, SP=0x20041f80
[K[Body] DEBUG: instCount=98600000, PC=0x1002de40, SP=0x20041f38
[K[Body] DEBUG: instCount=98700000, PC=0x1002dbca, SP=0x20041f10
[K[Body] DEBUG: instCount=98800000, PC=0x1002e262, SP=0x20041efc
[K[Body] DEBUG: instCount=98900000, PC=0x1002dc04, SP=0x20041f10
[K[Body] DEBUG: instCount=99000000, PC=0x1002e168, SP=0x20041ee0
[K[Body] DEBUG: instCount=99100000, PC=0x1002e176, SP=0x20041ee0
[K[Body] DEBUG: instCount=99200000, PC=0x1002deb6, SP=0x20041f38
[K[Body] DEBUG: instCount=99300000, PC=0x1002de9e, SP=0x20041f38
[K[Body] DEBUG: instCount=99400000, PC=0x1002de98, SP=0x20041f38
[K[Body] DEBUG: instCount=99500000, PC=0x1002e44c, SP=0x20041f28
================================================================================
[H================================================================================
                           VIRTUAL CAN NETWORK DASHBOARD                        
================================================================================
Bus Stats | Ticks: 800,000 | Sim/Wall: 0.01x | Effective Rate: 7381 bps
--------------------------------------------------------------------------------
[1;36m[GATEWAY][0m Total TX: 0 | Total RX: 0

[1;36m[ENGINE][0m Total TX: 0 | Total RX: 0

[1;36m[CHASSIS][0m Total TX: 0 | Total RX: 0

[1;36m[BODY][0m Total TX: 0 | Total RX: 0

----------------------------------- LOGS ---------------------------------------
[K[Chassis] DEBUG: instCount=100700000, PC=0x1003320e, SP=0x20041f48
[K[Chassis] DEBUG: instCount=100800000, PC=0x10033342, SP=0x20041f48
[K[Body] DEBUG: instCount=99600000, PC=0x1002df60, SP=0x20041f68
[K[Body] DEBUG: instCount=99700000, PC=0x1002e47c, SP=0x20041f28
[K[Body] DEBUG: instCount=99800000, PC=0x1002df6e, SP=0x20041f68
[K[Body] DEBUG: instCount=99900000, PC=0x10026e0c, SP=0x20041fa0
[K[Body] DEBUG: instCount=100000000, PC=0x10032f8a, SP=0x20041f58
[K[Body] DEBUG: instCount=100100000, PC=0x1003374a, SP=0x20041f58
[K[Body] DEBUG: instCount=100200000, PC=0x10032d58, SP=0x20041f48
[K[Body] DEBUG: instCount=100300000, PC=0x100336fa, SP=0x20041f58
[K[Body] DEBUG: instCount=100400000, PC=0x20005baf, SP=0x20041f80
[K[Body] DEBUG: instCount=100500000, PC=0x10018548, SP=0x20041f88
[K[Body] DEBUG: instCount=100600000, PC=0x20005be5, SP=0x20041f78
[K[Body] DEBUG: instCount=100700000, PC=0x1003320e, SP=0x20041f48
[K[Body] DEBUG: instCount=100800000, PC=0x10033342, SP=0x20041f48
================================================================================
[H================================================================================
                           VIRTUAL CAN NETWORK DASHBOARD                        
================================================================================
Bus Stats | Ticks: 810,000 | Sim/Wall: 0.01x | Effective Rate: 7378 bps
--------------------------------------------------------------------------------
[1;36m[GATEWAY][0m Total TX: 0 | Total RX: 0

[1;36m[ENGINE][0m Total TX: 0 | Total RX: 0

[1;36m[CHASSIS][0m Total TX: 0 | Total RX: 0

[1;36m[BODY][0m Total TX: 0 | Total RX: 0

----------------------------------- LOGS ---------------------------------------
[K[Chassis] DEBUG: instCount=102000000, PC=0x10033216, SP=0x20041f48
[K[Chassis] DEBUG: instCount=102100000, PC=0x1003333e, SP=0x20041f48
[K[Body] DEBUG: instCount=100900000, PC=0x1003320a, SP=0x20041f48
[K[Body] DEBUG: instCount=101000000, PC=0x1003320a, SP=0x20041f48
[K[Body] DEBUG: instCount=101100000, PC=0x26a4, SP=0x20041f28
[K[Body] DEBUG: instCount=101200000, PC=0x10033324, SP=0x20041f48
[K[Body] DEBUG: instCount=101300000, PC=0x100336ec, SP=0x20041f38
[K[Body] DEBUG: instCount=101400000, PC=0x1003332e, SP=0x20041f48
[K[Body] DEBUG: instCount=101500000, PC=0x10032fe0, SP=0x20041f10
[K[Body] DEBUG: instCount=101600000, PC=0x2636, SP=0x20041f10
[K[Body] DEBUG: instCount=101700000, PC=0x2632, SP=0x20041f10
[K[Body] DEBUG: instCount=101800000, PC=0x2638, SP=0x20041f10
[K[Body] DEBUG: instCount=101900000, PC=0x10032b4e, SP=0x20041f08
[K[Body] DEBUG: instCount=102000000, PC=0x10033216, SP=0x20041f48
[K[Body] DEBUG: instCount=102100000, PC=0x1003333e, SP=0x20041f48
================================================================================
[H================================================================================
                           VIRTUAL CAN NETWORK DASHBOARD                        
================================================================================
Bus Stats | Ticks: 820,000 | Sim/Wall: 0.01x | Effective Rate: 7381 bps
--------------------------------------------------------------------------------
[1;36m[GATEWAY][0m Total TX: 0 | Total RX: 0

[1;36m[ENGINE][0m Total TX: 0 | Total RX: 0

[1;36m[CHASSIS][0m Total TX: 0 | Total RX: 0

[1;36m[BODY][0m Total TX: 0 | Total RX: 0

----------------------------------- LOGS ---------------------------------------
[K[Chassis] DEBUG: instCount=103300000, PC=0x1002e4b6, SP=0x20041f58
[K[Chassis] DEBUG: instCount=103400000, PC=0x1002e446, SP=0x20041f28
[K[Body] DEBUG: instCount=102200000, PC=0x10033218, SP=0x20041f48
[K[Body] DEBUG: instCount=102300000, PC=0x1002de50, SP=0x20041f38
[K[Body] DEBUG: instCount=102400000, PC=0x1002dbc2, SP=0x20041f10
[K[Body] DEBUG: instCount=102500000, PC=0x1002dbae, SP=0x20041f10
[K[Body] DEBUG: instCount=102600000, PC=0x1002dbc4, SP=0x20041f10
[K[Body] DEBUG: instCount=102700000, PC=0x1002e26e, SP=0x20041ee0
[K[Body] DEBUG: instCount=102800000, PC=0x1002e16e, SP=0x20041ee0
[K[Body] DEBUG: instCount=102900000, PC=0x1002e2b2, SP=0x20041ee0
[K[Body] DEBUG: instCount=103000000, PC=0x1002e170, SP=0x20041ee0
[K[Body] DEBUG: instCount=103100000, PC=0x1002df0e, SP=0x20041f68
[K[Body] DEBUG: instCount=103200000, PC=0x1002e444, SP=0x20041f28
[K[Body] DEBUG: instCount=103300000, PC=0x1002e4b6, SP=0x20041f58
[K[Body] DEBUG: instCount=103400000, PC=0x1002e446, SP=0x20041f28
================================================================================
[H================================================================================
                           VIRTUAL CAN NETWORK DASHBOARD                        
================================================================================
Bus Stats | Ticks: 830,000 | Sim/Wall: 0.01x | Effective Rate: 7370 bps
--------------------------------------------------------------------------------
[1;36m[GATEWAY][0m Total TX: 0 | Total RX: 0

[1;36m[ENGINE][0m Total TX: 0 | Total RX: 0

[1;36m[CHASSIS][0m Total TX: 0 | Total RX: 0

[1;36m[BODY][0m Total TX: 0 | Total RX: 0

----------------------------------- LOGS ---------------------------------------
[K[Chassis] DEBUG: instCount=104600000, PC=0x20004d6c, SP=0x20041f50
[K[Chassis] DEBUG: instCount=104700000, PC=0x100344c2, SP=0x20041f30
[K[Body] DEBUG: instCount=103500000, PC=0x1002daba, SP=0x20041f74
[K[Body] DEBUG: instCount=103600000, PC=0x10029cc2, SP=0x20041fa0
[K[Body] DEBUG: instCount=103700000, PC=0x1001e8c4, SP=0x20041f98
[K[Body] DEBUG: instCount=103800000, PC=0x10029cc4, SP=0x20041fa0
[K[Body] DEBUG: instCount=103900000, PC=0x10032f9e, SP=0x20041f48
[K[Body] DEBUG: instCount=104000000, PC=0x2632, SP=0x20041f30
[K[Body] DEBUG: instCount=104100000, PC=0x2648, SP=0x20041f30
[K[Body] DEBUG: instCount=104200000, PC=0x2634, SP=0x20041f30
[K[Body] DEBUG: instCount=104300000, PC=0x10032b16, SP=0x20041f48
[K[Body] DEBUG: instCount=104400000, PC=0x20004d72, SP=0x20041f50
[K[Body] DEBUG: instCount=104500000, PC=0x10034924, SP=0x20041f54
[K[Body] DEBUG: instCount=104600000, PC=0x20004d6c, SP=0x20041f50
[K[Body] DEBUG: instCount=104700000, PC=0x100344c2, SP=0x20041f30
================================================================================
[H================================================================================
                           VIRTUAL CAN NETWORK DASHBOARD                        
================================================================================
Bus Stats | Ticks: 840,000 | Sim/Wall: 0.01x | Effective Rate: 7339 bps
--------------------------------------------------------------------------------
[1;36m[GATEWAY][0m Total TX: 0 | Total RX: 0

[1;36m[ENGINE][0m Total TX: 0 | Total RX: 0

[1;36m[CHASSIS][0m Total TX: 0 | Total RX: 0

[1;36m[BODY][0m Total TX: 0 | Total RX: 0

----------------------------------- LOGS ---------------------------------------
[K[Chassis] DEBUG: instCount=105700000, PC=0x10032f7a, SP=0x20041f18
[K[Chassis] DEBUG: instCount=105800000, PC=0x10034144, SP=0x20041f20
[K[Chassis] DEBUG: instCount=105900000, PC=0x100334c8, SP=0x20041ef0
[K[Body] DEBUG: instCount=104800000, PC=0x10032f7a, SP=0x20041f18
[K[Body] DEBUG: instCount=104900000, PC=0x10034120, SP=0x20041f20
[K[Body] DEBUG: instCount=105000000, PC=0x10032f74, SP=0x20041f18
[K[Body] DEBUG: instCount=105100000, PC=0x20005306, SP=0x20041ee4
[K[Body] DEBUG: instCount=105200000, PC=0x10031b92, SP=0x20041ee8
[K[Body] DEBUG: instCount=105300000, PC=0x10031b7e, SP=0x20041ee4
[K[Body] DEBUG: instCount=105400000, PC=0x10031b8c, SP=0x20041ee8
[K[Body] DEBUG: instCount=105500000, PC=0x10032a48, SP=0x20041f00
[K[Body] DEBUG: instCount=105600000, PC=0x1003414a, SP=0x20041f20
[K[Body] DEBUG: instCount=105700000, PC=0x10032f7a, SP=0x20041f18
[K[Body] DEBUG: instCount=105800000, PC=0x10034144, SP=0x20041f20
[K[Body] DEBUG: instCount=105900000, PC=0x100334c8, SP=0x20041ef0
================================================================================
[H================================================================================
                           VIRTUAL CAN NETWORK DASHBOARD                        
================================================================================
Bus Stats | Ticks: 850,000 | Sim/Wall: 0.01x | Effective Rate: 7329 bps
--------------------------------------------------------------------------------
[1;36m[GATEWAY][0m Total TX: 0 | Total RX: 0

[1;36m[ENGINE][0m Total TX: 0 | Total RX: 0

[1;36m[CHASSIS][0m Total TX: 0 | Total RX: 0

[1;36m[BODY][0m Total TX: 0 | Total RX: 0

----------------------------------- LOGS ---------------------------------------
[K[Chassis] DEBUG: instCount=107100000, PC=0x1002dbbe, SP=0x20041f10
[K[Chassis] DEBUG: instCount=107200000, PC=0x1002e266, SP=0x20041ee0
[K[Body] DEBUG: instCount=106000000, PC=0x10033676, SP=0x20041ef0
[K[Body] DEBUG: instCount=106100000, PC=0x10033638, SP=0x20041ef0
[K[Body] DEBUG: instCount=106200000, PC=0x10033646, SP=0x20041ef0
[K[Body] DEBUG: instCount=106300000, PC=0x100344fe, SP=0x20041f44
[K[Body] DEBUG: instCount=106400000, PC=0x10032b70, SP=0x20041f30
[K[Body] DEBUG: instCount=106500000, PC=0x10032fa2, SP=0x20041f48
[K[Body] DEBUG: instCount=106600000, PC=0x10032b64, SP=0x20041f30
[K[Body] DEBUG: instCount=106700000, PC=0x1001850c, SP=0x20041f88
[K[Body] DEBUG: instCount=106800000, PC=0x1002de3a, SP=0x20041f6c
[K[Body] DEBUG: instCount=106900000, PC=0x1002e04a, SP=0x20041f80
[K[Body] DEBUG: instCount=107000000, PC=0x1002e058, SP=0x20041f80
[K[Body] DEBUG: instCount=107100000, PC=0x1002dbbe, SP=0x20041f10
[K[Body] DEBUG: instCount=107200000, PC=0x1002e266, SP=0x20041ee0
================================================================================
[H================================================================================
                           VIRTUAL CAN NETWORK DASHBOARD                        
================================================================================
Bus Stats | Ticks: 860,000 | Sim/Wall: 0.01x | Effective Rate: 7309 bps
--------------------------------------------------------------------------------
[1;36m[GATEWAY][0m Total TX: 0 | Total RX: 0

[1;36m[ENGINE][0m Total TX: 0 | Total RX: 0

[1;36m[CHASSIS][0m Total TX: 0 | Total RX: 0

[1;36m[BODY][0m Total TX: 0 | Total RX: 0

----------------------------------- LOGS ---------------------------------------
[K[Chassis] DEBUG: instCount=108400000, PC=0x100336ee, SP=0x20041f18
[K[Chassis] DEBUG: instCount=108500000, PC=0x10033556, SP=0x20041f08
[K[Body] DEBUG: instCount=107300000, PC=0x1002dc08, SP=0x20041f10
[K[Body] DEBUG: instCount=107400000, PC=0x1002e260, SP=0x20041f10
[K[Body] DEBUG: instCount=107500000, PC=0x1002e16a, SP=0x20041ee0
[K[Body] DEBUG: instCount=107600000, PC=0x1002dec4, SP=0x20041f38
[K[Body] DEBUG: instCount=107700000, PC=0x1002dea2, SP=0x20041f38
[K[Body] DEBUG: instCount=107800000, PC=0x1002deb4, SP=0x20041f38
[K[Body] DEBUG: instCount=107900000, PC=0x1003320a, SP=0x20041f28
[K[Body] DEBUG: instCount=108000000, PC=0x1003320c, SP=0x20041f28
[K[Body] DEBUG: instCount=108100000, PC=0x100332f2, SP=0x20041f28
[K[Body] DEBUG: instCount=108200000, PC=0x10033348, SP=0x20041f28
[K[Body] DEBUG: instCount=108300000, PC=0x1003353c, SP=0x20041f08
[K[Body] DEBUG: instCount=108400000, PC=0x100336ee, SP=0x20041f18
[K[Body] DEBUG: instCount=108500000, PC=0x10033556, SP=0x20041f08
================================================================================
[H================================================================================
                           VIRTUAL CAN NETWORK DASHBOARD                        
================================================================================
Bus Stats | Ticks: 870,000 | Sim/Wall: 0.01x | Effective Rate: 7301 bps
--------------------------------------------------------------------------------
[1;36m[GATEWAY][0m Total TX: 0 | Total RX: 0

[1;36m[ENGINE][0m Total TX: 0 | Total RX: 0

[1;36m[CHASSIS][0m Total TX: 0 | Total RX: 0

[1;36m[BODY][0m Total TX: 0 | Total RX: 0

----------------------------------- LOGS ---------------------------------------
[K[Chassis] DEBUG: instCount=109700000, PC=0x1002e458, SP=0x20041f28
[K[Chassis] DEBUG: instCount=109800000, PC=0x1002e458, SP=0x20041f28
[K[Body] DEBUG: instCount=108600000, PC=0x100336e0, SP=0x20041f18
[K[Body] DEBUG: instCount=108700000, PC=0x20005334, SP=0x20041f04
[K[Body] DEBUG: instCount=108800000, PC=0x2634, SP=0x20041ef0
[K[Body] DEBUG: instCount=108900000, PC=0x2642, SP=0x20041ef0
[K[Body] DEBUG: instCount=109000000, PC=0x2648, SP=0x20041ef0
[K[Body] DEBUG: instCount=109100000, PC=0x1003301a, SP=0x20041ef0
[K[Body] DEBUG: instCount=109200000, PC=0x10033340, SP=0x20041f28
[K[Body] DEBUG: instCount=109300000, PC=0x100335c4, SP=0x20041f28
[K[Body] DEBUG: instCount=109400000, PC=0x100335c4, SP=0x20041f28
[K[Body] DEBUG: instCount=109500000, PC=0x1002df50, SP=0x20041f68
[K[Body] DEBUG: instCount=109600000, PC=0x1002e46c, SP=0x20041f28
[K[Body] DEBUG: instCount=109700000, PC=0x1002e458, SP=0x20041f28
[K[Body] DEBUG: instCount=109800000, PC=0x1002e458, SP=0x20041f28
================================================================================
[H================================================================================
                           VIRTUAL CAN NETWORK DASHBOARD                        
================================================================================
Bus Stats | Ticks: 880,000 | Sim/Wall: 0.01x | Effective Rate: 7296 bps
--------------------------------------------------------------------------------
[1;36m[GATEWAY][0m Total TX: 0 | Total RX: 0

[1;36m[ENGINE][0m Total TX: 0 | Total RX: 0

[1;36m[CHASSIS][0m Total TX: 0 | Total RX: 0

[1;36m[BODY][0m Total TX: 0 | Total RX: 0

----------------------------------- LOGS ---------------------------------------
[K[Chassis] DEBUG: instCount=111000000, PC=0x10033eba, SP=0x20041f58
[K[Chassis] DEBUG: instCount=111100000, PC=0x100344dc, SP=0x20041f30
[K[Body] DEBUG: instCount=109900000, PC=0x10029c94, SP=0x20041fa0
[K[Body] DEBUG: instCount=110000000, PC=0x10033a4e, SP=0x20041f58
[K[Body] DEBUG: instCount=110100000, PC=0x100337ec, SP=0x20041f50
[K[Body] DEBUG: instCount=110200000, PC=0x100337ec, SP=0x20041f50
[K[Body] DEBUG: instCount=110300000, PC=0x10032b88, SP=0x20041f30
[K[Body] DEBUG: instCount=110400000, PC=0x2634, SP=0x20041f30
[K[Body] DEBUG: instCount=110500000, PC=0x2638, SP=0x20041f30
[K[Body] DEBUG: instCount=110600000, PC=0x2632, SP=0x20041f30
[K[Body] DEBUG: instCount=110700000, PC=0x10032fbe, SP=0x20041f48
[K[Body] DEBUG: instCount=110800000, PC=0x10033708, SP=0x20041f58
[K[Body] DEBUG: instCount=110900000, PC=0x10033ece, SP=0x20041f58
[K[Body] DEBUG: instCount=111000000, PC=0x10033eba, SP=0x20041f58
[K[Body] DEBUG: instCount=111100000, PC=0x100344dc, SP=0x20041f30
================================================================================
[H================================================================================
                           VIRTUAL CAN NETWORK DASHBOARD                        
================================================================================
Bus Stats | Ticks: 890,000 | Sim/Wall: 0.01x | Effective Rate: 7319 bps
--------------------------------------------------------------------------------
[1;36m[GATEWAY][0m Total TX: 0 | Total RX: 0

[1;36m[ENGINE][0m Total TX: 0 | Total RX: 0

[1;36m[CHASSIS][0m Total TX: 0 | Total RX: 0

[1;36m[BODY][0m Total TX: 0 | Total RX: 0

----------------------------------- LOGS ---------------------------------------
[K[Chassis] DEBUG: instCount=112100000, PC=0x10033976, SP=0x20041f10
[K[Chassis] DEBUG: instCount=112200000, PC=0x10033962, SP=0x20041f10
[K[Chassis] DEBUG: instCount=112300000, PC=0x100334ec, SP=0x20041ed8
[K[Body] DEBUG: instCount=111200000, PC=0x10032a10, SP=0x20041f00
[K[Body] DEBUG: instCount=111300000, PC=0x10033922, SP=0x20041f18
[K[Body] DEBUG: instCount=111400000, PC=0x1003412a, SP=0x20041f20
[K[Body] DEBUG: instCount=111500000, PC=0x2000031c, SP=0x20041ee8
[K[Body] DEBUG: instCount=111600000, PC=0x2000029e, SP=0x20041ec8
[K[Body] DEBUG: instCount=111700000, PC=0x20000288, SP=0x20041ec8
[K[Body] DEBUG: instCount=111800000, PC=0x20000326, SP=0x20041ee8
[K[Body] DEBUG: instCount=111900000, PC=0x2000035c, SP=0x20041f00
[K[Body] DEBUG: instCount=112000000, PC=0x10033448, SP=0x20041f08
[K[Body] DEBUG: instCount=112100000, PC=0x10033976, SP=0x20041f10
[K[Body] DEBUG: instCount=112200000, PC=0x10033962, SP=0x20041f10
[K[Body] DEBUG: instCount=112300000, PC=0x100334ec, SP=0x20041ed8
================================================================================
[H================================================================================
                           VIRTUAL CAN NETWORK DASHBOARD                        
================================================================================
Bus Stats | Ticks: 900,000 | Sim/Wall: 0.01x | Effective Rate: 7335 bps
--------------------------------------------------------------------------------
[1;36m[GATEWAY][0m Total TX: 0 | Total RX: 0

[1;36m[ENGINE][0m Total TX: 0 | Total RX: 0

[1;36m[CHASSIS][0m Total TX: 0 | Total RX: 0

[1;36m[BODY][0m Total TX: 0 | Total RX: 0

----------------------------------- LOGS ---------------------------------------
[K[Chassis] DEBUG: instCount=113500000, PC=0x1002dbe2, SP=0x20041f10
[K[Chassis] DEBUG: instCount=113600000, PC=0x1002e28e, SP=0x20041ee0
[K[Body] DEBUG: instCount=112400000, PC=0x10033604, SP=0x20041ee8
[K[Body] DEBUG: instCount=112500000, PC=0x100335dc, SP=0x20041ee8
[K[Body] DEBUG: instCount=112600000, PC=0x10033664, SP=0x20041ef0
[K[Body] DEBUG: instCount=112700000, PC=0x10033758, SP=0x20041f58
[K[Body] DEBUG: instCount=112800000, PC=0x10032b4e, SP=0x20041f40
[K[Body] DEBUG: instCount=112900000, PC=0x10032b1c, SP=0x20041f48
[K[Body] DEBUG: instCount=113000000, PC=0x10032b82, SP=0x20041f30
[K[Body] DEBUG: instCount=113100000, PC=0x1002e16c, SP=0x20041fa0
[K[Body] DEBUG: instCount=113200000, PC=0x1002de70, SP=0x20041f38
[K[Body] DEBUG: instCount=113300000, PC=0x1002de5a, SP=0x20041f38
[K[Body] DEBUG: instCount=113400000, PC=0x1002de44, SP=0x20041f38
[K[Body] DEBUG: instCount=113500000, PC=0x1002dbe2, SP=0x20041f10
[K[Body] DEBUG: instCount=113600000, PC=0x1002e28e, SP=0x20041ee0
================================================================================
[H================================================================================
                           VIRTUAL CAN NETWORK DASHBOARD                        
================================================================================
Bus Stats | Ticks: 910,000 | Sim/Wall: 0.01x | Effective Rate: 7327 bps
--------------------------------------------------------------------------------
[1;36m[GATEWAY][0m Total TX: 0 | Total RX: 0

[1;36m[ENGINE][0m Total TX: 0 | Total RX: 0

[1;36m[CHASSIS][0m Total TX: 0 | Total RX: 0

[1;36m[BODY][0m Total TX: 0 | Total RX: 0

----------------------------------- LOGS ---------------------------------------
[K[Chassis] DEBUG: instCount=114800000, PC=0x10032b74, SP=0x20041f30
[K[Chassis] DEBUG: instCount=114900000, PC=0x10032b5a, SP=0x20041f30
[K[Body] DEBUG: instCount=113700000, PC=0x1002e276, SP=0x20041ee0
[K[Body] DEBUG: instCount=113800000, PC=0x1002e16c, SP=0x20041ee0
[K[Body] DEBUG: instCount=113900000, PC=0x1002e2c8, SP=0x20041ee0
[K[Body] DEBUG: instCount=114000000, PC=0x1002df2e, SP=0x20041f68
[K[Body] DEBUG: instCount=114100000, PC=0x1002df18, SP=0x20041f68
[K[Body] DEBUG: instCount=114200000, PC=0x1002e05e, SP=0x20041f80
[K[Body] DEBUG: instCount=114300000, PC=0x1002e458, SP=0x20041f28
[K[Body] DEBUG: instCount=114400000, PC=0x1002e046, SP=0x20041f80
[K[Body] DEBUG: instCount=114500000, PC=0x1002dac2, SP=0x20041f74
[K[Body] DEBUG: instCount=114600000, PC=0x1002e03e, SP=0x20041f80
[K[Body] DEBUG: instCount=114700000, PC=0x100337ec, SP=0x20041f50
[K[Body] DEBUG: instCount=114800000, PC=0x10032b74, SP=0x20041f30
[K[Body] DEBUG: instCount=114900000, PC=0x10032b5a, SP=0x20041f30
================================================================================
[H================================================================================
                           VIRTUAL CAN NETWORK DASHBOARD                        
================================================================================
Bus Stats | Ticks: 920,000 | Sim/Wall: 0.01x | Effective Rate: 7344 bps
--------------------------------------------------------------------------------
[1;36m[GATEWAY][0m Total TX: 0 | Total RX: 0

[1;36m[ENGINE][0m Total TX: 0 | Total RX: 0

[1;36m[CHASSIS][0m Total TX: 0 | Total RX: 0

[1;36m[BODY][0m Total TX: 0 | Total RX: 0

----------------------------------- LOGS ---------------------------------------
[K[Chassis] DEBUG: instCount=116100000, PC=0x20000666, SP=0x20041f28
[K[Chassis] DEBUG: instCount=116200000, PC=0x10034902, SP=0x20041f44
[K[Body] DEBUG: instCount=115000000, PC=0x10032d5c, SP=0x20041f40
[K[Body] DEBUG: instCount=115100000, PC=0x10029ccc, SP=0x20041fa0
[K[Body] DEBUG: instCount=115200000, PC=0x1003320a, SP=0x20041f48
[K[Body] DEBUG: instCount=115300000, PC=0x100331f6, SP=0x20041f48
[K[Body] DEBUG: instCount=115400000, PC=0x100331aa, SP=0x20041f78
[K[Body] DEBUG: instCount=115500000, PC=0x10033348, SP=0x20041f48
[K[Body] DEBUG: instCount=115600000, PC=0x100336a0, SP=0x20041f48
[K[Body] DEBUG: instCount=115700000, PC=0x100332fe, SP=0x20041f48
[K[Body] DEBUG: instCount=115800000, PC=0x1003320e, SP=0x20041f48
[K[Body] DEBUG: instCount=115900000, PC=0x10033570, SP=0x20041f28
[K[Body] DEBUG: instCount=116000000, PC=0x200055b8, SP=0x20041f28
[K[Body] DEBUG: instCount=116100000, PC=0x20000666, SP=0x20041f28
[K[Body] DEBUG: instCount=116200000, PC=0x10034902, SP=0x20041f44
================================================================================
[H================================================================================
                           VIRTUAL CAN NETWORK DASHBOARD                        
================================================================================
Bus Stats | Ticks: 930,000 | Sim/Wall: 0.01x | Effective Rate: 7358 bps
--------------------------------------------------------------------------------
[1;36m[GATEWAY][0m Total TX: 0 | Total RX: 0

[1;36m[ENGINE][0m Total TX: 0 | Total RX: 0

[1;36m[CHASSIS][0m Total TX: 0 | Total RX: 0

[1;36m[BODY][0m Total TX: 0 | Total RX: 0

----------------------------------- LOGS ---------------------------------------
[K[Chassis] DEBUG: instCount=117400000, PC=0x1002dbd2, SP=0x20041f10
[K[Chassis] DEBUG: instCount=117500000, PC=0x1002e286, SP=0x20041ee0
[K[Body] DEBUG: instCount=116300000, PC=0x10033004, SP=0x20041f10
[K[Body] DEBUG: instCount=116400000, PC=0x2634, SP=0x20041f10
[K[Body] DEBUG: instCount=116500000, PC=0x2638, SP=0x20041f10
[K[Body] DEBUG: instCount=116600000, PC=0x2634, SP=0x20041f10
[K[Body] DEBUG: instCount=116700000, PC=0x20005506, SP=0x20041f24
[K[Body] DEBUG: instCount=116800000, PC=0x10029cda, SP=0x20041fa0
[K[Body] DEBUG: instCount=116900000, PC=0x20005bb0, SP=0x20041f78
[K[Body] DEBUG: instCount=117000000, PC=0x10033288, SP=0x20041f48
[K[Body] DEBUG: instCount=117100000, PC=0x1002de6a, SP=0x20041f38
[K[Body] DEBUG: instCount=117200000, PC=0x1002dbf2, SP=0x20041f10
[K[Body] DEBUG: instCount=117300000, PC=0x1002dbe6, SP=0x20041f10
[K[Body] DEBUG: instCount=117400000, PC=0x1002dbd2, SP=0x20041f10
[K[Body] DEBUG: instCount=117500000, PC=0x1002e286, SP=0x20041ee0
================================================================================
[H================================================================================
                           VIRTUAL CAN NETWORK DASHBOARD                        
================================================================================
Bus Stats | Ticks: 940,000 | Sim/Wall: 0.01x | Effective Rate: 7348 bps
--------------------------------------------------------------------------------
[1;36m[GATEWAY][0m Total TX: 0 | Total RX: 0

[1;36m[ENGINE][0m Total TX: 0 | Total RX: 0

[1;36m[CHASSIS][0m Total TX: 0 | Total RX: 0

[1;36m[BODY][0m Total TX: 0 | Total RX: 0

----------------------------------- LOGS ---------------------------------------
[K[Chassis] DEBUG: instCount=118700000, PC=0x10032b68, SP=0x20041f30
[K[Chassis] DEBUG: instCount=118800000, PC=0x2638, SP=0x20041f30
[K[Body] DEBUG: instCount=117600000, PC=0x1002dc4a, SP=0x20041f10
[K[Body] DEBUG: instCount=117700000, PC=0x1002e2cc, SP=0x20041ee0
[K[Body] DEBUG: instCount=117800000, PC=0x1002e2dc, SP=0x20041ee0
[K[Body] DEBUG: instCount=117900000, PC=0x1002df28, SP=0x20041f68
[K[Body] DEBUG: instCount=118000000, PC=0x1002e468, SP=0x20041f28
[K[Body] DEBUG: instCount=118100000, PC=0x1002e45c, SP=0x20041f28
[K[Body] DEBUG: instCount=118200000, PC=0x1002e452, SP=0x20041f28
[K[Body] DEBUG: instCount=118300000, PC=0x1002dad0, SP=0x20041f74
[K[Body] DEBUG: instCount=118400000, PC=0x10033a4a, SP=0x20041f58
[K[Body] DEBUG: instCount=118500000, PC=0x100337f0, SP=0x20041f50
[K[Body] DEBUG: instCount=118600000, PC=0x10026e12, SP=0x20041f98
[K[Body] DEBUG: instCount=118700000, PC=0x10032b68, SP=0x20041f30
[K[Body] DEBUG: instCount=118800000, PC=0x2638, SP=0x20041f30
================================================================================
[H================================================================================
                           VIRTUAL CAN NETWORK DASHBOARD                        
================================================================================
Bus Stats | Ticks: 950,000 | Sim/Wall: 0.01x | Effective Rate: 7317 bps
--------------------------------------------------------------------------------
[1;36m[GATEWAY][0m Total TX: 0 | Total RX: 0

[1;36m[ENGINE][0m Total TX: 0 | Total RX: 0

[1;36m[CHASSIS][0m Total TX: 0 | Total RX: 0

[1;36m[BODY][0m Total TX: 0 | Total RX: 0

----------------------------------- LOGS ---------------------------------------
[K[Chassis] DEBUG: instCount=119800000, PC=0x1003412e, SP=0x20041f20
[K[Chassis] DEBUG: instCount=119900000, PC=0x20000310, SP=0x20041ee8
[K[Chassis] DEBUG: instCount=120000000, PC=0x20000290, SP=0x20041ec8
[K[Body] DEBUG: instCount=118900000, PC=0x2634, SP=0x20041f30
[K[Body] DEBUG: instCount=119000000, PC=0x2638, SP=0x20041f30
[K[Body] DEBUG: instCount=119100000, PC=0x10032fb8, SP=0x20041f48
[K[Body] DEBUG: instCount=119200000, PC=0x10033ed6, SP=0x20041f58
[K[Body] DEBUG: instCount=119300000, PC=0x10033ed2, SP=0x20041f58
[K[Body] DEBUG: instCount=119400000, PC=0x10033ebe, SP=0x20041f58
[K[Body] DEBUG: instCount=119500000, PC=0x1003302c, SP=0x20041f28
[K[Body] DEBUG: instCount=119600000, PC=0x1003392a, SP=0x20041f18
[K[Body] DEBUG: instCount=119700000, PC=0x10033926, SP=0x20041f18
[K[Body] DEBUG: instCount=119800000, PC=0x1003412e, SP=0x20041f20
[K[Body] DEBUG: instCount=119900000, PC=0x20000310, SP=0x20041ee8
[K[Body] DEBUG: instCount=120000000, PC=0x20000290, SP=0x20041ec8
================================================================================
[H================================================================================
                           VIRTUAL CAN NETWORK DASHBOARD                        
================================================================================
Bus Stats | Ticks: 960,000 | Sim/Wall: 0.01x | Effective Rate: 7320 bps
--------------------------------------------------------------------------------
[1;36m[GATEWAY][0m Total TX: 0 | Total RX: 0

[1;36m[ENGINE][0m Total TX: 0 | Total RX: 0

[1;36m[CHASSIS][0m Total TX: 0 | Total RX: 0

[1;36m[BODY][0m Total TX: 0 | Total RX: 0

----------------------------------- LOGS ---------------------------------------
[K[Chassis] DEBUG: instCount=121200000, PC=0x10032b24, SP=0x20041f48
[K[Chassis] DEBUG: instCount=121300000, PC=0x10032b20, SP=0x20041f48
[K[Body] DEBUG: instCount=120100000, PC=0x2000028c, SP=0x20041ec8
[K[Body] DEBUG: instCount=120200000, PC=0x2000032a, SP=0x20041ee8
[K[Body] DEBUG: instCount=120300000, PC=0x2000034e, SP=0x20041f00
[K[Body] DEBUG: instCount=120400000, PC=0x1003397e, SP=0x20041f10
[K[Body] DEBUG: instCount=120500000, PC=0x1003397a, SP=0x20041f10
[K[Body] DEBUG: instCount=120600000, PC=0x10033966, SP=0x20041f10
[K[Body] DEBUG: instCount=120700000, PC=0x100334e0, SP=0x20041ed8
[K[Body] DEBUG: instCount=120800000, PC=0x100335e4, SP=0x20041ee8
[K[Body] DEBUG: instCount=120900000, PC=0x100335e0, SP=0x20041ee8
[K[Body] DEBUG: instCount=121000000, PC=0x10033668, SP=0x20041ef0
[K[Body] DEBUG: instCount=121100000, PC=0x1003374a, SP=0x20041f58
[K[Body] DEBUG: instCount=121200000, PC=0x10032b24, SP=0x20041f48
[K[Body] DEBUG: instCount=121300000, PC=0x10032b20, SP=0x20041f48
================================================================================
[H================================================================================
                           VIRTUAL CAN NETWORK DASHBOARD                        
================================================================================
Bus Stats | Ticks: 970,000 | Sim/Wall: 0.01x | Effective Rate: 7318 bps
--------------------------------------------------------------------------------
[1;36m[GATEWAY][0m Total TX: 0 | Total RX: 0

[1;36m[ENGINE][0m Total TX: 0 | Total RX: 0

[1;36m[CHASSIS][0m Total TX: 0 | Total RX: 0

[1;36m[BODY][0m Total TX: 0 | Total RX: 0

----------------------------------- LOGS ---------------------------------------
[K[Chassis] DEBUG: instCount=122500000, PC=0x100331ac, SP=0x20041f44
[K[Chassis] DEBUG: instCount=122600000, PC=0x1002e062, SP=0x20041f80
[K[Body] DEBUG: instCount=121400000, PC=0x10032fa8, SP=0x20041f48
[K[Body] DEBUG: instCount=121500000, PC=0x10018548, SP=0x20041f88
[K[Body] DEBUG: instCount=121600000, PC=0x1002de64, SP=0x20041f38
[K[Body] DEBUG: instCount=121700000, PC=0x1002de5e, SP=0x20041f38
[K[Body] DEBUG: instCount=121800000, PC=0x1002de48, SP=0x20041f38
[K[Body] DEBUG: instCount=121900000, PC=0x1002dbd6, SP=0x20041f10
[K[Body] DEBUG: instCount=122000000, PC=0x1002e280, SP=0x20041ee0
[K[Body] DEBUG: instCount=122100000, PC=0x1002e27a, SP=0x20041ee0
[K[Body] DEBUG: instCount=122200000, PC=0x1002e170, SP=0x20041ee0
[K[Body] DEBUG: instCount=122300000, PC=0x1002e2e0, SP=0x20041ee0
[K[Body] DEBUG: instCount=122400000, PC=0x100331b0, SP=0x20041f44
[K[Body] DEBUG: instCount=122500000, PC=0x100331ac, SP=0x20041f44
[K[Body] DEBUG: instCount=122600000, PC=0x1002e062, SP=0x20041f80
================================================================================
[H================================================================================
                           VIRTUAL CAN NETWORK DASHBOARD                        
================================================================================
Bus Stats | Ticks: 980,000 | Sim/Wall: 0.01x | Effective Rate: 7319 bps
--------------------------------------------------------------------------------
[1;36m[GATEWAY][0m Total TX: 0 | Total RX: 0

[1;36m[ENGINE][0m Total TX: 0 | Total RX: 0

[1;36m[CHASSIS][0m Total TX: 0 | Total RX: 0

[1;36m[BODY][0m Total TX: 0 | Total RX: 0

----------------------------------- LOGS ---------------------------------------
[K[Chassis] DEBUG: instCount=123800000, PC=0x2632, SP=0x20041ef0
[K[Chassis] DEBUG: instCount=123900000, PC=0x10033020, SP=0x20041ef0
[K[Body] DEBUG: instCount=122700000, PC=0x10033344, SP=0x20041f28
[K[Body] DEBUG: instCount=122800000, PC=0x100332f0, SP=0x20041f28
[K[Body] DEBUG: instCount=122900000, PC=0x10033210, SP=0x20041f28
[K[Body] DEBUG: instCount=123000000, PC=0x1003333e, SP=0x20041f28
[K[Body] DEBUG: instCount=123100000, PC=0x100329cc, SP=0x20041f08
[K[Body] DEBUG: instCount=123200000, PC=0x10034908, SP=0x20041f28
[K[Body] DEBUG: instCount=123300000, PC=0x10034904, SP=0x20041f24
[K[Body] DEBUG: instCount=123400000, PC=0x10033320, SP=0x20041f28
[K[Body] DEBUG: instCount=123500000, PC=0x10032d66, SP=0x20041ee8
[K[Body] DEBUG: instCount=123600000, PC=0x2632, SP=0x20041ef0
[K[Body] DEBUG: instCount=123700000, PC=0x2636, SP=0x20041ef0
[K[Body] DEBUG: instCount=123800000, PC=0x2632, SP=0x20041ef0
[K[Body] DEBUG: instCount=123900000, PC=0x10033020, SP=0x20041ef0
================================================================================
[H================================================================================
                           VIRTUAL CAN NETWORK DASHBOARD                        
================================================================================
Bus Stats | Ticks: 990,000 | Sim/Wall: 0.01x | Effective Rate: 7317 bps
--------------------------------------------------------------------------------
[1;36m[GATEWAY][0m Total TX: 0 | Total RX: 0

[1;36m[ENGINE][0m Total TX: 0 | Total RX: 0

[1;36m[CHASSIS][0m Total TX: 0 | Total RX: 0

[1;36m[BODY][0m Total TX: 0 | Total RX: 0

----------------------------------- LOGS ---------------------------------------
[K[Chassis] DEBUG: instCount=125100000, PC=0x10032b96, SP=0x20041f30
[K[Chassis] DEBUG: instCount=125200000, PC=0x2632, SP=0x20041f30
[K[Body] DEBUG: instCount=124000000, PC=0x10033286, SP=0x20041f28
[K[Body] DEBUG: instCount=124100000, PC=0x1003328a, SP=0x20041f28
[K[Body] DEBUG: instCount=124200000, PC=0x1003320c, SP=0x20041f28
[K[Body] DEBUG: instCount=124300000, PC=0x1002e4ae, SP=0x20041f58
[K[Body] DEBUG: instCount=124400000, PC=0x1002e4bc, SP=0x20041f58
[K[Body] DEBUG: instCount=124500000, PC=0x1002df60, SP=0x20041f68
[K[Body] DEBUG: instCount=124600000, PC=0x1002e47c, SP=0x20041f28
[K[Body] DEBUG: instCount=124700000, PC=0x10029ca0, SP=0x20041fa0
[K[Body] DEBUG: instCount=124800000, PC=0x10033a5c, SP=0x20041f58
[K[Body] DEBUG: instCount=124900000, PC=0x10032f8a, SP=0x20041f58
[K[Body] DEBUG: instCount=125000000, PC=0x1003374a, SP=0x20041f58
[K[Body] DEBUG: instCount=125100000, PC=0x10032b96, SP=0x20041f30
[K[Body] DEBUG: instCount=125200000, PC=0x2632, SP=0x20041f30
================================================================================
[H================================================================================
                           VIRTUAL CAN NETWORK DASHBOARD                        
================================================================================
Bus Stats | Ticks: 1,000,000 | Sim/Wall: 0.01x | Effective Rate: 7334 bps
--------------------------------------------------------------------------------
[1;36m[GATEWAY][0m Total TX: 0 | Total RX: 0

[1;36m[ENGINE][0m Total TX: 0 | Total RX: 0

[1;36m[CHASSIS][0m Total TX: 0 | Total RX: 0

[1;36m[BODY][0m Total TX: 0 | Total RX: 0

----------------------------------- LOGS ---------------------------------------
[K[Chassis] DEBUG: instCount=126200000, PC=0x10032a1e, SP=0x20041f00
[K[Chassis] DEBUG: instCount=126300000, PC=0x10031b6e, SP=0x20041ee8
[K[Chassis] DEBUG: instCount=126400000, PC=0x200002ba, SP=0x20041ec8
[K[Body] DEBUG: instCount=125300000, PC=0x10032b9a, SP=0x20041f30
[K[Body] DEBUG: instCount=125400000, PC=0x2632, SP=0x20041f30
[K[Body] DEBUG: instCount=125500000, PC=0x10033a6c, SP=0x20041f58
[K[Body] DEBUG: instCount=125600000, PC=0x10033ef2, SP=0x20041f58
[K[Body] DEBUG: instCount=125700000, PC=0x10033efe, SP=0x20041f58
[K[Body] DEBUG: instCount=125800000, PC=0x1003372e, SP=0x20041f58
[K[Body] DEBUG: instCount=125900000, PC=0x10032f6a, SP=0x20041f30
[K[Body] DEBUG: instCount=126000000, PC=0x10032a26, SP=0x20041f00
[K[Body] DEBUG: instCount=126100000, PC=0x100348e6, SP=0x20041efc
[K[Body] DEBUG: instCount=126200000, PC=0x10032a1e, SP=0x20041f00
[K[Body] DEBUG: instCount=126300000, PC=0x10031b6e, SP=0x20041ee8
[K[Body] DEBUG: instCount=126400000, PC=0x200002ba, SP=0x20041ec8
================================================================================
[H================================================================================
                           VIRTUAL CAN NETWORK DASHBOARD                        
================================================================================
Bus Stats | Ticks: 1,010,000 | Sim/Wall: 0.01x | Effective Rate: 7333 bps
--------------------------------------------------------------------------------
[1;36m[GATEWAY][0m Total TX: 0 | Total RX: 0

[1;36m[ENGINE][0m Total TX: 0 | Total RX: 0

[1;36m[CHASSIS][0m Total TX: 0 | Total RX: 0

[1;36m[BODY][0m Total TX: 0 | Total RX: 0

----------------------------------- LOGS ---------------------------------------
[K[Chassis] DEBUG: instCount=127600000, PC=0x10033700, SP=0x20041f58
[K[Chassis] DEBUG: instCount=127700000, PC=0x10033f48, SP=0x20041f58
[K[Body] DEBUG: instCount=126500000, PC=0x10032a36, SP=0x20041f00
[K[Body] DEBUG: instCount=126600000, PC=0x200002ae, SP=0x20041ec8
[K[Body] DEBUG: instCount=126700000, PC=0x1003413a, SP=0x20041f20
[K[Body] DEBUG: instCount=126800000, PC=0x1003368c, SP=0x20041f08
[K[Body] DEBUG: instCount=126900000, PC=0x10033698, SP=0x20041f00
[K[Body] DEBUG: instCount=127000000, PC=0x10033456, SP=0x20041f08
[K[Body] DEBUG: instCount=127100000, PC=0x1003351c, SP=0x20041ed8
[K[Body] DEBUG: instCount=127200000, PC=0x1003361a, SP=0x20041ee8
[K[Body] DEBUG: instCount=127300000, PC=0x1003398a, SP=0x20041f10
[K[Body] DEBUG: instCount=127400000, PC=0x10033612, SP=0x20041ee8
[K[Body] DEBUG: instCount=127500000, PC=0x10032d5c, SP=0x20041f40
[K[Body] DEBUG: instCount=127600000, PC=0x10033700, SP=0x20041f58
[K[Body] DEBUG: instCount=127700000, PC=0x10033f48, SP=0x20041f58
================================================================================
[H================================================================================
                           VIRTUAL CAN NETWORK DASHBOARD                        
================================================================================
Bus Stats | Ticks: 1,020,000 | Sim/Wall: 0.01x | Effective Rate: 7328 bps
--------------------------------------------------------------------------------
[1;36m[GATEWAY][0m Total TX: 0 | Total RX: 0

[1;36m[ENGINE][0m Total TX: 0 | Total RX: 0

[1;36m[CHASSIS][0m Total TX: 0 | Total RX: 0

[1;36m[BODY][0m Total TX: 0 | Total RX: 0

----------------------------------- LOGS ---------------------------------------
[K[Chassis] DEBUG: instCount=128900000, PC=0x1002e4b4, SP=0x20041f58
[K[Chassis] DEBUG: instCount=129000000, PC=0x1002df58, SP=0x20041f68
[K[Body] DEBUG: instCount=127800000, PC=0x10033a66, SP=0x20041f58
[K[Body] DEBUG: instCount=127900000, PC=0x10029ce0, SP=0x20041fa0
[K[Body] DEBUG: instCount=128000000, PC=0x1002dba0, SP=0x20041f10
[K[Body] DEBUG: instCount=128100000, PC=0x1002dbac, SP=0x20041f10
[K[Body] DEBUG: instCount=128200000, PC=0x1002de7e, SP=0x20041f38
[K[Body] DEBUG: instCount=128300000, PC=0x1002dbf8, SP=0x20041f10
[K[Body] DEBUG: instCount=128400000, PC=0x1002e2a4, SP=0x20041ee0
[K[Body] DEBUG: instCount=128500000, PC=0x1002e2b0, SP=0x20041ee0
[K[Body] DEBUG: instCount=128600000, PC=0x1002e29c, SP=0x20041ee0
[K[Body] DEBUG: instCount=128700000, PC=0x1002dc50, SP=0x20041f10
[K[Body] DEBUG: instCount=128800000, PC=0x1002e4a8, SP=0x20041f58
[K[Body] DEBUG: instCount=128900000, PC=0x1002e4b4, SP=0x20041f58
[K[Body] DEBUG: instCount=129000000, PC=0x1002df58, SP=0x20041f68
================================================================================
[H================================================================================
                           VIRTUAL CAN NETWORK DASHBOARD                        
================================================================================
Bus Stats | Ticks: 1,030,000 | Sim/Wall: 0.01x | Effective Rate: 7315 bps
--------------------------------------------------------------------------------
[1;36m[GATEWAY][0m Total TX: 0 | Total RX: 0

[1;36m[ENGINE][0m Total TX: 0 | Total RX: 0

[1;36m[CHASSIS][0m Total TX: 0 | Total RX: 0

[1;36m[BODY][0m Total TX: 0 | Total RX: 0

----------------------------------- LOGS ---------------------------------------
[K[Chassis] DEBUG: instCount=130200000, PC=0x100332f4, SP=0x20041f48
[K[Chassis] DEBUG: instCount=130300000, PC=0x10033340, SP=0x20041f48
[K[Body] DEBUG: instCount=129100000, PC=0x1002e46e, SP=0x20041f28
[K[Body] DEBUG: instCount=129200000, PC=0x10029c9a, SP=0x20041fa0
[K[Body] DEBUG: instCount=129300000, PC=0x1001e8c2, SP=0x20041f98
[K[Body] DEBUG: instCount=129400000, PC=0x10029bfa, SP=0x20041f90
[K[Body] DEBUG: instCount=129500000, PC=0x10033a50, SP=0x20041f58
[K[Body] DEBUG: instCount=129600000, PC=0x10032b18, SP=0x20041f48
[K[Body] DEBUG: instCount=129700000, PC=0x10032b24, SP=0x20041f48
[K[Body] DEBUG: instCount=129800000, PC=0x10032fac, SP=0x20041f48
[K[Body] DEBUG: instCount=129900000, PC=0x10018516, SP=0x20041f88
[K[Body] DEBUG: instCount=130000000, PC=0x10033344, SP=0x20041f48
[K[Body] DEBUG: instCount=130100000, PC=0x1003320e, SP=0x20041f48
[K[Body] DEBUG: instCount=130200000, PC=0x100332f4, SP=0x20041f48
[K[Body] DEBUG: instCount=130300000, PC=0x10033340, SP=0x20041f48
================================================================================
[H================================================================================
                           VIRTUAL CAN NETWORK DASHBOARD                        
================================================================================
Bus Stats | Ticks: 1,040,000 | Sim/Wall: 0.01x | Effective Rate: 7321 bps
--------------------------------------------------------------------------------
[1;36m[GATEWAY][0m Total TX: 0 | Total RX: 0

[1;36m[ENGINE][0m Total TX: 0 | Total RX: 0

[1;36m[CHASSIS][0m Total TX: 0 | Total RX: 0

[1;36m[BODY][0m Total TX: 0 | Total RX: 0

----------------------------------- LOGS ---------------------------------------
[K[Chassis] DEBUG: instCount=131500000, PC=0x10033334, SP=0x20041f48
[K[Chassis] DEBUG: instCount=131600000, PC=0x1002e04a, SP=0x20041f80
[K[Body] DEBUG: instCount=130400000, PC=0x10033532, SP=0x20041f28
[K[Body] DEBUG: instCount=130500000, PC=0x10033540, SP=0x20041f28
[K[Body] DEBUG: instCount=130600000, PC=0x100336c2, SP=0x20041f38
[K[Body] DEBUG: instCount=130700000, PC=0x100336ca, SP=0x20041f38
[K[Body] DEBUG: instCount=130800000, PC=0x20000676, SP=0x20041f28
[K[Body] DEBUG: instCount=130900000, PC=0x20005338, SP=0x20041f28
[K[Body] DEBUG: instCount=131000000, PC=0x10033752, SP=0x20041f28
[K[Body] DEBUG: instCount=131100000, PC=0x2640, SP=0x20041f10
[K[Body] DEBUG: instCount=131200000, PC=0x263a, SP=0x20041f10
[K[Body] DEBUG: instCount=131300000, PC=0x10032b1e, SP=0x20041f10
[K[Body] DEBUG: instCount=131400000, PC=0x263a, SP=0x20041f10
[K[Body] DEBUG: instCount=131500000, PC=0x10033334, SP=0x20041f48
[K[Body] DEBUG: instCount=131600000, PC=0x1002e04a, SP=0x20041f80
================================================================================
[H================================================================================
                           VIRTUAL CAN NETWORK DASHBOARD                        
================================================================================
Bus Stats | Ticks: 1,050,000 | Sim/Wall: 0.01x | Effective Rate: 7335 bps
--------------------------------------------------------------------------------
[1;36m[GATEWAY][0m Total TX: 0 | Total RX: 0

[1;36m[ENGINE][0m Total TX: 0 | Total RX: 0

[1;36m[CHASSIS][0m Total TX: 0 | Total RX: 0

[1;36m[BODY][0m Total TX: 0 | Total RX: 0

----------------------------------- LOGS ---------------------------------------
[K[Chassis] DEBUG: instCount=132600000, PC=0x1002dea2, SP=0x20041f38
[K[Chassis] DEBUG: instCount=132700000, PC=0x1002df5a, SP=0x20041f68
[K[Chassis] DEBUG: instCount=132800000, PC=0x1002e48c, SP=0x20041f28
[K[Body] DEBUG: instCount=131700000, PC=0x1002de3a, SP=0x20041f6c
[K[Body] DEBUG: instCount=131800000, PC=0x1002e04a, SP=0x20041f80
[K[Body] DEBUG: instCount=131900000, PC=0x1002de80, SP=0x20041f38
[K[Body] DEBUG: instCount=132000000, PC=0x1002dc08, SP=0x20041f10
[K[Body] DEBUG: instCount=132100000, PC=0x1002e266, SP=0x20041ee0
[K[Body] DEBUG: instCount=132200000, PC=0x1002dc08, SP=0x20041f10
[K[Body] DEBUG: instCount=132300000, PC=0x1002e29e, SP=0x20041ee0
[K[Body] DEBUG: instCount=132400000, PC=0x1002dea2, SP=0x20041f38
[K[Body] DEBUG: instCount=132500000, PC=0x1002dec4, SP=0x20041f38
[K[Body] DEBUG: instCount=132600000, PC=0x1002dea2, SP=0x20041f38
[K[Body] DEBUG: instCount=132700000, PC=0x1002df5a, SP=0x20041f68
[K[Body] DEBUG: instCount=132800000, PC=0x1002e48c, SP=0x20041f28
================================================================================
[H================================================================================
                           VIRTUAL CAN NETWORK DASHBOARD                        
================================================================================
Bus Stats | Ticks: 1,060,000 | Sim/Wall: 0.01x | Effective Rate: 7336 bps
--------------------------------------------------------------------------------
[1;36m[GATEWAY][0m Total TX: 0 | Total RX: 0

[1;36m[ENGINE][0m Total TX: 0 | Total RX: 0

[1;36m[CHASSIS][0m Total TX: 0 | Total RX: 0

[1;36m[BODY][0m Total TX: 0 | Total RX: 0

----------------------------------- LOGS ---------------------------------------
[K[Chassis] DEBUG: instCount=134000000, PC=0x1003372a, SP=0x20041f58
[K[Chassis] DEBUG: instCount=134100000, PC=0x100344b4, SP=0x20041f58
[K[Body] DEBUG: instCount=132900000, PC=0x1002df66, SP=0x20041f68
[K[Body] DEBUG: instCount=133000000, PC=0x1002e48c, SP=0x20041f28
[K[Body] DEBUG: instCount=133100000, PC=0x10029bfc, SP=0x20041f90
[K[Body] DEBUG: instCount=133200000, PC=0x1003374e, SP=0x20041f58
[K[Body] DEBUG: instCount=133300000, PC=0x10032f8e, SP=0x20041f48
[K[Body] DEBUG: instCount=133400000, PC=0x1003374e, SP=0x20041f58
[K[Body] DEBUG: instCount=133500000, PC=0x10032b8a, SP=0x20041f30
[K[Body] DEBUG: instCount=133600000, PC=0x2636, SP=0x20041f30
[K[Body] DEBUG: instCount=133700000, PC=0x10032b82, SP=0x20041f30
[K[Body] DEBUG: instCount=133800000, PC=0x2636, SP=0x20041f30
[K[Body] DEBUG: instCount=133900000, PC=0x100336fa, SP=0x20041f58
[K[Body] DEBUG: instCount=134000000, PC=0x1003372a, SP=0x20041f58
[K[Body] DEBUG: instCount=134100000, PC=0x100344b4, SP=0x20041f58
================================================================================
[H================================================================================
                           VIRTUAL CAN NETWORK DASHBOARD                        
================================================================================
Bus Stats | Ticks: 1,070,000 | Sim/Wall: 0.01x | Effective Rate: 7336 bps
--------------------------------------------------------------------------------
[1;36m[GATEWAY][0m Total TX: 0 | Total RX: 0

[1;36m[ENGINE][0m Total TX: 0 | Total RX: 0

[1;36m[CHASSIS][0m Total TX: 0 | Total RX: 0

[1;36m[BODY][0m Total TX: 0 | Total RX: 0

----------------------------------- LOGS ---------------------------------------
[K[Chassis] DEBUG: instCount=135300000, PC=0x10033628, SP=0x20041f00
[K[Chassis] DEBUG: instCount=135400000, PC=0x1003345a, SP=0x20041f08
[K[Body] DEBUG: instCount=134200000, PC=0x10033732, SP=0x20041f58
[K[Body] DEBUG: instCount=134300000, PC=0x1003452c, SP=0x20041f30
[K[Body] DEBUG: instCount=134400000, PC=0x10032a1a, SP=0x20041f00
[K[Body] DEBUG: instCount=134500000, PC=0x20000304, SP=0x20041f00
[K[Body] DEBUG: instCount=134600000, PC=0x10032a22, SP=0x20041f00
[K[Body] DEBUG: instCount=134700000, PC=0x20005878, SP=0x20041ee8
[K[Body] DEBUG: instCount=134800000, PC=0x200002aa, SP=0x20041ec8
[K[Body] DEBUG: instCount=134900000, PC=0x10032a3a, SP=0x20041f00
[K[Body] DEBUG: instCount=135000000, PC=0x200002b4, SP=0x20041ec8
[K[Body] DEBUG: instCount=135100000, PC=0x2000036a, SP=0x20041f00
[K[Body] DEBUG: instCount=135200000, PC=0x10033452, SP=0x20041f08
[K[Body] DEBUG: instCount=135300000, PC=0x10033628, SP=0x20041f00
[K[Body] DEBUG: instCount=135400000, PC=0x1003345a, SP=0x20041f08
================================================================================
[H================================================================================
                           VIRTUAL CAN NETWORK DASHBOARD                        
================================================================================
Bus Stats | Ticks: 1,080,000 | Sim/Wall: 0.01x | Effective Rate: 7341 bps
--------------------------------------------------------------------------------
[1;36m[GATEWAY][0m Total TX: 0 | Total RX: 0

[1;36m[ENGINE][0m Total TX: 0 | Total RX: 0

[1;36m[CHASSIS][0m Total TX: 0 | Total RX: 0

[1;36m[BODY][0m Total TX: 0 | Total RX: 0

----------------------------------- LOGS ---------------------------------------
[K[Chassis] DEBUG: instCount=136600000, PC=0x1002db9c, SP=0x20041f38
[K[Chassis] DEBUG: instCount=136700000, PC=0x1002dbec, SP=0x20041f10
[K[Body] DEBUG: instCount=135500000, PC=0x100334f6, SP=0x20041ed8
[K[Body] DEBUG: instCount=135600000, PC=0x1003360e, SP=0x20041ee8
[K[Body] DEBUG: instCount=135700000, PC=0x10034154, SP=0x20041f20
[K[Body] DEBUG: instCount=135800000, PC=0x10033616, SP=0x20041ee8
[K[Body] DEBUG: instCount=135900000, PC=0x10032f8c, SP=0x20041f48
[K[Body] DEBUG: instCount=136000000, PC=0x10033a62, SP=0x20041f58
[K[Body] DEBUG: instCount=136100000, PC=0x10026e16, SP=0x20041f98
[K[Body] DEBUG: instCount=136200000, PC=0x100336fa, SP=0x20041f58
[K[Body] DEBUG: instCount=136300000, PC=0x1002e176, SP=0x20041fa0
[K[Body] DEBUG: instCount=136400000, PC=0x1002de7a, SP=0x20041f38
[K[Body] DEBUG: instCount=136500000, PC=0x1002dbb0, SP=0x20041f10
[K[Body] DEBUG: instCount=136600000, PC=0x1002db9c, SP=0x20041f38
[K[Body] DEBUG: instCount=136700000, PC=0x1002dbec, SP=0x20041f10
================================================================================
[H================================================================================
                           VIRTUAL CAN NETWORK DASHBOARD                        
================================================================================
Bus Stats | Ticks: 1,090,000 | Sim/Wall: 0.01x | Effective Rate: 7348 bps
--------------------------------------------------------------------------------
[1;36m[GATEWAY][0m Total TX: 0 | Total RX: 0

[1;36m[ENGINE][0m Total TX: 0 | Total RX: 0

[1;36m[CHASSIS][0m Total TX: 0 | Total RX: 0

[1;36m[BODY][0m Total TX: 0 | Total RX: 0

----------------------------------- LOGS ---------------------------------------
[K[Chassis] DEBUG: instCount=137900000, PC=0x26cc, SP=0x20041f08
[K[Chassis] DEBUG: instCount=138000000, PC=0x2000066e, SP=0x20041f08
[K[Body] DEBUG: instCount=136800000, PC=0x1002e298, SP=0x20041ee0
[K[Body] DEBUG: instCount=136900000, PC=0x1002e2b4, SP=0x20041ee0
[K[Body] DEBUG: instCount=137000000, PC=0x1002e2a0, SP=0x20041ee0
[K[Body] DEBUG: instCount=137100000, PC=0x1002dc36, SP=0x20041f10
[K[Body] DEBUG: instCount=137200000, PC=0x100331fe, SP=0x20041f28
[K[Body] DEBUG: instCount=137300000, PC=0x1003333e, SP=0x20041f28
[K[Body] DEBUG: instCount=137400000, PC=0x10033206, SP=0x20041f28
[K[Body] DEBUG: instCount=137500000, PC=0x100332f4, SP=0x20041f28
[K[Body] DEBUG: instCount=137600000, PC=0x10033306, SP=0x20041f28
[K[Body] DEBUG: instCount=137700000, PC=0x100336c4, SP=0x20041f18
[K[Body] DEBUG: instCount=137800000, PC=0x1003330e, SP=0x20041f28
[K[Body] DEBUG: instCount=137900000, PC=0x26cc, SP=0x20041f08
[K[Body] DEBUG: instCount=138000000, PC=0x2000066e, SP=0x20041f08
================================================================================
[H================================================================================
                           VIRTUAL CAN NETWORK DASHBOARD                        
================================================================================
Bus Stats | Ticks: 1,100,000 | Sim/Wall: 0.01x | Effective Rate: 7349 bps
--------------------------------------------------------------------------------
[1;36m[GATEWAY][0m Total TX: 0 | Total RX: 0

[1;36m[ENGINE][0m Total TX: 0 | Total RX: 0

[1;36m[CHASSIS][0m Total TX: 0 | Total RX: 0

[1;36m[BODY][0m Total TX: 0 | Total RX: 0

----------------------------------- LOGS ---------------------------------------
[K[Chassis] DEBUG: instCount=139000000, PC=0x1002df18, SP=0x20041f68
[K[Chassis] DEBUG: instCount=139100000, PC=0x1002e49c, SP=0x20041f48
[K[Chassis] DEBUG: instCount=139200000, PC=0x1002e042, SP=0x20041f80
[K[Body] DEBUG: instCount=138100000, PC=0x10033756, SP=0x20041f08
[K[Body] DEBUG: instCount=138200000, PC=0x200055b4, SP=0x20041f04
[K[Body] DEBUG: instCount=138300000, PC=0x10033026, SP=0x20041ef0
[K[Body] DEBUG: instCount=138400000, PC=0x2638, SP=0x20041ef0
[K[Body] DEBUG: instCount=138500000, PC=0x263c, SP=0x20041ef0
[K[Body] DEBUG: instCount=138600000, PC=0x2638, SP=0x20041ef0
[K[Body] DEBUG: instCount=138700000, PC=0x2000067c, SP=0x20041f08
[K[Body] DEBUG: instCount=138800000, PC=0x20005bb0, SP=0x20041f58
[K[Body] DEBUG: instCount=138900000, PC=0x1002df2e, SP=0x20041f68
[K[Body] DEBUG: instCount=139000000, PC=0x1002df18, SP=0x20041f68
[K[Body] DEBUG: instCount=139100000, PC=0x1002e49c, SP=0x20041f48
[K[Body] DEBUG: instCount=139200000, PC=0x1002e042, SP=0x20041f80
================================================================================
[H================================================================================
                           VIRTUAL CAN NETWORK DASHBOARD                        
================================================================================
Bus Stats | Ticks: 1,110,000 | Sim/Wall: 0.01x | Effective Rate: 7339 bps
--------------------------------------------------------------------------------
[1;36m[GATEWAY][0m Total TX: 0 | Total RX: 0

[1;36m[ENGINE][0m Total TX: 0 | Total RX: 0

[1;36m[CHASSIS][0m Total TX: 0 | Total RX: 0

[1;36m[BODY][0m Total TX: 0 | Total RX: 0

----------------------------------- LOGS ---------------------------------------
[K[Chassis] DEBUG: instCount=140400000, PC=0x100344ba, SP=0x20041f30
[K[Chassis] DEBUG: instCount=140500000, PC=0x100344de, SP=0x20041f30
[K[Body] DEBUG: instCount=139300000, PC=0x1002e046, SP=0x20041f80
[K[Body] DEBUG: instCount=139400000, PC=0x1002dac2, SP=0x20041f74
[K[Body] DEBUG: instCount=139500000, PC=0x1001e8d2, SP=0x20041f98
[K[Body] DEBUG: instCount=139600000, PC=0x10032f96, SP=0x20041f48
[K[Body] DEBUG: instCount=139700000, PC=0x10032b74, SP=0x20041f30
[K[Body] DEBUG: instCount=139800000, PC=0x10032b5a, SP=0x20041f30
[K[Body] DEBUG: instCount=139900000, PC=0x2634, SP=0x20041f30
[K[Body] DEBUG: instCount=140000000, PC=0x10032faa, SP=0x20041f48
[K[Body] DEBUG: instCount=140100000, PC=0x10033a62, SP=0x20041f58
[K[Body] DEBUG: instCount=140200000, PC=0x10032b2c, SP=0x20041f48
[K[Body] DEBUG: instCount=140300000, PC=0x20004d64, SP=0x20041f58
[K[Body] DEBUG: instCount=140400000, PC=0x100344ba, SP=0x20041f30
[K[Body] DEBUG: instCount=140500000, PC=0x100344de, SP=0x20041f30
================================================================================
[H================================================================================
                           VIRTUAL CAN NETWORK DASHBOARD                        
================================================================================
Bus Stats | Ticks: 1,120,000 | Sim/Wall: 0.01x | Effective Rate: 7355 bps
--------------------------------------------------------------------------------
[1;36m[GATEWAY][0m Total TX: 0 | Total RX: 0

[1;36m[ENGINE][0m Total TX: 0 | Total RX: 0

[1;36m[CHASSIS][0m Total TX: 0 | Total RX: 0

[1;36m[BODY][0m Total TX: 0 | Total RX: 0

----------------------------------- LOGS ---------------------------------------
[K[Chassis] DEBUG: instCount=141700000, PC=0x100334ee, SP=0x20041ed8
[K[Chassis] DEBUG: instCount=141800000, PC=0x100334da, SP=0x20041ed8
[K[Body] DEBUG: instCount=140600000, PC=0x100344d2, SP=0x20041f30
[K[Body] DEBUG: instCount=140700000, PC=0x10034126, SP=0x20041f20
[K[Body] DEBUG: instCount=140800000, PC=0x2000030a, SP=0x20041ee8
[K[Body] DEBUG: instCount=140900000, PC=0x20005870, SP=0x20041ee8
[K[Body] DEBUG: instCount=141000000, PC=0x1002e174, SP=0x20041ee8
[K[Body] DEBUG: instCount=141100000, PC=0x10031b84, SP=0x20041ee4
[K[Body] DEBUG: instCount=141200000, PC=0x10032a40, SP=0x20041f00
[K[Body] DEBUG: instCount=141300000, PC=0x20000360, SP=0x20041f00
[K[Body] DEBUG: instCount=141400000, PC=0x20000346, SP=0x20041f00
[K[Body] DEBUG: instCount=141500000, PC=0x10032f86, SP=0x20041f18
[K[Body] DEBUG: instCount=141600000, PC=0x1003362e, SP=0x20041ef0
[K[Body] DEBUG: instCount=141700000, PC=0x100334ee, SP=0x20041ed8
[K[Body] DEBUG: instCount=141800000, PC=0x100334da, SP=0x20041ed8
================================================================================
[H================================================================================
                           VIRTUAL CAN NETWORK DASHBOARD                        
================================================================================
Bus Stats | Ticks: 1,130,000 | Sim/Wall: 0.01x | Effective Rate: 7373 bps
--------------------------------------------------------------------------------
[1;36m[GATEWAY][0m Total TX: 0 | Total RX: 0

[1;36m[ENGINE][0m Total TX: 0 | Total RX: 0

[1;36m[CHASSIS][0m Total TX: 0 | Total RX: 0

[1;36m[BODY][0m Total TX: 0 | Total RX: 0

----------------------------------- LOGS ---------------------------------------
[K[Chassis] DEBUG: instCount=143000000, PC=0x1002dbd0, SP=0x20041f10
[K[Chassis] DEBUG: instCount=143100000, PC=0x1002dc2c, SP=0x20041f10
[K[Body] DEBUG: instCount=141900000, PC=0x1003363e, SP=0x20041ef0
[K[Body] DEBUG: instCount=142000000, PC=0x100344f6, SP=0x20041f30
[K[Body] DEBUG: instCount=142100000, PC=0x10033a5a, SP=0x20041f58
[K[Body] DEBUG: instCount=142200000, PC=0x10033a56, SP=0x20041f58
[K[Body] DEBUG: instCount=142300000, PC=0x10032b5c, SP=0x20041f30
[K[Body] DEBUG: instCount=142400000, PC=0x10018504, SP=0x20041fa0
[K[Body] DEBUG: instCount=142500000, PC=0x1002e16e, SP=0x20041fa0
[K[Body] DEBUG: instCount=142600000, PC=0x10018542, SP=0x20041f88
[K[Body] DEBUG: instCount=142700000, PC=0x1002e050, SP=0x20041f80
[K[Body] DEBUG: instCount=142800000, PC=0x1002dbb6, SP=0x20041f10
[K[Body] DEBUG: instCount=142900000, PC=0x1002dbe4, SP=0x20041f10
[K[Body] DEBUG: instCount=143000000, PC=0x1002dbd0, SP=0x20041f10
[K[Body] DEBUG: instCount=143100000, PC=0x1002dc2c, SP=0x20041f10
================================================================================
[H================================================================================
                           VIRTUAL CAN NETWORK DASHBOARD                        
================================================================================
Bus Stats | Ticks: 1,140,000 | Sim/Wall: 0.01x | Effective Rate: 7381 bps
--------------------------------------------------------------------------------
[1;36m[GATEWAY][0m Total TX: 0 | Total RX: 0

[1;36m[ENGINE][0m Total TX: 0 | Total RX: 0

[1;36m[CHASSIS][0m Total TX: 0 | Total RX: 0

[1;36m[BODY][0m Total TX: 0 | Total RX: 0

----------------------------------- LOGS ---------------------------------------
[K[Chassis] DEBUG: instCount=144300000, PC=0x10033756, SP=0x20041f58
[K[Chassis] DEBUG: instCount=144400000, PC=0x10032b4c, SP=0x20041f48
[K[Body] DEBUG: instCount=143200000, PC=0x1002e2ba, SP=0x20041ee0
[K[Body] DEBUG: instCount=143300000, PC=0x1002e2ca, SP=0x20041ee0
[K[Body] DEBUG: instCount=143400000, PC=0x1002e2da, SP=0x20041ee0
[K[Body] DEBUG: instCount=143500000, PC=0x1002deaa, SP=0x20041f38
[K[Body] DEBUG: instCount=143600000, PC=0x1002e496, SP=0x20041f48
[K[Body] DEBUG: instCount=143700000, PC=0x1002e45a, SP=0x20041f28
[K[Body] DEBUG: instCount=143800000, PC=0x1002e450, SP=0x20041f28
[K[Body] DEBUG: instCount=143900000, PC=0x1002e4a0, SP=0x20041f48
[K[Body] DEBUG: instCount=144000000, PC=0x1001e8cc, SP=0x20041f60
[K[Body] DEBUG: instCount=144100000, PC=0x100337ee, SP=0x20041f50
[K[Body] DEBUG: instCount=144200000, PC=0x10026e10, SP=0x20041f98
[K[Body] DEBUG: instCount=144300000, PC=0x10033756, SP=0x20041f58
[K[Body] DEBUG: instCount=144400000, PC=0x10032b4c, SP=0x20041f48
================================================================================
[H================================================================================
                           VIRTUAL CAN NETWORK DASHBOARD                        
================================================================================
Bus Stats | Ticks: 1,150,000 | Sim/Wall: 0.01x | Effective Rate: 7371 bps
--------------------------------------------------------------------------------
[1;36m[GATEWAY][0m Total TX: 0 | Total RX: 0

[1;36m[ENGINE][0m Total TX: 0 | Total RX: 0

[1;36m[CHASSIS][0m Total TX: 0 | Total RX: 0

[1;36m[BODY][0m Total TX: 0 | Total RX: 0

----------------------------------- LOGS ---------------------------------------
[K[Chassis] DEBUG: instCount=145600000, PC=0x10032fd2, SP=0x20041f10
[K[Chassis] DEBUG: instCount=145700000, PC=0x1003300e, SP=0x20041f10
[K[Body] DEBUG: instCount=144500000, PC=0x10029cce, SP=0x20041fa0
[K[Body] DEBUG: instCount=144600000, PC=0x10033700, SP=0x20041f58
[K[Body] DEBUG: instCount=144700000, PC=0x1002e16a, SP=0x20041fa0
[K[Body] DEBUG: instCount=144800000, PC=0x100332f4, SP=0x20041f48
[K[Body] DEBUG: instCount=144900000, PC=0x10033208, SP=0x20041f48
[K[Body] DEBUG: instCount=145000000, PC=0x10033212, SP=0x20041f48
[K[Body] DEBUG: instCount=145100000, PC=0x100332f0, SP=0x20041f48
[K[Body] DEBUG: instCount=145200000, PC=0x1003355e, SP=0x20041f28
[K[Body] DEBUG: instCount=145300000, PC=0x10033572, SP=0x20041f28
[K[Body] DEBUG: instCount=145400000, PC=0x26a8, SP=0x20041f28
[K[Body] DEBUG: instCount=145500000, PC=0x1003331a, SP=0x20041f48
[K[Body] DEBUG: instCount=145600000, PC=0x10032fd2, SP=0x20041f10
[K[Body] DEBUG: instCount=145700000, PC=0x1003300e, SP=0x20041f10
================================================================================
[H================================================================================
                           VIRTUAL CAN NETWORK DASHBOARD                        
================================================================================
Bus Stats | Ticks: 1,160,000 | Sim/Wall: 0.01x | Effective Rate: 7366 bps
--------------------------------------------------------------------------------
[1;36m[GATEWAY][0m Total TX: 0 | Total RX: 0

[1;36m[ENGINE][0m Total TX: 0 | Total RX: 0

[1;36m[CHASSIS][0m Total TX: 0 | Total RX: 0

[1;36m[BODY][0m Total TX: 0 | Total RX: 0

----------------------------------- LOGS ---------------------------------------
[K[Chassis] DEBUG: instCount=146700000, PC=0x1002dbb0, SP=0x20041f10
[K[Chassis] DEBUG: instCount=146800000, PC=0x1002e268, SP=0x20041ee0
[K[Chassis] DEBUG: instCount=146900000, PC=0x1002e292, SP=0x20041ee0
[K[Body] DEBUG: instCount=145800000, PC=0x10032fea, SP=0x20041f10
[K[Body] DEBUG: instCount=145900000, PC=0x2634, SP=0x20041f10
[K[Body] DEBUG: instCount=146000000, PC=0x10032b20, SP=0x20041f10
[K[Body] DEBUG: instCount=146100000, PC=0x10033700, SP=0x20041f28
[K[Body] DEBUG: instCount=146200000, PC=0x2000067e, SP=0x20041f28
[K[Body] DEBUG: instCount=146300000, PC=0x10033340, SP=0x20041f48
[K[Body] DEBUG: instCount=146400000, PC=0x1002de3c, SP=0x20041f38
[K[Body] DEBUG: instCount=146500000, PC=0x1002de74, SP=0x20041f38
[K[Body] DEBUG: instCount=146600000, PC=0x1002de5e, SP=0x20041f38
[K[Body] DEBUG: instCount=146700000, PC=0x1002dbb0, SP=0x20041f10
[K[Body] DEBUG: instCount=146800000, PC=0x1002e268, SP=0x20041ee0
[K[Body] DEBUG: instCount=146900000, PC=0x1002e292, SP=0x20041ee0
================================================================================
[H================================================================================
                           VIRTUAL CAN NETWORK DASHBOARD                        
================================================================================
Bus Stats | Ticks: 1,170,000 | Sim/Wall: 0.01x | Effective Rate: 7358 bps
--------------------------------------------------------------------------------
[1;36m[GATEWAY][0m Total TX: 0 | Total RX: 0

[1;36m[ENGINE][0m Total TX: 0 | Total RX: 0

[1;36m[CHASSIS][0m Total TX: 0 | Total RX: 0

[1;36m[BODY][0m Total TX: 0 | Total RX: 0

----------------------------------- LOGS ---------------------------------------
[K[Chassis] DEBUG: instCount=148100000, PC=0x10032b80, SP=0x20041f30
[K[Chassis] DEBUG: instCount=148200000, PC=0x10032b5e, SP=0x20041f30
[K[Body] DEBUG: instCount=147000000, PC=0x1002e27a, SP=0x20041ee0
[K[Body] DEBUG: instCount=147100000, PC=0x1002e2b4, SP=0x20041ee0
[K[Body] DEBUG: instCount=147200000, PC=0x1002dec6, SP=0x20041f38
[K[Body] DEBUG: instCount=147300000, PC=0x1002df4e, SP=0x20041f68
[K[Body] DEBUG: instCount=147400000, PC=0x1002df1c, SP=0x20041f68
[K[Body] DEBUG: instCount=147500000, PC=0x1002e4b8, SP=0x20041f58
[K[Body] DEBUG: instCount=147600000, PC=0x1002df68, SP=0x20041f68
[K[Body] DEBUG: instCount=147700000, PC=0x10029cec, SP=0x20041fa0
[K[Body] DEBUG: instCount=147800000, PC=0x1002dac6, SP=0x20041f74
[K[Body] DEBUG: instCount=147900000, PC=0x1001e8c6, SP=0x20041f60
[K[Body] DEBUG: instCount=148000000, PC=0x10032f90, SP=0x20041f48
[K[Body] DEBUG: instCount=148100000, PC=0x10032b80, SP=0x20041f30
[K[Body] DEBUG: instCount=148200000, PC=0x10032b5e, SP=0x20041f30
================================================================================
[H================================================================================
                           VIRTUAL CAN NETWORK DASHBOARD                        
================================================================================
Bus Stats | Ticks: 1,180,000 | Sim/Wall: 0.01x | Effective Rate: 7352 bps
--------------------------------------------------------------------------------
[1;36m[GATEWAY][0m Total TX: 0 | Total RX: 0

[1;36m[ENGINE][0m Total TX: 0 | Total RX: 0

[1;36m[CHASSIS][0m Total TX: 0 | Total RX: 0

[1;36m[BODY][0m Total TX: 0 | Total RX: 0

----------------------------------- LOGS ---------------------------------------
[K[Chassis] DEBUG: instCount=149400000, PC=0x2000030e, SP=0x20041ee8
[K[Chassis] DEBUG: instCount=149500000, PC=0x10031b78, SP=0x20041ee4
[K[Body] DEBUG: instCount=148300000, PC=0x2642, SP=0x20041f30
[K[Body] DEBUG: instCount=148400000, PC=0x263c, SP=0x20041f30
[K[Body] DEBUG: instCount=148500000, PC=0x10033a66, SP=0x20041f58
[K[Body] DEBUG: instCount=148600000, PC=0x10032fb6, SP=0x20041f48
[K[Body] DEBUG: instCount=148700000, PC=0x10033a78, SP=0x20041f58
[K[Body] DEBUG: instCount=148800000, PC=0x10033efc, SP=0x20041f58
[K[Body] DEBUG: instCount=148900000, PC=0x100344e2, SP=0x20041f30
[K[Body] DEBUG: instCount=149000000, PC=0x1003302a, SP=0x20041f30
[K[Body] DEBUG: instCount=149100000, PC=0x100344e6, SP=0x20041f30
[K[Body] DEBUG: instCount=149200000, PC=0x100348e4, SP=0x20041efc
[K[Body] DEBUG: instCount=149300000, PC=0x20005874, SP=0x20041ee4
[K[Body] DEBUG: instCount=149400000, PC=0x2000030e, SP=0x20041ee8
[K[Body] DEBUG: instCount=149500000, PC=0x10031b78, SP=0x20041ee4
================================================================================
[H================================================================================
                           VIRTUAL CAN NETWORK DASHBOARD                        
================================================================================
Bus Stats | Ticks: 1,190,000 | Sim/Wall: 0.01x | Effective Rate: 7345 bps
--------------------------------------------------------------------------------
[1;36m[GATEWAY][0m Total TX: 0 | Total RX: 0

[1;36m[ENGINE][0m Total TX: 0 | Total RX: 0

[1;36m[CHASSIS][0m Total TX: 0 | Total RX: 0

[1;36m[BODY][0m Total TX: 0 | Total RX: 0

----------------------------------- LOGS ---------------------------------------
[K[Chassis] DEBUG: instCount=150700000, PC=0x10032f9c, SP=0x20041f48
[K[Chassis] DEBUG: instCount=150800000, PC=0x10033a6e, SP=0x20041f58
[K[Body] DEBUG: instCount=149600000, PC=0x10032a34, SP=0x20041f00
[K[Body] DEBUG: instCount=149700000, PC=0x20000364, SP=0x20041f00
[K[Body] DEBUG: instCount=149800000, PC=0x2000034c, SP=0x20041f00
[K[Body] DEBUG: instCount=149900000, PC=0x10032f74, SP=0x20041f18
[K[Body] DEBUG: instCount=150000000, PC=0x10033696, SP=0x20041f00
[K[Body] DEBUG: instCount=150100000, PC=0x100334f2, SP=0x20041ed8
[K[Body] DEBUG: instCount=150200000, PC=0x100334de, SP=0x20041ed8
[K[Body] DEBUG: instCount=150300000, PC=0x10033526, SP=0x20041ed8
[K[Body] DEBUG: instCount=150400000, PC=0x10033988, SP=0x20041f10
[K[Body] DEBUG: instCount=150500000, PC=0x10033a5e, SP=0x20041f58
[K[Body] DEBUG: instCount=150600000, PC=0x10033746, SP=0x20041f58
[K[Body] DEBUG: instCount=150700000, PC=0x10032f9c, SP=0x20041f48
[K[Body] DEBUG: instCount=150800000, PC=0x10033a6e, SP=0x20041f58
================================================================================
[H================================================================================
                           VIRTUAL CAN NETWORK DASHBOARD                        
================================================================================
Bus Stats | Ticks: 1,200,000 | Sim/Wall: 0.01x | Effective Rate: 7362 bps
--------------------------------------------------------------------------------
[1;36m[GATEWAY][0m Total TX: 0 | Total RX: 0

[1;36m[ENGINE][0m Total TX: 0 | Total RX: 0

[1;36m[CHASSIS][0m Total TX: 0 | Total RX: 0

[1;36m[BODY][0m Total TX: 0 | Total RX: 0

----------------------------------- LOGS ---------------------------------------
[K[Chassis] DEBUG: instCount=152000000, PC=0x100332f0, SP=0x20041f28
[K[Chassis] DEBUG: instCount=152100000, PC=0x100332f0, SP=0x20041f28
[K[Body] DEBUG: instCount=150900000, PC=0x1002e172, SP=0x20041fa0
[K[Body] DEBUG: instCount=151000000, PC=0x10018546, SP=0x20041f88
[K[Body] DEBUG: instCount=151100000, PC=0x1002e038, SP=0x20041f80
[K[Body] DEBUG: instCount=151200000, PC=0x1002dbaa, SP=0x20041f10
[K[Body] DEBUG: instCount=151300000, PC=0x1002dbe8, SP=0x20041f10
[K[Body] DEBUG: instCount=151400000, PC=0x1002dbd4, SP=0x20041f10
[K[Body] DEBUG: instCount=151500000, PC=0x1002dc02, SP=0x20041f10
[K[Body] DEBUG: instCount=151600000, PC=0x1002e2ae, SP=0x20041ee0
[K[Body] DEBUG: instCount=151700000, PC=0x1002e2d0, SP=0x20041ee0
[K[Body] DEBUG: instCount=151800000, PC=0x1002e2de, SP=0x20041ee0
[K[Body] DEBUG: instCount=151900000, PC=0x1002de9c, SP=0x20041f38
[K[Body] DEBUG: instCount=152000000, PC=0x100332f0, SP=0x20041f28
[K[Body] DEBUG: instCount=152100000, PC=0x100332f0, SP=0x20041f28
================================================================================
[H================================================================================
                           VIRTUAL CAN NETWORK DASHBOARD                        
================================================================================
Bus Stats | Ticks: 1,210,000 | Sim/Wall: 0.01x | Effective Rate: 7375 bps
--------------------------------------------------------------------------------
[1;36m[GATEWAY][0m Total TX: 0 | Total RX: 0

[1;36m[ENGINE][0m Total TX: 0 | Total RX: 0

[1;36m[CHASSIS][0m Total TX: 0 | Total RX: 0

[1;36m[BODY][0m Total TX: 0 | Total RX: 0

----------------------------------- LOGS ---------------------------------------
[K[Chassis] DEBUG: instCount=153100000, PC=0x1003300e, SP=0x20041ef0
[K[Chassis] DEBUG: instCount=153200000, PC=0x2636, SP=0x20041ef0
[K[Chassis] DEBUG: instCount=153300000, PC=0x200006ec, SP=0x20041f08
[K[Body] DEBUG: instCount=152200000, PC=0x10033342, SP=0x20041f28
[K[Body] DEBUG: instCount=152300000, PC=0x10033210, SP=0x20041f28
[K[Body] DEBUG: instCount=152400000, PC=0x100336be, SP=0x20041f18
[K[Body] DEBUG: instCount=152500000, PC=0x26aa, SP=0x20041f08
[K[Body] DEBUG: instCount=152600000, PC=0x10033564, SP=0x20041f08
[K[Body] DEBUG: instCount=152700000, PC=0x10033550, SP=0x20041f08
[K[Body] DEBUG: instCount=152800000, PC=0x1003374e, SP=0x20041f08
[K[Body] DEBUG: instCount=152900000, PC=0x10032fec, SP=0x20041ef0
[K[Body] DEBUG: instCount=153000000, PC=0x10032d5c, SP=0x20041ee8
[K[Body] DEBUG: instCount=153100000, PC=0x1003300e, SP=0x20041ef0
[K[Body] DEBUG: instCount=153200000, PC=0x2636, SP=0x20041ef0
[K[Body] DEBUG: instCount=153300000, PC=0x200006ec, SP=0x20041f08
================================================================================
[H================================================================================
                           VIRTUAL CAN NETWORK DASHBOARD                        
================================================================================
Bus Stats | Ticks: 1,220,000 | Sim/Wall: 0.01x | Effective Rate: 7377 bps
--------------------------------------------------------------------------------
[1;36m[GATEWAY][0m Total TX: 0 | Total RX: 0

[1;36m[ENGINE][0m Total TX: 0 | Total RX: 0

[1;36m[CHASSIS][0m Total TX: 0 | Total RX: 0

[1;36m[BODY][0m Total TX: 0 | Total RX: 0

----------------------------------- LOGS ---------------------------------------
[K[Chassis] DEBUG: instCount=154500000, PC=0x2638, SP=0x20041f30
[K[Chassis] DEBUG: instCount=154600000, PC=0x2646, SP=0x20041f30
[K[Body] DEBUG: instCount=153400000, PC=0x10032ff6, SP=0x20041ef0
[K[Body] DEBUG: instCount=153500000, PC=0x10033700, SP=0x20041f08
[K[Body] DEBUG: instCount=153600000, PC=0x1002df1e, SP=0x20041f68
[K[Body] DEBUG: instCount=153700000, PC=0x1002e442, SP=0x20041f28
[K[Body] DEBUG: instCount=153800000, PC=0x1002e4b4, SP=0x20041f58
[K[Body] DEBUG: instCount=153900000, PC=0x1002e454, SP=0x20041f28
[K[Body] DEBUG: instCount=154000000, PC=0x1002dac8, SP=0x20041f74
[K[Body] DEBUG: instCount=154100000, PC=0x10029ca8, SP=0x20041fa0
[K[Body] DEBUG: instCount=154200000, PC=0x1001e8c2, SP=0x20041f98
[K[Body] DEBUG: instCount=154300000, PC=0x10033a3c, SP=0x20041f98
[K[Body] DEBUG: instCount=154400000, PC=0x10032b60, SP=0x20041f30
[K[Body] DEBUG: instCount=154500000, PC=0x2638, SP=0x20041f30
[K[Body] DEBUG: instCount=154600000, PC=0x2646, SP=0x20041f30
================================================================================
[H================================================================================
                           VIRTUAL CAN NETWORK DASHBOARD                        
================================================================================
Bus Stats | Ticks: 1,230,000 | Sim/Wall: 0.01x | Effective Rate: 7369 bps
--------------------------------------------------------------------------------
[1;36m[GATEWAY][0m Total TX: 0 | Total RX: 0

[1;36m[ENGINE][0m Total TX: 0 | Total RX: 0

[1;36m[CHASSIS][0m Total TX: 0 | Total RX: 0

[1;36m[BODY][0m Total TX: 0 | Total RX: 0

----------------------------------- LOGS ---------------------------------------
[K[Chassis] DEBUG: instCount=155800000, PC=0x10031b7c, SP=0x20041ee4
[K[Chassis] DEBUG: instCount=155900000, PC=0x20000324, SP=0x20041ee8
[K[Body] DEBUG: instCount=154700000, PC=0x2632, SP=0x20041f30
[K[Body] DEBUG: instCount=154800000, PC=0x10032b24, SP=0x20041f48
[K[Body] DEBUG: instCount=154900000, PC=0x20004d70, SP=0x20041f50
[K[Body] DEBUG: instCount=155000000, PC=0x10034922, SP=0x20041f54
[K[Body] DEBUG: instCount=155100000, PC=0x10033eb8, SP=0x20041f58
[K[Body] DEBUG: instCount=155200000, PC=0x100344d0, SP=0x20041f30
[K[Body] DEBUG: instCount=155300000, PC=0x10032f78, SP=0x20041f18
[K[Body] DEBUG: instCount=155400000, PC=0x1003411e, SP=0x20041f20
[K[Body] DEBUG: instCount=155500000, PC=0x10032f88, SP=0x20041f18
[K[Body] DEBUG: instCount=155600000, PC=0x1002e172, SP=0x20041ee8
[K[Body] DEBUG: instCount=155700000, PC=0x10031b90, SP=0x20041ee8
[K[Body] DEBUG: instCount=155800000, PC=0x10031b7c, SP=0x20041ee4
[K[Body] DEBUG: instCount=155900000, PC=0x20000324, SP=0x20041ee8
================================================================================
[H================================================================================
                           VIRTUAL CAN NETWORK DASHBOARD                        
================================================================================
Bus Stats | Ticks: 1,240,000 | Sim/Wall: 0.01x | Effective Rate: 7383 bps
--------------------------------------------------------------------------------
[1;36m[GATEWAY][0m Total TX: 0 | Total RX: 0

[1;36m[ENGINE][0m Total TX: 0 | Total RX: 0

[1;36m[CHASSIS][0m Total TX: 0 | Total RX: 0

[1;36m[BODY][0m Total TX: 0 | Total RX: 0

----------------------------------- LOGS ---------------------------------------
[K[Chassis] DEBUG: instCount=157100000, PC=0x10032b80, SP=0x20041f30
[K[Chassis] DEBUG: instCount=157200000, PC=0x10018540, SP=0x20041f88
[K[Body] DEBUG: instCount=156000000, PC=0x20000344, SP=0x20041f00
[K[Body] DEBUG: instCount=156100000, PC=0x10034148, SP=0x20041f20
[K[Body] DEBUG: instCount=156200000, PC=0x10032f78, SP=0x20041f18
[K[Body] DEBUG: instCount=156300000, PC=0x10033960, SP=0x20041f20
[K[Body] DEBUG: instCount=156400000, PC=0x100334d6, SP=0x20041ed8
[K[Body] DEBUG: instCount=156500000, PC=0x10033674, SP=0x20041ef0
[K[Body] DEBUG: instCount=156600000, PC=0x1003352c, SP=0x20041ed8
[K[Body] DEBUG: instCount=156700000, PC=0x1003367e, SP=0x20041ef0
[K[Body] DEBUG: instCount=156800000, PC=0x10033a54, SP=0x20041f58
[K[Body] DEBUG: instCount=156900000, PC=0x10032b68, SP=0x20041f30
[K[Body] DEBUG: instCount=157000000, PC=0x10032fa0, SP=0x20041f48
[K[Body] DEBUG: instCount=157100000, PC=0x10032b80, SP=0x20041f30
[K[Body] DEBUG: instCount=157200000, PC=0x10018540, SP=0x20041f88
================================================================================
[H================================================================================
                           VIRTUAL CAN NETWORK DASHBOARD                        
================================================================================
Bus Stats | Ticks: 1,250,000 | Sim/Wall: 0.01x | Effective Rate: 7381 bps
--------------------------------------------------------------------------------
[1;36m[GATEWAY][0m Total TX: 0 | Total RX: 0

[1;36m[ENGINE][0m Total TX: 0 | Total RX: 0

[1;36m[CHASSIS][0m Total TX: 0 | Total RX: 0

[1;36m[BODY][0m Total TX: 0 | Total RX: 0

----------------------------------- LOGS ---------------------------------------
[K[Chassis] DEBUG: instCount=158400000, PC=0x1002e44e, SP=0x20041f28
[K[Chassis] DEBUG: instCount=158500000, PC=0x1002df62, SP=0x20041f68
[K[Body] DEBUG: instCount=157300000, PC=0x1002de38, SP=0x20041f80
[K[Body] DEBUG: instCount=157400000, PC=0x1002e03c, SP=0x20041f80
[K[Body] DEBUG: instCount=157500000, PC=0x1002de42, SP=0x20041f38
[K[Body] DEBUG: instCount=157600000, PC=0x1002dbcc, SP=0x20041f10
[K[Body] DEBUG: instCount=157700000, PC=0x1002e264, SP=0x20041ee0
[K[Body] DEBUG: instCount=157800000, PC=0x1002dc06, SP=0x20041f10
[K[Body] DEBUG: instCount=157900000, PC=0x1002e16a, SP=0x20041ee0
[K[Body] DEBUG: instCount=158000000, PC=0x1002e2d8, SP=0x20041ee0
[K[Body] DEBUG: instCount=158100000, PC=0x1002deb8, SP=0x20041f38
[K[Body] DEBUG: instCount=158200000, PC=0x1002dea0, SP=0x20041f38
[K[Body] DEBUG: instCount=158300000, PC=0x1002de9a, SP=0x20041f6c
[K[Body] DEBUG: instCount=158400000, PC=0x1002e44e, SP=0x20041f28
[K[Body] DEBUG: instCount=158500000, PC=0x1002df62, SP=0x20041f68
================================================================================
[H================================================================================
                           VIRTUAL CAN NETWORK DASHBOARD                        
================================================================================
Bus Stats | Ticks: 1,260,000 | Sim/Wall: 0.01x | Effective Rate: 7375 bps
--------------------------------------------------------------------------------
[1;36m[GATEWAY][0m Total TX: 0 | Total RX: 0

[1;36m[ENGINE][0m Total TX: 0 | Total RX: 0

[1;36m[CHASSIS][0m Total TX: 0 | Total RX: 0

[1;36m[BODY][0m Total TX: 0 | Total RX: 0

----------------------------------- LOGS ---------------------------------------
[K[Chassis] DEBUG: instCount=159500000, PC=0x100331a8, SP=0x20041f78
[K[Chassis] DEBUG: instCount=159600000, PC=0x10033210, SP=0x20041f48
[K[Chassis] DEBUG: instCount=159700000, PC=0x10033344, SP=0x20041f48
[K[Body] DEBUG: instCount=158600000, PC=0x1002e48a, SP=0x20041f28
[K[Body] DEBUG: instCount=158700000, PC=0x1002e06a, SP=0x20041f80
[K[Body] DEBUG: instCount=158800000, PC=0x10026e0e, SP=0x20041fa0
[K[Body] DEBUG: instCount=158900000, PC=0x10032f8c, SP=0x20041f48
[K[Body] DEBUG: instCount=159000000, PC=0x1003374c, SP=0x20041f58
[K[Body] DEBUG: instCount=159100000, PC=0x10032d5a, SP=0x20041f40
[K[Body] DEBUG: instCount=159200000, PC=0x100336fe, SP=0x20041f58
[K[Body] DEBUG: instCount=159300000, PC=0x20005bdd, SP=0x20041f80
[K[Body] DEBUG: instCount=159400000, PC=0x1001854a, SP=0x20041f88
[K[Body] DEBUG: instCount=159500000, PC=0x100331a8, SP=0x20041f78
[K[Body] DEBUG: instCount=159600000, PC=0x10033210, SP=0x20041f48
[K[Body] DEBUG: instCount=159700000, PC=0x10033344, SP=0x20041f48
================================================================================
[H================================================================================
                           VIRTUAL CAN NETWORK DASHBOARD                        
================================================================================
Bus Stats | Ticks: 1,270,000 | Sim/Wall: 0.01x | Effective Rate: 7374 bps
--------------------------------------------------------------------------------
[1;36m[GATEWAY][0m Total TX: 0 | Total RX: 0

[1;36m[ENGINE][0m Total TX: 0 | Total RX: 0

[1;36m[CHASSIS][0m Total TX: 0 | Total RX: 0

[1;36m[BODY][0m Total TX: 0 | Total RX: 0

----------------------------------- LOGS ---------------------------------------
[K[Chassis] DEBUG: instCount=160900000, PC=0x10033218, SP=0x20041f48
[K[Chassis] DEBUG: instCount=161000000, PC=0x10033340, SP=0x20041f48
[K[Body] DEBUG: instCount=159800000, PC=0x1003320c, SP=0x20041f48
[K[Body] DEBUG: instCount=159900000, PC=0x1003320c, SP=0x20041f48
[K[Body] DEBUG: instCount=160000000, PC=0x26a6, SP=0x20041f28
[K[Body] DEBUG: instCount=160100000, PC=0x10033326, SP=0x20041f48
[K[Body] DEBUG: instCount=160200000, PC=0x100336ee, SP=0x20041f38
[K[Body] DEBUG: instCount=160300000, PC=0x10034900, SP=0x20041f48
[K[Body] DEBUG: instCount=160400000, PC=0x10032fe2, SP=0x20041f10
[K[Body] DEBUG: instCount=160500000, PC=0x2638, SP=0x20041f10
[K[Body] DEBUG: instCount=160600000, PC=0x2634, SP=0x20041f10
[K[Body] DEBUG: instCount=160700000, PC=0x2632, SP=0x20041f10
[K[Body] DEBUG: instCount=160800000, PC=0x10032b50, SP=0x20041f08
[K[Body] DEBUG: instCount=160900000, PC=0x10033218, SP=0x20041f48
[K[Body] DEBUG: instCount=161000000, PC=0x10033340, SP=0x20041f48
================================================================================
[H================================================================================
                           VIRTUAL CAN NETWORK DASHBOARD                        
================================================================================
Bus Stats | Ticks: 1,280,000 | Sim/Wall: 0.01x | Effective Rate: 7385 bps
--------------------------------------------------------------------------------
[1;36m[GATEWAY][0m Total TX: 0 | Total RX: 0

[1;36m[ENGINE][0m Total TX: 0 | Total RX: 0

[1;36m[CHASSIS][0m Total TX: 0 | Total RX: 0

[1;36m[BODY][0m Total TX: 0 | Total RX: 0

----------------------------------- LOGS ---------------------------------------
[K[Chassis] DEBUG: instCount=162200000, PC=0x1002e4b8, SP=0x20041f58
[K[Chassis] DEBUG: instCount=162300000, PC=0x1002e448, SP=0x20041f28
[K[Body] DEBUG: instCount=161100000, PC=0x1003321a, SP=0x20041f48
[K[Body] DEBUG: instCount=161200000, PC=0x1002de52, SP=0x20041f38
[K[Body] DEBUG: instCount=161300000, PC=0x1002dbc4, SP=0x20041f10
[K[Body] DEBUG: instCount=161400000, PC=0x1002dbb0, SP=0x20041f10
[K[Body] DEBUG: instCount=161500000, PC=0x1002dbc6, SP=0x20041f10
[K[Body] DEBUG: instCount=161600000, PC=0x1002e270, SP=0x20041ee0
[K[Body] DEBUG: instCount=161700000, PC=0x1002e170, SP=0x20041ee0
[K[Body] DEBUG: instCount=161800000, PC=0x1002e2b4, SP=0x20041ee0
[K[Body] DEBUG: instCount=161900000, PC=0x1002e172, SP=0x20041ee0
[K[Body] DEBUG: instCount=162000000, PC=0x1002df10, SP=0x20041f68
[K[Body] DEBUG: instCount=162100000, PC=0x1002e446, SP=0x20041f28
[K[Body] DEBUG: instCount=162200000, PC=0x1002e4b8, SP=0x20041f58
[K[Body] DEBUG: instCount=162300000, PC=0x1002e448, SP=0x20041f28
================================================================================
[H================================================================================
                           VIRTUAL CAN NETWORK DASHBOARD                        
================================================================================
Bus Stats | Ticks: 1,290,000 | Sim/Wall: 0.01x | Effective Rate: 7396 bps
--------------------------------------------------------------------------------
[1;36m[GATEWAY][0m Total TX: 0 | Total RX: 0

[1;36m[ENGINE][0m Total TX: 0 | Total RX: 0

[1;36m[CHASSIS][0m Total TX: 0 | Total RX: 0

[1;36m[BODY][0m Total TX: 0 | Total RX: 0

----------------------------------- LOGS ---------------------------------------
[K[Chassis] DEBUG: instCount=163500000, PC=0x20004d6e, SP=0x20041f50
[K[Chassis] DEBUG: instCount=163600000, PC=0x100344c4, SP=0x20041f30
[K[Body] DEBUG: instCount=162400000, PC=0x1002dabc, SP=0x20041f74
[K[Body] DEBUG: instCount=162500000, PC=0x10029cc4, SP=0x20041fa0
[K[Body] DEBUG: instCount=162600000, PC=0x1001e8c6, SP=0x20041f60
[K[Body] DEBUG: instCount=162700000, PC=0x10029cc6, SP=0x20041fa0
[K[Body] DEBUG: instCount=162800000, PC=0x10032fa0, SP=0x20041f48
[K[Body] DEBUG: instCount=162900000, PC=0x2634, SP=0x20041f30
[K[Body] DEBUG: instCount=163000000, PC=0x264a, SP=0x20041f30
[K[Body] DEBUG: instCount=163100000, PC=0x2636, SP=0x20041f30
[K[Body] DEBUG: instCount=163200000, PC=0x10032b18, SP=0x20041f48
[K[Body] DEBUG: instCount=163300000, PC=0x20004d74, SP=0x20041f50
[K[Body] DEBUG: instCount=163400000, PC=0x10034926, SP=0x20041f54
[K[Body] DEBUG: instCount=163500000, PC=0x20004d6e, SP=0x20041f50
[K[Body] DEBUG: instCount=163600000, PC=0x100344c4, SP=0x20041f30
================================================================================
[H================================================================================
                           VIRTUAL CAN NETWORK DASHBOARD                        
================================================================================
Bus Stats | Ticks: 1,300,000 | Sim/Wall: 0.01x | Effective Rate: 7407 bps
--------------------------------------------------------------------------------
[1;36m[GATEWAY][0m Total TX: 0 | Total RX: 0

[1;36m[ENGINE][0m Total TX: 0 | Total RX: 0

[1;36m[CHASSIS][0m Total TX: 0 | Total RX: 0

[1;36m[BODY][0m Total TX: 0 | Total RX: 0

----------------------------------- LOGS ---------------------------------------
[K[Chassis] DEBUG: instCount=164800000, PC=0x100334ca, SP=0x20041ed8
[K[Chassis] DEBUG: instCount=164900000, PC=0x10033678, SP=0x20041ef0
[K[Body] DEBUG: instCount=163700000, PC=0x10032f7c, SP=0x20041f18
[K[Body] DEBUG: instCount=163800000, PC=0x10034122, SP=0x20041f20
[K[Body] DEBUG: instCount=163900000, PC=0x10032f76, SP=0x20041f18
[K[Body] DEBUG: instCount=164000000, PC=0x20005308, SP=0x20041ee8
[K[Body] DEBUG: instCount=164100000, PC=0x10031b94, SP=0x20041ee8
[K[Body] DEBUG: instCount=164200000, PC=0x10031b80, SP=0x20041ee4
[K[Body] DEBUG: instCount=164300000, PC=0x10031b8e, SP=0x20041ee8
[K[Body] DEBUG: instCount=164400000, PC=0x10032a4a, SP=0x20041f00
[K[Body] DEBUG: instCount=164500000, PC=0x1003414c, SP=0x20041f20
[K[Body] DEBUG: instCount=164600000, PC=0x10032f7c, SP=0x20041f18
[K[Body] DEBUG: instCount=164700000, PC=0x10034146, SP=0x20041f20
[K[Body] DEBUG: instCount=164800000, PC=0x100334ca, SP=0x20041ed8
[K[Body] DEBUG: instCount=164900000, PC=0x10033678, SP=0x20041ef0
================================================================================
[H================================================================================
                           VIRTUAL CAN NETWORK DASHBOARD                        
================================================================================
Bus Stats | Ticks: 1,310,000 | Sim/Wall: 0.01x | Effective Rate: 7413 bps
--------------------------------------------------------------------------------
[1;36m[GATEWAY][0m Total TX: 0 | Total RX: 0

[1;36m[ENGINE][0m Total TX: 0 | Total RX: 0

[1;36m[CHASSIS][0m Total TX: 0 | Total RX: 0

[1;36m[BODY][0m Total TX: 0 | Total RX: 0

----------------------------------- LOGS ---------------------------------------
[K[Chassis] DEBUG: instCount=165900000, PC=0x1002e05a, SP=0x20041f80
[K[Chassis] DEBUG: instCount=166000000, PC=0x1002dbc0, SP=0x20041f10
[K[Chassis] DEBUG: instCount=166100000, PC=0x1002e268, SP=0x20041ee0
[K[Body] DEBUG: instCount=165000000, PC=0x1003363a, SP=0x20041ef0
[K[Body] DEBUG: instCount=165100000, PC=0x10033648, SP=0x20041ef0
[K[Body] DEBUG: instCount=165200000, PC=0x10033f02, SP=0x20041f58
[K[Body] DEBUG: instCount=165300000, PC=0x10032b72, SP=0x20041f30
[K[Body] DEBUG: instCount=165400000, PC=0x10032b58, SP=0x20041f48
[K[Body] DEBUG: instCount=165500000, PC=0x10032b66, SP=0x20041f30
[K[Body] DEBUG: instCount=165600000, PC=0x1001850e, SP=0x20041f88
[K[Body] DEBUG: instCount=165700000, PC=0x1002de3c, SP=0x20041f38
[K[Body] DEBUG: instCount=165800000, PC=0x1002e04c, SP=0x20041f80
[K[Body] DEBUG: instCount=165900000, PC=0x1002e05a, SP=0x20041f80
[K[Body] DEBUG: instCount=166000000, PC=0x1002dbc0, SP=0x20041f10
[K[Body] DEBUG: instCount=166100000, PC=0x1002e268, SP=0x20041ee0
================================================================================
[H================================================================================
                           VIRTUAL CAN NETWORK DASHBOARD                        
================================================================================
Bus Stats | Ticks: 1,320,000 | Sim/Wall: 0.01x | Effective Rate: 7427 bps
--------------------------------------------------------------------------------
[1;36m[GATEWAY][0m Total TX: 0 | Total RX: 0

[1;36m[ENGINE][0m Total TX: 0 | Total RX: 0

[1;36m[CHASSIS][0m Total TX: 0 | Total RX: 0

[1;36m[BODY][0m Total TX: 0 | Total RX: 0

----------------------------------- LOGS ---------------------------------------
[K[Chassis] DEBUG: instCount=167300000, PC=0x10033314, SP=0x20041f28
[K[Chassis] DEBUG: instCount=167400000, PC=0x10033558, SP=0x20041f08
[K[Body] DEBUG: instCount=166200000, PC=0x1002dc0a, SP=0x20041f10
[K[Body] DEBUG: instCount=166300000, PC=0x1002e262, SP=0x20041efc
[K[Body] DEBUG: instCount=166400000, PC=0x1002e16c, SP=0x20041ee0
[K[Body] DEBUG: instCount=166500000, PC=0x1002dec6, SP=0x20041f38
[K[Body] DEBUG: instCount=166600000, PC=0x1002dea4, SP=0x20041f38
[K[Body] DEBUG: instCount=166700000, PC=0x1002deb6, SP=0x20041f38
[K[Body] DEBUG: instCount=166800000, PC=0x1003320c, SP=0x20041f28
[K[Body] DEBUG: instCount=166900000, PC=0x1003320e, SP=0x20041f28
[K[Body] DEBUG: instCount=167000000, PC=0x100332f4, SP=0x20041f28
[K[Body] DEBUG: instCount=167100000, PC=0x10033208, SP=0x20041f28
[K[Body] DEBUG: instCount=167200000, PC=0x1003353e, SP=0x20041f08
[K[Body] DEBUG: instCount=167300000, PC=0x10033314, SP=0x20041f28
[K[Body] DEBUG: instCount=167400000, PC=0x10033558, SP=0x20041f08
================================================================================
[H================================================================================
                           VIRTUAL CAN NETWORK DASHBOARD                        
================================================================================
Bus Stats | Ticks: 1,330,000 | Sim/Wall: 0.01x | Effective Rate: 7393 bps
--------------------------------------------------------------------------------
[1;36m[GATEWAY][0m Total TX: 0 | Total RX: 0

[1;36m[ENGINE][0m Total TX: 0 | Total RX: 0

[1;36m[CHASSIS][0m Total TX: 0 | Total RX: 0

[1;36m[BODY][0m Total TX: 0 | Total RX: 0

----------------------------------- LOGS ---------------------------------------
[K[Chassis] DEBUG: instCount=168600000, PC=0x1002e45a, SP=0x20041f28
[K[Chassis] DEBUG: instCount=168700000, PC=0x1002e45a, SP=0x20041f28
[K[Body] DEBUG: instCount=167500000, PC=0x100336e2, SP=0x20041f18
[K[Body] DEBUG: instCount=167600000, PC=0x20005336, SP=0x20041f04
[K[Body] DEBUG: instCount=167700000, PC=0x2636, SP=0x20041ef0
[K[Body] DEBUG: instCount=167800000, PC=0x2644, SP=0x20041ef0
[K[Body] DEBUG: instCount=167900000, PC=0x264a, SP=0x20041ef0
[K[Body] DEBUG: instCount=168000000, PC=0x1003301c, SP=0x20041ef0
[K[Body] DEBUG: instCount=168100000, PC=0x10033342, SP=0x20041f28
[K[Body] DEBUG: instCount=168200000, PC=0x100335c6, SP=0x20041f28
[K[Body] DEBUG: instCount=168300000, PC=0x100335c6, SP=0x20041f28
[K[Body] DEBUG: instCount=168400000, PC=0x1002df52, SP=0x20041f68
[K[Body] DEBUG: instCount=168500000, PC=0x1002e46e, SP=0x20041f28
[K[Body] DEBUG: instCount=168600000, PC=0x1002e45a, SP=0x20041f28
[K[Body] DEBUG: instCount=168700000, PC=0x1002e45a, SP=0x20041f28
================================================================================
[H================================================================================
                           VIRTUAL CAN NETWORK DASHBOARD                        
================================================================================
Bus Stats | Ticks: 1,340,000 | Sim/Wall: 0.01x | Effective Rate: 7361 bps
--------------------------------------------------------------------------------
[1;36m[GATEWAY][0m Total TX: 0 | Total RX: 0

[1;36m[ENGINE][0m Total TX: 0 | Total RX: 0

[1;36m[CHASSIS][0m Total TX: 0 | Total RX: 0

[1;36m[BODY][0m Total TX: 0 | Total RX: 0

----------------------------------- LOGS ---------------------------------------
[K[Chassis] DEBUG: instCount=169900000, PC=0x10033ebc, SP=0x20041f58
[K[Chassis] DEBUG: instCount=170000000, PC=0x100344de, SP=0x20041f30
[K[Body] DEBUG: instCount=168800000, PC=0x10029bf4, SP=0x20041fa0
[K[Body] DEBUG: instCount=168900000, PC=0x10033a50, SP=0x20041f58
[K[Body] DEBUG: instCount=169000000, PC=0x100337ee, SP=0x20041f50
[K[Body] DEBUG: instCount=169100000, PC=0x100337ee, SP=0x20041f50
[K[Body] DEBUG: instCount=169200000, PC=0x10032b8a, SP=0x20041f30
[K[Body] DEBUG: instCount=169300000, PC=0x2636, SP=0x20041f30
[K[Body] DEBUG: instCount=169400000, PC=0x2632, SP=0x20041f30
[K[Body] DEBUG: instCount=169500000, PC=0x2634, SP=0x20041f30
[K[Body] DEBUG: instCount=169600000, PC=0x10033a62, SP=0x20041f58
[K[Body] DEBUG: instCount=169700000, PC=0x1003370a, SP=0x20041f58
[K[Body] DEBUG: instCount=169800000, PC=0x10033ed0, SP=0x20041f58
[K[Body] DEBUG: instCount=169900000, PC=0x10033ebc, SP=0x20041f58
[K[Body] DEBUG: instCount=170000000, PC=0x100344de, SP=0x20041f30
================================================================================
[H================================================================================
                           VIRTUAL CAN NETWORK DASHBOARD                        
================================================================================
Bus Stats | Ticks: 1,350,000 | Sim/Wall: 0.01x | Effective Rate: 7336 bps
--------------------------------------------------------------------------------
[1;36m[GATEWAY][0m Total TX: 0 | Total RX: 0

[1;36m[ENGINE][0m Total TX: 0 | Total RX: 0

[1;36m[CHASSIS][0m Total TX: 0 | Total RX: 0

[1;36m[BODY][0m Total TX: 0 | Total RX: 0

----------------------------------- LOGS ---------------------------------------
[K[Chassis] DEBUG: instCount=171200000, PC=0x100334ee, SP=0x20041ed8
[K[Chassis] DEBUG: instCount=171300000, PC=0x10033606, SP=0x20041ee8
[K[Body] DEBUG: instCount=170100000, PC=0x10032a12, SP=0x20041f00
[K[Body] DEBUG: instCount=170200000, PC=0x10033924, SP=0x20041f18
[K[Body] DEBUG: instCount=170300000, PC=0x1003412c, SP=0x20041f20
[K[Body] DEBUG: instCount=170400000, PC=0x20005870, SP=0x20041ee8
[K[Body] DEBUG: instCount=170500000, PC=0x200002a2, SP=0x20041ec8
[K[Body] DEBUG: instCount=170600000, PC=0x2000028a, SP=0x20041ec8
[K[Body] DEBUG: instCount=170700000, PC=0x20000328, SP=0x20041ee8
[K[Body] DEBUG: instCount=170800000, PC=0x20000360, SP=0x20041f00
[K[Body] DEBUG: instCount=170900000, PC=0x1003344a, SP=0x20041f08
[K[Body] DEBUG: instCount=171000000, PC=0x10033978, SP=0x20041f10
[K[Body] DEBUG: instCount=171100000, PC=0x10033964, SP=0x20041f10
[K[Body] DEBUG: instCount=171200000, PC=0x100334ee, SP=0x20041ed8
[K[Body] DEBUG: instCount=171300000, PC=0x10033606, SP=0x20041ee8
================================================================================
[H================================================================================
                           VIRTUAL CAN NETWORK DASHBOARD                        
================================================================================
Bus Stats | Ticks: 1,360,000 | Sim/Wall: 0.01x | Effective Rate: 7314 bps
--------------------------------------------------------------------------------
[1;36m[GATEWAY][0m Total TX: 0 | Total RX: 0

[1;36m[ENGINE][0m Total TX: 0 | Total RX: 0

[1;36m[CHASSIS][0m Total TX: 0 | Total RX: 0

[1;36m[BODY][0m Total TX: 0 | Total RX: 0

----------------------------------- LOGS ---------------------------------------
[K[Chassis] DEBUG: instCount=172500000, PC=0x1002e290, SP=0x20041ee0
[K[Chassis] DEBUG: instCount=172600000, PC=0x1002e278, SP=0x20041ee0
[K[Body] DEBUG: instCount=171400000, PC=0x100335de, SP=0x20041ee8
[K[Body] DEBUG: instCount=171500000, PC=0x10033666, SP=0x20041ef0
[K[Body] DEBUG: instCount=171600000, PC=0x10033a5a, SP=0x20041f58
[K[Body] DEBUG: instCount=171700000, PC=0x10032b50, SP=0x20041f40
[K[Body] DEBUG: instCount=171800000, PC=0x10032b1e, SP=0x20041f48
[K[Body] DEBUG: instCount=171900000, PC=0x10032fa6, SP=0x20041f48
[K[Body] DEBUG: instCount=172000000, PC=0x1002e16e, SP=0x20041fa0
[K[Body] DEBUG: instCount=172100000, PC=0x1002de72, SP=0x20041f38
[K[Body] DEBUG: instCount=172200000, PC=0x1002de5c, SP=0x20041f38
[K[Body] DEBUG: instCount=172300000, PC=0x1002de46, SP=0x20041f38
[K[Body] DEBUG: instCount=172400000, PC=0x1002dbe4, SP=0x20041f10
[K[Body] DEBUG: instCount=172500000, PC=0x1002e290, SP=0x20041ee0
[K[Body] DEBUG: instCount=172600000, PC=0x1002e278, SP=0x20041ee0
================================================================================
[H================================================================================
                           VIRTUAL CAN NETWORK DASHBOARD                        
================================================================================
Bus Stats | Ticks: 1,370,000 | Sim/Wall: 0.01x | Effective Rate: 7305 bps
--------------------------------------------------------------------------------
[1;36m[GATEWAY][0m Total TX: 0 | Total RX: 0

[1;36m[ENGINE][0m Total TX: 0 | Total RX: 0

[1;36m[CHASSIS][0m Total TX: 0 | Total RX: 0

[1;36m[BODY][0m Total TX: 0 | Total RX: 0

----------------------------------- LOGS ---------------------------------------
[K[Chassis] DEBUG: instCount=173600000, PC=0x100337ee, SP=0x20041f50
[K[Chassis] DEBUG: instCount=173700000, PC=0x10032b7e, SP=0x20041f30
[K[Chassis] DEBUG: instCount=173800000, PC=0x10032b5c, SP=0x20041f30
[K[Body] DEBUG: instCount=172700000, PC=0x1002e16e, SP=0x20041ee0
[K[Body] DEBUG: instCount=172800000, PC=0x1002e2ca, SP=0x20041ee0
[K[Body] DEBUG: instCount=172900000, PC=0x1002df4c, SP=0x20041f68
[K[Body] DEBUG: instCount=173000000, PC=0x1002df1a, SP=0x20041f68
[K[Body] DEBUG: instCount=173100000, PC=0x1002e060, SP=0x20041f80
[K[Body] DEBUG: instCount=173200000, PC=0x1002e45a, SP=0x20041f28
[K[Body] DEBUG: instCount=173300000, PC=0x1002e048, SP=0x20041f90
[K[Body] DEBUG: instCount=173400000, PC=0x1002dac4, SP=0x20041f74
[K[Body] DEBUG: instCount=173500000, PC=0x1002e040, SP=0x20041f80
[K[Body] DEBUG: instCount=173600000, PC=0x100337ee, SP=0x20041f50
[K[Body] DEBUG: instCount=173700000, PC=0x10032b7e, SP=0x20041f30
[K[Body] DEBUG: instCount=173800000, PC=0x10032b5c, SP=0x20041f30
================================================================================
[H================================================================================
                           VIRTUAL CAN NETWORK DASHBOARD                        
================================================================================
Bus Stats | Ticks: 1,380,000 | Sim/Wall: 0.01x | Effective Rate: 7291 bps
--------------------------------------------------------------------------------
[1;36m[GATEWAY][0m Total TX: 0 | Total RX: 0

[1;36m[ENGINE][0m Total TX: 0 | Total RX: 0

[1;36m[CHASSIS][0m Total TX: 0 | Total RX: 0

[1;36m[BODY][0m Total TX: 0 | Total RX: 0

----------------------------------- LOGS ---------------------------------------
[K[Chassis] DEBUG: instCount=175000000, PC=0x20000668, SP=0x20041f28
[K[Chassis] DEBUG: instCount=175100000, PC=0x10034904, SP=0x20041f44
[K[Body] DEBUG: instCount=173900000, PC=0x10032d66, SP=0x20041f40
[K[Body] DEBUG: instCount=174000000, PC=0x10029cce, SP=0x20041fa0
[K[Body] DEBUG: instCount=174100000, PC=0x1003320c, SP=0x20041f48
[K[Body] DEBUG: instCount=174200000, PC=0x100331f8, SP=0x20041f48
[K[Body] DEBUG: instCount=174300000, PC=0x100331ac, SP=0x20041f64
[K[Body] DEBUG: instCount=174400000, PC=0x10033208, SP=0x20041f48
[K[Body] DEBUG: instCount=174500000, PC=0x100336a2, SP=0x20041f38
[K[Body] DEBUG: instCount=174600000, PC=0x10033300, SP=0x20041f48
[K[Body] DEBUG: instCount=174700000, PC=0x10033210, SP=0x20041f48
[K[Body] DEBUG: instCount=174800000, PC=0x10033572, SP=0x20041f28
[K[Body] DEBUG: instCount=174900000, PC=0x10033744, SP=0x20041f28
[K[Body] DEBUG: instCount=175000000, PC=0x20000668, SP=0x20041f28
[K[Body] DEBUG: instCount=175100000, PC=0x10034904, SP=0x20041f44
================================================================================
[H================================================================================
                           VIRTUAL CAN NETWORK DASHBOARD                        
================================================================================
Bus Stats | Ticks: 1,390,000 | Sim/Wall: 0.01x | Effective Rate: 7276 bps
--------------------------------------------------------------------------------
[1;36m[GATEWAY][0m Total TX: 0 | Total RX: 0

[1;36m[ENGINE][0m Total TX: 0 | Total RX: 0

[1;36m[CHASSIS][0m Total TX: 0 | Total RX: 0

[1;36m[BODY][0m Total TX: 0 | Total RX: 0

----------------------------------- LOGS ---------------------------------------
[K[Chassis] DEBUG: instCount=176300000, PC=0x1002dbd4, SP=0x20041f10
[K[Chassis] DEBUG: instCount=176400000, PC=0x1002e288, SP=0x20041ee0
[K[Body] DEBUG: instCount=175200000, PC=0x10033006, SP=0x20041f10
[K[Body] DEBUG: instCount=175300000, PC=0x2636, SP=0x20041f10
[K[Body] DEBUG: instCount=175400000, PC=0x2632, SP=0x20041f10
[K[Body] DEBUG: instCount=175500000, PC=0x2636, SP=0x20041f10
[K[Body] DEBUG: instCount=175600000, PC=0x20005508, SP=0x20041f28
[K[Body] DEBUG: instCount=175700000, PC=0x10029cdc, SP=0x20041fa0
[K[Body] DEBUG: instCount=175800000, PC=0x1002e172, SP=0x20041fa0
[K[Body] DEBUG: instCount=175900000, PC=0x1003328a, SP=0x20041f48
[K[Body] DEBUG: instCount=176000000, PC=0x1002de6c, SP=0x20041f38
[K[Body] DEBUG: instCount=176100000, PC=0x1002dbf4, SP=0x20041f10
[K[Body] DEBUG: instCount=176200000, PC=0x1002dbe8, SP=0x20041f10
[K[Body] DEBUG: instCount=176300000, PC=0x1002dbd4, SP=0x20041f10
[K[Body] DEBUG: instCount=176400000, PC=0x1002e288, SP=0x20041ee0
================================================================================
[H================================================================================
                           VIRTUAL CAN NETWORK DASHBOARD                        
================================================================================
Bus Stats | Ticks: 1,400,000 | Sim/Wall: 0.01x | Effective Rate: 7274 bps
--------------------------------------------------------------------------------
[1;36m[GATEWAY][0m Total TX: 0 | Total RX: 0

[1;36m[ENGINE][0m Total TX: 0 | Total RX: 0

[1;36m[CHASSIS][0m Total TX: 0 | Total RX: 0

[1;36m[BODY][0m Total TX: 0 | Total RX: 0

----------------------------------- LOGS ---------------------------------------
[K[Chassis] DEBUG: instCount=177600000, PC=0x10032b70, SP=0x20041f30
[K[Chassis] DEBUG: instCount=177700000, PC=0x2632, SP=0x20041f30
[K[Body] DEBUG: instCount=176500000, PC=0x1002dc4c, SP=0x20041f10
[K[Body] DEBUG: instCount=176600000, PC=0x1002e2d0, SP=0x20041ee0
[K[Body] DEBUG: instCount=176700000, PC=0x1002e2de, SP=0x20041ee0
[K[Body] DEBUG: instCount=176800000, PC=0x1002df2a, SP=0x20041f68
[K[Body] DEBUG: instCount=176900000, PC=0x1002e46a, SP=0x20041f28
[K[Body] DEBUG: instCount=177000000, PC=0x1002e45e, SP=0x20041f28
[K[Body] DEBUG: instCount=177100000, PC=0x1002e454, SP=0x20041f28
[K[Body] DEBUG: instCount=177200000, PC=0x1002dad2, SP=0x20041f74
[K[Body] DEBUG: instCount=177300000, PC=0x10033a4c, SP=0x20041f58
[K[Body] DEBUG: instCount=177400000, PC=0x100337f2, SP=0x20041f50
[K[Body] DEBUG: instCount=177500000, PC=0x10033a3c, SP=0x20041f98
[K[Body] DEBUG: instCount=177600000, PC=0x10032b70, SP=0x20041f30
[K[Body] DEBUG: instCount=177700000, PC=0x2632, SP=0x20041f30
================================================================================
[H================================================================================
                           VIRTUAL CAN NETWORK DASHBOARD                        
================================================================================
Bus Stats | Ticks: 1,410,000 | Sim/Wall: 0.01x | Effective Rate: 7279 bps
--------------------------------------------------------------------------------
[1;36m[GATEWAY][0m Total TX: 0 | Total RX: 0

[1;36m[ENGINE][0m Total TX: 0 | Total RX: 0

[1;36m[CHASSIS][0m Total TX: 0 | Total RX: 0

[1;36m[BODY][0m Total TX: 0 | Total RX: 0

----------------------------------- LOGS ---------------------------------------
[K[Chassis] DEBUG: instCount=178900000, PC=0x20000292, SP=0x20041ec8
[K[Chassis] DEBUG: instCount=179000000, PC=0x2000028e, SP=0x20041ec8
[K[Body] DEBUG: instCount=177800000, PC=0x2636, SP=0x20041f30
[K[Body] DEBUG: instCount=177900000, PC=0x2632, SP=0x20041f30
[K[Body] DEBUG: instCount=178000000, PC=0x10032b4c, SP=0x20041f48
[K[Body] DEBUG: instCount=178100000, PC=0x10033ed8, SP=0x20041f58
[K[Body] DEBUG: instCount=178200000, PC=0x10033ed4, SP=0x20041f58
[K[Body] DEBUG: instCount=178300000, PC=0x10033ec0, SP=0x20041f58
[K[Body] DEBUG: instCount=178400000, PC=0x1003302e, SP=0x20041f28
[K[Body] DEBUG: instCount=178500000, PC=0x1003392c, SP=0x20041f18
[K[Body] DEBUG: instCount=178600000, PC=0x10033928, SP=0x20041f18
[K[Body] DEBUG: instCount=178700000, PC=0x10034130, SP=0x20041f20
[K[Body] DEBUG: instCount=178800000, PC=0x20000312, SP=0x20041ee8
[K[Body] DEBUG: instCount=178900000, PC=0x20000292, SP=0x20041ec8
[K[Body] DEBUG: instCount=179000000, PC=0x2000028e, SP=0x20041ec8
================================================================================
[H================================================================================
                           VIRTUAL CAN NETWORK DASHBOARD                        
================================================================================
Bus Stats | Ticks: 1,420,000 | Sim/Wall: 0.01x | Effective Rate: 7288 bps
--------------------------------------------------------------------------------
[1;36m[GATEWAY][0m Total TX: 0 | Total RX: 0

[1;36m[ENGINE][0m Total TX: 0 | Total RX: 0

[1;36m[CHASSIS][0m Total TX: 0 | Total RX: 0

[1;36m[BODY][0m Total TX: 0 | Total RX: 0

----------------------------------- LOGS ---------------------------------------
[K[Chassis] DEBUG: instCount=180000000, PC=0x1003374c, SP=0x20041f58
[K[Chassis] DEBUG: instCount=180100000, PC=0x10032b2c, SP=0x20041f48
[K[Chassis] DEBUG: instCount=180200000, PC=0x10032b22, SP=0x20041f48
[K[Body] DEBUG: instCount=179100000, PC=0x2000032c, SP=0x20041ee8
[K[Body] DEBUG: instCount=179200000, PC=0x20000350, SP=0x20041f00
[K[Body] DEBUG: instCount=179300000, PC=0x10033980, SP=0x20041f10
[K[Body] DEBUG: instCount=179400000, PC=0x1003397c, SP=0x20041f10
[K[Body] DEBUG: instCount=179500000, PC=0x10033968, SP=0x20041f10
[K[Body] DEBUG: instCount=179600000, PC=0x100334e2, SP=0x20041ed8
[K[Body] DEBUG: instCount=179700000, PC=0x100335e6, SP=0x20041ee8
[K[Body] DEBUG: instCount=179800000, PC=0x100335e2, SP=0x20041ee8
[K[Body] DEBUG: instCount=179900000, PC=0x1003366a, SP=0x20041ef0
[K[Body] DEBUG: instCount=180000000, PC=0x1003374c, SP=0x20041f58
[K[Body] DEBUG: instCount=180100000, PC=0x10032b2c, SP=0x20041f48
[K[Body] DEBUG: instCount=180200000, PC=0x10032b22, SP=0x20041f48
================================================================================
[H================================================================================
                           VIRTUAL CAN NETWORK DASHBOARD                        
================================================================================
Bus Stats | Ticks: 1,430,000 | Sim/Wall: 0.01x | Effective Rate: 7277 bps
--------------------------------------------------------------------------------
[1;36m[GATEWAY][0m Total TX: 0 | Total RX: 0

[1;36m[ENGINE][0m Total TX: 0 | Total RX: 0

[1;36m[CHASSIS][0m Total TX: 0 | Total RX: 0

[1;36m[BODY][0m Total TX: 0 | Total RX: 0

----------------------------------- LOGS ---------------------------------------
[K[Chassis] DEBUG: instCount=181400000, PC=0x100331ae, SP=0x20041f44
[K[Chassis] DEBUG: instCount=181500000, PC=0x20005bad, SP=0x20041f60
[K[Body] DEBUG: instCount=180300000, PC=0x10032faa, SP=0x20041f48
[K[Body] DEBUG: instCount=180400000, PC=0x1001854a, SP=0x20041f88
[K[Body] DEBUG: instCount=180500000, PC=0x1002de66, SP=0x20041f38
[K[Body] DEBUG: instCount=180600000, PC=0x1002de60, SP=0x20041f38
[K[Body] DEBUG: instCount=180700000, PC=0x1002de4a, SP=0x20041f38
[K[Body] DEBUG: instCount=180800000, PC=0x1002dbd8, SP=0x20041f10
[K[Body] DEBUG: instCount=180900000, PC=0x1002e282, SP=0x20041ee0
[K[Body] DEBUG: instCount=181000000, PC=0x1002e27e, SP=0x20041ee0
[K[Body] DEBUG: instCount=181100000, PC=0x1002e172, SP=0x20041ee0
[K[Body] DEBUG: instCount=181200000, PC=0x1002e2e2, SP=0x20041ee0
[K[Body] DEBUG: instCount=181300000, PC=0x100331b2, SP=0x20041f44
[K[Body] DEBUG: instCount=181400000, PC=0x100331ae, SP=0x20041f44
[K[Body] DEBUG: instCount=181500000, PC=0x20005bad, SP=0x20041f60
================================================================================
[H================================================================================
                           VIRTUAL CAN NETWORK DASHBOARD                        
================================================================================
Bus Stats | Ticks: 1,440,000 | Sim/Wall: 0.01x | Effective Rate: 7285 bps
--------------------------------------------------------------------------------
[1;36m[GATEWAY][0m Total TX: 0 | Total RX: 0

[1;36m[ENGINE][0m Total TX: 0 | Total RX: 0

[1;36m[CHASSIS][0m Total TX: 0 | Total RX: 0

[1;36m[BODY][0m Total TX: 0 | Total RX: 0

----------------------------------- LOGS ---------------------------------------
[K[Chassis] DEBUG: instCount=182700000, PC=0x2634, SP=0x20041ef0
[K[Chassis] DEBUG: instCount=182800000, PC=0x10033022, SP=0x20041ef0
[K[Body] DEBUG: instCount=181600000, PC=0x10033346, SP=0x20041f28
[K[Body] DEBUG: instCount=181700000, PC=0x100332f2, SP=0x20041f28
[K[Body] DEBUG: instCount=181800000, PC=0x10033212, SP=0x20041f28
[K[Body] DEBUG: instCount=181900000, PC=0x10033340, SP=0x20041f28
[K[Body] DEBUG: instCount=182000000, PC=0x100329ce, SP=0x20041f08
[K[Body] DEBUG: instCount=182100000, PC=0x20000624, SP=0x20041f28
[K[Body] DEBUG: instCount=182200000, PC=0x10034906, SP=0x20041f24
[K[Body] DEBUG: instCount=182300000, PC=0x10033322, SP=0x20041f28
[K[Body] DEBUG: instCount=182400000, PC=0x10032fd6, SP=0x20041ef0
[K[Body] DEBUG: instCount=182500000, PC=0x2634, SP=0x20041ef0
[K[Body] DEBUG: instCount=182600000, PC=0x2638, SP=0x20041ef0
[K[Body] DEBUG: instCount=182700000, PC=0x2634, SP=0x20041ef0
[K[Body] DEBUG: instCount=182800000, PC=0x10033022, SP=0x20041ef0
================================================================================
[H================================================================================
                           VIRTUAL CAN NETWORK DASHBOARD                        
================================================================================
Bus Stats | Ticks: 1,450,000 | Sim/Wall: 0.01x | Effective Rate: 7286 bps
--------------------------------------------------------------------------------
[1;36m[GATEWAY][0m Total TX: 0 | Total RX: 0

[1;36m[ENGINE][0m Total TX: 0 | Total RX: 0

[1;36m[CHASSIS][0m Total TX: 0 | Total RX: 0

[1;36m[BODY][0m Total TX: 0 | Total RX: 0

----------------------------------- LOGS ---------------------------------------
[K[Chassis] DEBUG: instCount=184000000, PC=0x100329cc, SP=0x20041f30
[K[Chassis] DEBUG: instCount=184100000, PC=0x2634, SP=0x20041f30
[K[Body] DEBUG: instCount=182900000, PC=0x10033288, SP=0x20041f28
[K[Body] DEBUG: instCount=183000000, PC=0x100332b2, SP=0x20041f28
[K[Body] DEBUG: instCount=183100000, PC=0x10033214, SP=0x20041f28
[K[Body] DEBUG: instCount=183200000, PC=0x1002e4b0, SP=0x20041f58
[K[Body] DEBUG: instCount=183300000, PC=0x1002e4be, SP=0x20041f58
[K[Body] DEBUG: instCount=183400000, PC=0x1002df62, SP=0x20041f68
[K[Body] DEBUG: instCount=183500000, PC=0x1002e48a, SP=0x20041f28
[K[Body] DEBUG: instCount=183600000, PC=0x10029ca2, SP=0x20041fa0
[K[Body] DEBUG: instCount=183700000, PC=0x10033a5e, SP=0x20041f58
[K[Body] DEBUG: instCount=183800000, PC=0x10032f8c, SP=0x20041f48
[K[Body] DEBUG: instCount=183900000, PC=0x1003374c, SP=0x20041f58
[K[Body] DEBUG: instCount=184000000, PC=0x100329cc, SP=0x20041f30
[K[Body] DEBUG: instCount=184100000, PC=0x2634, SP=0x20041f30
================================================================================
[H================================================================================
                           VIRTUAL CAN NETWORK DASHBOARD                        
================================================================================
Bus Stats | Ticks: 1,460,000 | Sim/Wall: 0.01x | Effective Rate: 7289 bps
--------------------------------------------------------------------------------
[1;36m[GATEWAY][0m Total TX: 0 | Total RX: 0

[1;36m[ENGINE][0m Total TX: 0 | Total RX: 0

[1;36m[CHASSIS][0m Total TX: 0 | Total RX: 0

[1;36m[BODY][0m Total TX: 0 | Total RX: 0

----------------------------------- LOGS ---------------------------------------
[K[Chassis] DEBUG: instCount=185300000, PC=0x2000033c, SP=0x20041ee8
[K[Chassis] DEBUG: instCount=185400000, PC=0x10032a38, SP=0x20041f00
[K[Body] DEBUG: instCount=184200000, PC=0x10032b9c, SP=0x20041f30
[K[Body] DEBUG: instCount=184300000, PC=0x2634, SP=0x20041f30
[K[Body] DEBUG: instCount=184400000, PC=0x10033a70, SP=0x20041f58
[K[Body] DEBUG: instCount=184500000, PC=0x10033ef4, SP=0x20041f58
[K[Body] DEBUG: instCount=184600000, PC=0x10033f00, SP=0x20041f58
[K[Body] DEBUG: instCount=184700000, PC=0x10033730, SP=0x20041f58
[K[Body] DEBUG: instCount=184800000, PC=0x10032f6c, SP=0x20041f30
[K[Body] DEBUG: instCount=184900000, PC=0x10032a28, SP=0x20041f00
[K[Body] DEBUG: instCount=185000000, PC=0x100348e8, SP=0x20041f00
[K[Body] DEBUG: instCount=185100000, PC=0x10032a20, SP=0x20041f00
[K[Body] DEBUG: instCount=185200000, PC=0x10031b70, SP=0x20041ee8
[K[Body] DEBUG: instCount=185300000, PC=0x2000033c, SP=0x20041ee8
[K[Body] DEBUG: instCount=185400000, PC=0x10032a38, SP=0x20041f00
================================================================================
[H================================================================================
                           VIRTUAL CAN NETWORK DASHBOARD                        
================================================================================
Bus Stats | Ticks: 1,470,000 | Sim/Wall: 0.01x | Effective Rate: 7279 bps
--------------------------------------------------------------------------------
[1;36m[GATEWAY][0m Total TX: 0 | Total RX: 0

[1;36m[ENGINE][0m Total TX: 0 | Total RX: 0

[1;36m[CHASSIS][0m Total TX: 0 | Total RX: 0

[1;36m[BODY][0m Total TX: 0 | Total RX: 0

----------------------------------- LOGS ---------------------------------------
[K[Chassis] DEBUG: instCount=186400000, PC=0x10032d66, SP=0x20041f40
[K[Chassis] DEBUG: instCount=186500000, PC=0x10033702, SP=0x20041f58
[K[Chassis] DEBUG: instCount=186600000, PC=0x10033f4a, SP=0x20041f84
[K[Body] DEBUG: instCount=185500000, PC=0x200002b2, SP=0x20041ec8
[K[Body] DEBUG: instCount=185600000, PC=0x1003413c, SP=0x20041f20
[K[Body] DEBUG: instCount=185700000, PC=0x1003368e, SP=0x20041f08
[K[Body] DEBUG: instCount=185800000, PC=0x1003369a, SP=0x20041f00
[K[Body] DEBUG: instCount=185900000, PC=0x10033458, SP=0x20041f08
[K[Body] DEBUG: instCount=186000000, PC=0x1003351e, SP=0x20041ed8
[K[Body] DEBUG: instCount=186100000, PC=0x10033672, SP=0x20041ef0
[K[Body] DEBUG: instCount=186200000, PC=0x1003399c, SP=0x20041f10
[K[Body] DEBUG: instCount=186300000, PC=0x10033614, SP=0x20041ee8
[K[Body] DEBUG: instCount=186400000, PC=0x10032d66, SP=0x20041f40
[K[Body] DEBUG: instCount=186500000, PC=0x10033702, SP=0x20041f58
[K[Body] DEBUG: instCount=186600000, PC=0x10033f4a, SP=0x20041f84
================================================================================
[H================================================================================
                           VIRTUAL CAN NETWORK DASHBOARD                        
================================================================================
Bus Stats | Ticks: 1,480,000 | Sim/Wall: 0.01x | Effective Rate: 7268 bps
--------------------------------------------------------------------------------
[1;36m[GATEWAY][0m Total TX: 0 | Total RX: 0

[1;36m[ENGINE][0m Total TX: 0 | Total RX: 0

[1;36m[CHASSIS][0m Total TX: 0 | Total RX: 0

[1;36m[BODY][0m Total TX: 0 | Total RX: 0

----------------------------------- LOGS ---------------------------------------
[K[Chassis] DEBUG: instCount=187800000, PC=0x1002e4b6, SP=0x20041f58
[K[Chassis] DEBUG: instCount=187900000, PC=0x1002df5a, SP=0x20041f68
[K[Body] DEBUG: instCount=186700000, PC=0x100336f8, SP=0x20041f58
[K[Body] DEBUG: instCount=186800000, PC=0x10029ce8, SP=0x20041fa0
[K[Body] DEBUG: instCount=186900000, PC=0x1002dba2, SP=0x20041f10
[K[Body] DEBUG: instCount=187000000, PC=0x1002dbae, SP=0x20041f10
[K[Body] DEBUG: instCount=187100000, PC=0x1002de80, SP=0x20041f38
[K[Body] DEBUG: instCount=187200000, PC=0x1002dbfa, SP=0x20041f10
[K[Body] DEBUG: instCount=187300000, PC=0x1002e2a6, SP=0x20041ee0
[K[Body] DEBUG: instCount=187400000, PC=0x1002e2b2, SP=0x20041ee0
[K[Body] DEBUG: instCount=187500000, PC=0x1002e29e, SP=0x20041ee0
[K[Body] DEBUG: instCount=187600000, PC=0x1002dc52, SP=0x20041f10
[K[Body] DEBUG: instCount=187700000, PC=0x1002e4aa, SP=0x20041f58
[K[Body] DEBUG: instCount=187800000, PC=0x1002e4b6, SP=0x20041f58
[K[Body] DEBUG: instCount=187900000, PC=0x1002df5a, SP=0x20041f68
================================================================================
[H================================================================================
                           VIRTUAL CAN NETWORK DASHBOARD                        
================================================================================
Bus Stats | Ticks: 1,490,000 | Sim/Wall: 0.01x | Effective Rate: 7267 bps
--------------------------------------------------------------------------------
[1;36m[GATEWAY][0m Total TX: 0 | Total RX: 0

[1;36m[ENGINE][0m Total TX: 0 | Total RX: 0

[1;36m[CHASSIS][0m Total TX: 0 | Total RX: 0

[1;36m[BODY][0m Total TX: 0 | Total RX: 0

----------------------------------- LOGS ---------------------------------------
[K[Chassis] DEBUG: instCount=189100000, PC=0x1003333e, SP=0x20041f48
[K[Chassis] DEBUG: instCount=189200000, PC=0x10033342, SP=0x20041f48
[K[Body] DEBUG: instCount=188000000, PC=0x1002e470, SP=0x20041f28
[K[Body] DEBUG: instCount=188100000, PC=0x10029c9c, SP=0x20041fa0
[K[Body] DEBUG: instCount=188200000, PC=0x1001e8c4, SP=0x20041f98
[K[Body] DEBUG: instCount=188300000, PC=0x10029bfc, SP=0x20041f90
[K[Body] DEBUG: instCount=188400000, PC=0x10033a52, SP=0x20041f58
[K[Body] DEBUG: instCount=188500000, PC=0x10032b1a, SP=0x20041f48
[K[Body] DEBUG: instCount=188600000, PC=0x10032b2c, SP=0x20041f48
[K[Body] DEBUG: instCount=188700000, PC=0x10032fae, SP=0x20041f48
[K[Body] DEBUG: instCount=188800000, PC=0x10018518, SP=0x20041f88
[K[Body] DEBUG: instCount=188900000, PC=0x10033346, SP=0x20041f48
[K[Body] DEBUG: instCount=189000000, PC=0x10033210, SP=0x20041f48
[K[Body] DEBUG: instCount=189100000, PC=0x1003333e, SP=0x20041f48
[K[Body] DEBUG: instCount=189200000, PC=0x10033342, SP=0x20041f48
================================================================================
[H================================================================================
                           VIRTUAL CAN NETWORK DASHBOARD                        
================================================================================
Bus Stats | Ticks: 1,500,000 | Sim/Wall: 0.01x | Effective Rate: 7271 bps
--------------------------------------------------------------------------------
[1;36m[GATEWAY][0m Total TX: 0 | Total RX: 0

[1;36m[ENGINE][0m Total TX: 0 | Total RX: 0

[1;36m[CHASSIS][0m Total TX: 0 | Total RX: 0

[1;36m[BODY][0m Total TX: 0 | Total RX: 0

----------------------------------- LOGS ---------------------------------------
[K[Chassis] DEBUG: instCount=190400000, PC=0x100335c4, SP=0x20041f48
[K[Chassis] DEBUG: instCount=190500000, PC=0x1002e04c, SP=0x20041f80
[K[Body] DEBUG: instCount=189300000, PC=0x10033534, SP=0x20041f28
[K[Body] DEBUG: instCount=189400000, PC=0x10033542, SP=0x20041f28
[K[Body] DEBUG: instCount=189500000, PC=0x100336c4, SP=0x20041f38
[K[Body] DEBUG: instCount=189600000, PC=0x100336cc, SP=0x20041f38
[K[Body] DEBUG: instCount=189700000, PC=0x20000678, SP=0x20041f28
[K[Body] DEBUG: instCount=189800000, PC=0x10032fca, SP=0x20041f28
[K[Body] DEBUG: instCount=189900000, PC=0x10033756, SP=0x20041f28
[K[Body] DEBUG: instCount=190000000, PC=0x2642, SP=0x20041f10
[K[Body] DEBUG: instCount=190100000, PC=0x263c, SP=0x20041f10
[K[Body] DEBUG: instCount=190200000, PC=0x10032b20, SP=0x20041f10
[K[Body] DEBUG: instCount=190300000, PC=0x263c, SP=0x20041f10
[K[Body] DEBUG: instCount=190400000, PC=0x100335c4, SP=0x20041f48
[K[Body] DEBUG: instCount=190500000, PC=0x1002e04c, SP=0x20041f80
================================================================================
[H================================================================================
                           VIRTUAL CAN NETWORK DASHBOARD                        
================================================================================
Bus Stats | Ticks: 1,510,000 | Sim/Wall: 0.01x | Effective Rate: 7264 bps
--------------------------------------------------------------------------------
[1;36m[GATEWAY][0m Total TX: 0 | Total RX: 0

[1;36m[ENGINE][0m Total TX: 0 | Total RX: 0

[1;36m[CHASSIS][0m Total TX: 0 | Total RX: 0

[1;36m[BODY][0m Total TX: 0 | Total RX: 0

----------------------------------- LOGS ---------------------------------------
[K[Chassis] DEBUG: instCount=191700000, PC=0x1002e48e, SP=0x20041f28
[K[Chassis] DEBUG: instCount=191800000, PC=0x1002df68, SP=0x20041f68
[K[Body] DEBUG: instCount=190600000, PC=0x1002de3c, SP=0x20041f38
[K[Body] DEBUG: instCount=190700000, PC=0x1002e04c, SP=0x20041f80
[K[Body] DEBUG: instCount=190800000, PC=0x1002db9c, SP=0x20041f38
[K[Body] DEBUG: instCount=190900000, PC=0x1002dc0a, SP=0x20041f10
[K[Body] DEBUG: instCount=191000000, PC=0x1002e268, SP=0x20041ee0
[K[Body] DEBUG: instCount=191100000, PC=0x1002dc0a, SP=0x20041f10
[K[Body] DEBUG: instCount=191200000, PC=0x1002e2a0, SP=0x20041ee0
[K[Body] DEBUG: instCount=191300000, PC=0x1002dea4, SP=0x20041f38
[K[Body] DEBUG: instCount=191400000, PC=0x1002dec6, SP=0x20041f38
[K[Body] DEBUG: instCount=191500000, PC=0x1002dea4, SP=0x20041f38
[K[Body] DEBUG: instCount=191600000, PC=0x1002df5c, SP=0x20041f68
[K[Body] DEBUG: instCount=191700000, PC=0x1002e48e, SP=0x20041f28
[K[Body] DEBUG: instCount=191800000, PC=0x1002df68, SP=0x20041f68
================================================================================
[H================================================================================
                           VIRTUAL CAN NETWORK DASHBOARD                        
================================================================================
Bus Stats | Ticks: 1,520,000 | Sim/Wall: 0.01x | Effective Rate: 7272 bps
--------------------------------------------------------------------------------
[1;36m[GATEWAY][0m Total TX: 0 | Total RX: 0

[1;36m[ENGINE][0m Total TX: 0 | Total RX: 0

[1;36m[CHASSIS][0m Total TX: 0 | Total RX: 0

[1;36m[BODY][0m Total TX: 0 | Total RX: 0

----------------------------------- LOGS ---------------------------------------
[K[Chassis] DEBUG: instCount=192800000, PC=0x100336fe, SP=0x20041f58
[K[Chassis] DEBUG: instCount=192900000, PC=0x1003372c, SP=0x20041f58
[K[Chassis] DEBUG: instCount=193000000, PC=0x100344b6, SP=0x20041f44
[K[Body] DEBUG: instCount=191900000, PC=0x1002e48e, SP=0x20041f28
[K[Body] DEBUG: instCount=192000000, PC=0x10029c26, SP=0x20041f90
[K[Body] DEBUG: instCount=192100000, PC=0x10033750, SP=0x20041f58
[K[Body] DEBUG: instCount=192200000, PC=0x10032f90, SP=0x20041f48
[K[Body] DEBUG: instCount=192300000, PC=0x10033750, SP=0x20041f58
[K[Body] DEBUG: instCount=192400000, PC=0x10032b8c, SP=0x20041f30
[K[Body] DEBUG: instCount=192500000, PC=0x2638, SP=0x20041f30
[K[Body] DEBUG: instCount=192600000, PC=0x10032fa6, SP=0x20041f48
[K[Body] DEBUG: instCount=192700000, PC=0x2638, SP=0x20041f30
[K[Body] DEBUG: instCount=192800000, PC=0x100336fe, SP=0x20041f58
[K[Body] DEBUG: instCount=192900000, PC=0x1003372c, SP=0x20041f58
[K[Body] DEBUG: instCount=193000000, PC=0x100344b6, SP=0x20041f44
================================================================================
[H================================================================================
                           VIRTUAL CAN NETWORK DASHBOARD                        
================================================================================
Bus Stats | Ticks: 1,530,000 | Sim/Wall: 0.01x | Effective Rate: 7287 bps
--------------------------------------------------------------------------------
[1;36m[GATEWAY][0m Total TX: 0 | Total RX: 0

[1;36m[ENGINE][0m Total TX: 0 | Total RX: 0

[1;36m[CHASSIS][0m Total TX: 0 | Total RX: 0

[1;36m[BODY][0m Total TX: 0 | Total RX: 0

----------------------------------- LOGS ---------------------------------------
[K[Chassis] DEBUG: instCount=194200000, PC=0x1003362a, SP=0x20041f00
[K[Chassis] DEBUG: instCount=194300000, PC=0x1003345c, SP=0x20041f08
[K[Body] DEBUG: instCount=193100000, PC=0x10033722, SP=0x20041f58
[K[Body] DEBUG: instCount=193200000, PC=0x10032f60, SP=0x20041f30
[K[Body] DEBUG: instCount=193300000, PC=0x10032a1c, SP=0x20041f00
[K[Body] DEBUG: instCount=193400000, PC=0x20000306, SP=0x20041ee8
[K[Body] DEBUG: instCount=193500000, PC=0x10032a24, SP=0x20041f00
[K[Body] DEBUG: instCount=193600000, PC=0x10031b64, SP=0x20041ee8
[K[Body] DEBUG: instCount=193700000, PC=0x200002ac, SP=0x20041ec8
[K[Body] DEBUG: instCount=193800000, PC=0x10032a3c, SP=0x20041f00
[K[Body] DEBUG: instCount=193900000, PC=0x200002b8, SP=0x20041ec8
[K[Body] DEBUG: instCount=194000000, PC=0x10032a4e, SP=0x20041f00
[K[Body] DEBUG: instCount=194100000, PC=0x10033454, SP=0x20041f08
[K[Body] DEBUG: instCount=194200000, PC=0x1003362a, SP=0x20041f00
[K[Body] DEBUG: instCount=194300000, PC=0x1003345c, SP=0x20041f08
================================================================================
[H================================================================================
                           VIRTUAL CAN NETWORK DASHBOARD                        
================================================================================
Bus Stats | Ticks: 1,540,000 | Sim/Wall: 0.01x | Effective Rate: 7294 bps
--------------------------------------------------------------------------------
[1;36m[GATEWAY][0m Total TX: 0 | Total RX: 0

[1;36m[ENGINE][0m Total TX: 0 | Total RX: 0

[1;36m[CHASSIS][0m Total TX: 0 | Total RX: 0

[1;36m[BODY][0m Total TX: 0 | Total RX: 0

----------------------------------- LOGS ---------------------------------------
[K[Chassis] DEBUG: instCount=195500000, PC=0x1002db9e, SP=0x20041f24
[K[Chassis] DEBUG: instCount=195600000, PC=0x1002dbee, SP=0x20041f10
[K[Body] DEBUG: instCount=194400000, PC=0x100334f8, SP=0x20041ed8
[K[Body] DEBUG: instCount=194500000, PC=0x10033610, SP=0x20041ee8
[K[Body] DEBUG: instCount=194600000, PC=0x100344ea, SP=0x20041f30
[K[Body] DEBUG: instCount=194700000, PC=0x10033618, SP=0x20041ee8
[K[Body] DEBUG: instCount=194800000, PC=0x10032f8e, SP=0x20041f48
[K[Body] DEBUG: instCount=194900000, PC=0x10033a64, SP=0x20041f58
[K[Body] DEBUG: instCount=195000000, PC=0x10029ccc, SP=0x20041fa0
[K[Body] DEBUG: instCount=195100000, PC=0x100336fe, SP=0x20041f58
[K[Body] DEBUG: instCount=195200000, PC=0x10029cd6, SP=0x20041fa0
[K[Body] DEBUG: instCount=195300000, PC=0x1002de7c, SP=0x20041f38
[K[Body] DEBUG: instCount=195400000, PC=0x1002dbb2, SP=0x20041f10
[K[Body] DEBUG: instCount=195500000, PC=0x1002db9e, SP=0x20041f24
[K[Body] DEBUG: instCount=195600000, PC=0x1002dbee, SP=0x20041f10
================================================================================
[H================================================================================
                           VIRTUAL CAN NETWORK DASHBOARD                        
================================================================================
Bus Stats | Ticks: 1,550,000 | Sim/Wall: 0.01x | Effective Rate: 7295 bps
--------------------------------------------------------------------------------
[1;36m[GATEWAY][0m Total TX: 0 | Total RX: 0

[1;36m[ENGINE][0m Total TX: 0 | Total RX: 0

[1;36m[CHASSIS][0m Total TX: 0 | Total RX: 0

[1;36m[BODY][0m Total TX: 0 | Total RX: 0

----------------------------------- LOGS ---------------------------------------
[K[Chassis] DEBUG: instCount=196800000, PC=0x26ce, SP=0x20041f08
[K[Chassis] DEBUG: instCount=196900000, PC=0x20000670, SP=0x20041f08
[K[Body] DEBUG: instCount=195700000, PC=0x1002e29a, SP=0x20041ee0
[K[Body] DEBUG: instCount=195800000, PC=0x1002e2b6, SP=0x20041ee0
[K[Body] DEBUG: instCount=195900000, PC=0x1002e2a2, SP=0x20041ee0
[K[Body] DEBUG: instCount=196000000, PC=0x1002dc38, SP=0x20041f10
[K[Body] DEBUG: instCount=196100000, PC=0x10033200, SP=0x20041f28
[K[Body] DEBUG: instCount=196200000, PC=0x10033340, SP=0x20041f28
[K[Body] DEBUG: instCount=196300000, PC=0x10033208, SP=0x20041f28
[K[Body] DEBUG: instCount=196400000, PC=0x1003333e, SP=0x20041f28
[K[Body] DEBUG: instCount=196500000, PC=0x10033308, SP=0x20041f28
[K[Body] DEBUG: instCount=196600000, PC=0x1003352e, SP=0x20041f18
[K[Body] DEBUG: instCount=196700000, PC=0x10033310, SP=0x20041f28
[K[Body] DEBUG: instCount=196800000, PC=0x26ce, SP=0x20041f08
[K[Body] DEBUG: instCount=196900000, PC=0x20000670, SP=0x20041f08
================================================================================
[H================================================================================
                           VIRTUAL CAN NETWORK DASHBOARD                        
================================================================================
Bus Stats | Ticks: 1,560,000 | Sim/Wall: 0.01x | Effective Rate: 7297 bps
--------------------------------------------------------------------------------
[1;36m[GATEWAY][0m Total TX: 0 | Total RX: 0

[1;36m[ENGINE][0m Total TX: 0 | Total RX: 0

[1;36m[CHASSIS][0m Total TX: 0 | Total RX: 0

[1;36m[BODY][0m Total TX: 0 | Total RX: 0

----------------------------------- LOGS ---------------------------------------
[K[Chassis] DEBUG: instCount=198100000, PC=0x1002dab4, SP=0x20041f80
[K[Chassis] DEBUG: instCount=198200000, PC=0x1002e048, SP=0x20041f90
[K[Body] DEBUG: instCount=197000000, PC=0x10033758, SP=0x20041f08
[K[Body] DEBUG: instCount=197100000, PC=0x200055b6, SP=0x20041f04
[K[Body] DEBUG: instCount=197200000, PC=0x10033028, SP=0x20041ef0
[K[Body] DEBUG: instCount=197300000, PC=0x2632, SP=0x20041ef0
[K[Body] DEBUG: instCount=197400000, PC=0x10033016, SP=0x20041ef0
[K[Body] DEBUG: instCount=197500000, PC=0x2632, SP=0x20041ef0
[K[Body] DEBUG: instCount=197600000, PC=0x2000067e, SP=0x20041f08
[K[Body] DEBUG: instCount=197700000, PC=0x1002e064, SP=0x20041f80
[K[Body] DEBUG: instCount=197800000, PC=0x1002df4c, SP=0x20041f68
[K[Body] DEBUG: instCount=197900000, PC=0x1002df1a, SP=0x20041f68
[K[Body] DEBUG: instCount=198000000, PC=0x1002e440, SP=0x20041f48
[K[Body] DEBUG: instCount=198100000, PC=0x1002dab4, SP=0x20041f80
[K[Body] DEBUG: instCount=198200000, PC=0x1002e048, SP=0x20041f90
================================================================================
[H================================================================================
                           VIRTUAL CAN NETWORK DASHBOARD                        
================================================================================
Bus Stats | Ticks: 1,570,000 | Sim/Wall: 0.01x | Effective Rate: 7295 bps
--------------------------------------------------------------------------------
[1;36m[GATEWAY][0m Total TX: 0 | Total RX: 0

[1;36m[ENGINE][0m Total TX: 0 | Total RX: 0

[1;36m[CHASSIS][0m Total TX: 0 | Total RX: 0

[1;36m[BODY][0m Total TX: 0 | Total RX: 0

----------------------------------- LOGS ---------------------------------------
[K[Chassis] DEBUG: instCount=199300000, PC=0x100344bc, SP=0x20041f30
[K[Chassis] DEBUG: instCount=199400000, PC=0x100344e0, SP=0x20041f30
[K[Chassis] DEBUG: instCount=199500000, PC=0x100344d4, SP=0x20041f30
[K[Body] DEBUG: instCount=198300000, PC=0x1002dac4, SP=0x20041f74
[K[Body] DEBUG: instCount=198400000, PC=0x10029ca6, SP=0x20041fa0
[K[Body] DEBUG: instCount=198500000, PC=0x10032f98, SP=0x20041f48
[K[Body] DEBUG: instCount=198600000, PC=0x10032b7e, SP=0x20041f30
[K[Body] DEBUG: instCount=198700000, PC=0x10032b5c, SP=0x20041f30
[K[Body] DEBUG: instCount=198800000, PC=0x2636, SP=0x20041f30
[K[Body] DEBUG: instCount=198900000, PC=0x10032fac, SP=0x20041f48
[K[Body] DEBUG: instCount=199000000, PC=0x10033a64, SP=0x20041f58
[K[Body] DEBUG: instCount=199100000, PC=0x10032fb4, SP=0x20041f48
[K[Body] DEBUG: instCount=199200000, PC=0x20004d66, SP=0x20041f50
[K[Body] DEBUG: instCount=199300000, PC=0x100344bc, SP=0x20041f30
[K[Body] DEBUG: instCount=199400000, PC=0x100344e0, SP=0x20041f30
================================================================================
[H================================================================================
                           VIRTUAL CAN NETWORK DASHBOARD                        
================================================================================
Bus Stats | Ticks: 1,580,000 | Sim/Wall: 0.01x | Effective Rate: 7286 bps
--------------------------------------------------------------------------------
[1;36m[GATEWAY][0m Total TX: 0 | Total RX: 0

[1;36m[ENGINE][0m Total TX: 0 | Total RX: 0

[1;36m[CHASSIS][0m Total TX: 0 | Total RX: 0

[1;36m[BODY][0m Total TX: 0 | Total RX: 0

----------------------------------- LOGS ---------------------------------------
[K[Chassis] DEBUG: instCount=200600000, PC=0x100334f0, SP=0x20041ed8
[K[Chassis] DEBUG: instCount=200700000, PC=0x100334dc, SP=0x20041ed8
[K[Body] DEBUG: instCount=199500000, PC=0x100344d4, SP=0x20041f30
[K[Body] DEBUG: instCount=199600000, PC=0x10032f6e, SP=0x20041f20
[K[Body] DEBUG: instCount=199700000, PC=0x20005300, SP=0x20041ee8
[K[Body] DEBUG: instCount=199800000, PC=0x20005872, SP=0x20041ee4
[K[Body] DEBUG: instCount=199900000, PC=0x1002e176, SP=0x20041ee8
[K[Body] DEBUG: instCount=200000000, PC=0x10031b86, SP=0x20041ee4
[K[Body] DEBUG: instCount=200100000, PC=0x10032a42, SP=0x20041f00
[K[Body] DEBUG: instCount=200200000, PC=0x20000362, SP=0x20041f00
[K[Body] DEBUG: instCount=200300000, PC=0x2000034a, SP=0x20041f00
[K[Body] DEBUG: instCount=200400000, PC=0x10032f88, SP=0x20041f18
[K[Body] DEBUG: instCount=200500000, PC=0x10033630, SP=0x20041ef0
[K[Body] DEBUG: instCount=200600000, PC=0x100334f0, SP=0x20041ed8
[K[Body] DEBUG: instCount=200700000, PC=0x100334dc, SP=0x20041ed8
================================================================================
[H================================================================================
                           VIRTUAL CAN NETWORK DASHBOARD                        
================================================================================
Bus Stats | Ticks: 1,590,000 | Sim/Wall: 0.01x | Effective Rate: 7265 bps
--------------------------------------------------------------------------------
[1;36m[GATEWAY][0m Total TX: 0 | Total RX: 0

[1;36m[ENGINE][0m Total TX: 0 | Total RX: 0

[1;36m[CHASSIS][0m Total TX: 0 | Total RX: 0

[1;36m[BODY][0m Total TX: 0 | Total RX: 0

----------------------------------- LOGS ---------------------------------------
[K[Chassis] DEBUG: instCount=201900000, PC=0x1002dbd2, SP=0x20041f10
[K[Chassis] DEBUG: instCount=202000000, PC=0x1002dc2e, SP=0x20041f10
[K[Body] DEBUG: instCount=200800000, PC=0x10033640, SP=0x20041ef0
[K[Body] DEBUG: instCount=200900000, PC=0x100344f8, SP=0x20041f30
[K[Body] DEBUG: instCount=201000000, PC=0x10033a5c, SP=0x20041f58
[K[Body] DEBUG: instCount=201100000, PC=0x10033744, SP=0x20041f58
[K[Body] DEBUG: instCount=201200000, PC=0x10032b5e, SP=0x20041f30
[K[Body] DEBUG: instCount=201300000, PC=0x10018506, SP=0x20041f88
[K[Body] DEBUG: instCount=201400000, PC=0x1002e170, SP=0x20041fa0
[K[Body] DEBUG: instCount=201500000, PC=0x10018544, SP=0x20041f88
[K[Body] DEBUG: instCount=201600000, PC=0x1002e052, SP=0x20041f80
[K[Body] DEBUG: instCount=201700000, PC=0x1002dbb8, SP=0x20041f10
[K[Body] DEBUG: instCount=201800000, PC=0x1002dbe6, SP=0x20041f10
[K[Body] DEBUG: instCount=201900000, PC=0x1002dbd2, SP=0x20041f10
[K[Body] DEBUG: instCount=202000000, PC=0x1002dc2e, SP=0x20041f10
================================================================================
[H================================================================================
                           VIRTUAL CAN NETWORK DASHBOARD                        
================================================================================
Bus Stats | Ticks: 1,600,000 | Sim/Wall: 0.01x | Effective Rate: 7272 bps
--------------------------------------------------------------------------------
[1;36m[GATEWAY][0m Total TX: 0 | Total RX: 0

[1;36m[ENGINE][0m Total TX: 0 | Total RX: 0

[1;36m[CHASSIS][0m Total TX: 0 | Total RX: 0

[1;36m[BODY][0m Total TX: 0 | Total RX: 0

----------------------------------- LOGS ---------------------------------------
[K[Chassis] DEBUG: instCount=203200000, PC=0x10033758, SP=0x20041f58
[K[Chassis] DEBUG: instCount=203300000, PC=0x10032b4e, SP=0x20041f40
[K[Body] DEBUG: instCount=202100000, PC=0x1002e2bc, SP=0x20041ee0
[K[Body] DEBUG: instCount=202200000, PC=0x1002e2cc, SP=0x20041ee0
[K[Body] DEBUG: instCount=202300000, PC=0x1002e2dc, SP=0x20041ee0
[K[Body] DEBUG: instCount=202400000, PC=0x1002deac, SP=0x20041f38
[K[Body] DEBUG: instCount=202500000, PC=0x1002e498, SP=0x20041f48
[K[Body] DEBUG: instCount=202600000, PC=0x1002e45c, SP=0x20041f28
[K[Body] DEBUG: instCount=202700000, PC=0x1002e452, SP=0x20041f28
[K[Body] DEBUG: instCount=202800000, PC=0x1002e4a2, SP=0x20041f48
[K[Body] DEBUG: instCount=202900000, PC=0x1001e8ce, SP=0x20041f60
[K[Body] DEBUG: instCount=203000000, PC=0x100337f0, SP=0x20041f50
[K[Body] DEBUG: instCount=203100000, PC=0x10026e12, SP=0x20041f98
[K[Body] DEBUG: instCount=203200000, PC=0x10033758, SP=0x20041f58
[K[Body] DEBUG: instCount=203300000, PC=0x10032b4e, SP=0x20041f40
================================================================================
[H================================================================================
                           VIRTUAL CAN NETWORK DASHBOARD                        
================================================================================
Bus Stats | Ticks: 1,610,000 | Sim/Wall: 0.01x | Effective Rate: 7284 bps
--------------------------------------------------------------------------------
[1;36m[GATEWAY][0m Total TX: 0 | Total RX: 0

[1;36m[ENGINE][0m Total TX: 0 | Total RX: 0

[1;36m[CHASSIS][0m Total TX: 0 | Total RX: 0

[1;36m[BODY][0m Total TX: 0 | Total RX: 0

----------------------------------- LOGS ---------------------------------------
[K[Chassis] DEBUG: instCount=204500000, PC=0x10032d58, SP=0x20041f10
[K[Chassis] DEBUG: instCount=204600000, PC=0x10033010, SP=0x20041f10
[K[Body] DEBUG: instCount=203400000, PC=0x10018504, SP=0x20041fa0
[K[Body] DEBUG: instCount=203500000, PC=0x10033702, SP=0x20041f58
[K[Body] DEBUG: instCount=203600000, PC=0x1002e16c, SP=0x20041fa0
[K[Body] DEBUG: instCount=203700000, PC=0x1003333e, SP=0x20041f48
[K[Body] DEBUG: instCount=203800000, PC=0x1003320a, SP=0x20041f48
[K[Body] DEBUG: instCount=203900000, PC=0x100332f0, SP=0x20041f48
[K[Body] DEBUG: instCount=204000000, PC=0x100332f2, SP=0x20041f48
[K[Body] DEBUG: instCount=204100000, PC=0x10033560, SP=0x20041f28
[K[Body] DEBUG: instCount=204200000, PC=0x10033574, SP=0x20041f28
[K[Body] DEBUG: instCount=204300000, PC=0x26aa, SP=0x20041f28
[K[Body] DEBUG: instCount=204400000, PC=0x1003331c, SP=0x20041f48
[K[Body] DEBUG: instCount=204500000, PC=0x10032d58, SP=0x20041f10
[K[Body] DEBUG: instCount=204600000, PC=0x10033010, SP=0x20041f10
================================================================================
[H================================================================================
                           VIRTUAL CAN NETWORK DASHBOARD                        
================================================================================
Bus Stats | Ticks: 1,620,000 | Sim/Wall: 0.01x | Effective Rate: 7288 bps
--------------------------------------------------------------------------------
[1;36m[GATEWAY][0m Total TX: 0 | Total RX: 0

[1;36m[ENGINE][0m Total TX: 0 | Total RX: 0

[1;36m[CHASSIS][0m Total TX: 0 | Total RX: 0

[1;36m[BODY][0m Total TX: 0 | Total RX: 0

----------------------------------- LOGS ---------------------------------------
[K[Chassis] DEBUG: instCount=205800000, PC=0x1002e294, SP=0x20041ee0
[K[Chassis] DEBUG: instCount=205900000, PC=0x1002e27e, SP=0x20041ee0
[K[Body] DEBUG: instCount=204700000, PC=0x10032fec, SP=0x20041f10
[K[Body] DEBUG: instCount=204800000, PC=0x2636, SP=0x20041f10
[K[Body] DEBUG: instCount=204900000, PC=0x10032b22, SP=0x20041f10
[K[Body] DEBUG: instCount=205000000, PC=0x10033702, SP=0x20041f28
[K[Body] DEBUG: instCount=205100000, PC=0x200006ec, SP=0x20041f28
[K[Body] DEBUG: instCount=205200000, PC=0x10033342, SP=0x20041f48
[K[Body] DEBUG: instCount=205300000, PC=0x1002de3e, SP=0x20041f38
[K[Body] DEBUG: instCount=205400000, PC=0x1002de76, SP=0x20041f38
[K[Body] DEBUG: instCount=205500000, PC=0x1002de60, SP=0x20041f38
[K[Body] DEBUG: instCount=205600000, PC=0x1002dbb2, SP=0x20041f10
[K[Body] DEBUG: instCount=205700000, PC=0x1002e26a, SP=0x20041ee0
[K[Body] DEBUG: instCount=205800000, PC=0x1002e294, SP=0x20041ee0
[K[Body] DEBUG: instCount=205900000, PC=0x1002e27e, SP=0x20041ee0
================================================================================
[H================================================================================
                           VIRTUAL CAN NETWORK DASHBOARD                        
================================================================================
Bus Stats | Ticks: 1,630,000 | Sim/Wall: 0.01x | Effective Rate: 7286 bps
--------------------------------------------------------------------------------
[1;36m[GATEWAY][0m Total TX: 0 | Total RX: 0

[1;36m[ENGINE][0m Total TX: 0 | Total RX: 0

[1;36m[CHASSIS][0m Total TX: 0 | Total RX: 0

[1;36m[BODY][0m Total TX: 0 | Total RX: 0

----------------------------------- LOGS ---------------------------------------
[K[Chassis] DEBUG: instCount=206900000, PC=0x10032f92, SP=0x20041f48
[K[Chassis] DEBUG: instCount=207000000, PC=0x10032b88, SP=0x20041f30
[K[Chassis] DEBUG: instCount=207100000, PC=0x10032b60, SP=0x20041f30
[K[Body] DEBUG: instCount=206000000, PC=0x1002e2b6, SP=0x20041ee0
[K[Body] DEBUG: instCount=206100000, PC=0x1002dec8, SP=0x20041f38
[K[Body] DEBUG: instCount=206200000, PC=0x1002df50, SP=0x20041f68
[K[Body] DEBUG: instCount=206300000, PC=0x1002df1e, SP=0x20041f68
[K[Body] DEBUG: instCount=206400000, PC=0x1002e492, SP=0x20041f58
[K[Body] DEBUG: instCount=206500000, PC=0x1002df6a, SP=0x20041f68
[K[Body] DEBUG: instCount=206600000, PC=0x10029c94, SP=0x20041fa0
[K[Body] DEBUG: instCount=206700000, PC=0x1002dac8, SP=0x20041f74
[K[Body] DEBUG: instCount=206800000, PC=0x1001e8c8, SP=0x20041f60
[K[Body] DEBUG: instCount=206900000, PC=0x10032f92, SP=0x20041f48
[K[Body] DEBUG: instCount=207000000, PC=0x10032b88, SP=0x20041f30
[K[Body] DEBUG: instCount=207100000, PC=0x10032b60, SP=0x20041f30
================================================================================
[H================================================================================
                           VIRTUAL CAN NETWORK DASHBOARD                        
================================================================================
Bus Stats | Ticks: 1,640,000 | Sim/Wall: 0.01x | Effective Rate: 7285 bps
--------------------------------------------------------------------------------
[1;36m[GATEWAY][0m Total TX: 0 | Total RX: 0

[1;36m[ENGINE][0m Total TX: 0 | Total RX: 0

[1;36m[CHASSIS][0m Total TX: 0 | Total RX: 0

[1;36m[BODY][0m Total TX: 0 | Total RX: 0

----------------------------------- LOGS ---------------------------------------
[K[Chassis] DEBUG: instCount=208300000, PC=0x20000310, SP=0x20041ee8
[K[Chassis] DEBUG: instCount=208400000, PC=0x10031b7a, SP=0x20041ee4
[K[Body] DEBUG: instCount=207200000, PC=0x2644, SP=0x20041f30
[K[Body] DEBUG: instCount=207300000, PC=0x10032b9a, SP=0x20041f30
[K[Body] DEBUG: instCount=207400000, PC=0x100336f8, SP=0x20041f58
[K[Body] DEBUG: instCount=207500000, PC=0x10032fb8, SP=0x20041f48
[K[Body] DEBUG: instCount=207600000, PC=0x10034920, SP=0x20041f58
[K[Body] DEBUG: instCount=207700000, PC=0x10033efe, SP=0x20041f58
[K[Body] DEBUG: instCount=207800000, PC=0x1003452a, SP=0x20041f30
[K[Body] DEBUG: instCount=207900000, PC=0x1003302c, SP=0x20041f28
[K[Body] DEBUG: instCount=208000000, PC=0x1003411c, SP=0x20041f30
[K[Body] DEBUG: instCount=208100000, PC=0x100348e6, SP=0x20041efc
[K[Body] DEBUG: instCount=208200000, PC=0x20005876, SP=0x20041ee4
[K[Body] DEBUG: instCount=208300000, PC=0x20000310, SP=0x20041ee8
[K[Body] DEBUG: instCount=208400000, PC=0x10031b7a, SP=0x20041ee4
================================================================================
[H================================================================================
                           VIRTUAL CAN NETWORK DASHBOARD                        
================================================================================
Bus Stats | Ticks: 1,650,000 | Sim/Wall: 0.01x | Effective Rate: 7286 bps
--------------------------------------------------------------------------------
[1;36m[GATEWAY][0m Total TX: 0 | Total RX: 0

[1;36m[ENGINE][0m Total TX: 0 | Total RX: 0

[1;36m[CHASSIS][0m Total TX: 0 | Total RX: 0

[1;36m[BODY][0m Total TX: 0 | Total RX: 0

----------------------------------- LOGS ---------------------------------------
[K[Chassis] DEBUG: instCount=209600000, PC=0x10032f9e, SP=0x20041f48
[K[Chassis] DEBUG: instCount=209700000, PC=0x10033f48, SP=0x20041f58
[K[Body] DEBUG: instCount=208500000, PC=0x10032a36, SP=0x20041f00
[K[Body] DEBUG: instCount=208600000, PC=0x20000368, SP=0x20041f00
[K[Body] DEBUG: instCount=208700000, PC=0x2000034e, SP=0x20041f00
[K[Body] DEBUG: instCount=208800000, PC=0x10032f76, SP=0x20041f18
[K[Body] DEBUG: instCount=208900000, PC=0x10033698, SP=0x20041f00
[K[Body] DEBUG: instCount=209000000, PC=0x100334f4, SP=0x20041ed8
[K[Body] DEBUG: instCount=209100000, PC=0x100334e0, SP=0x20041ed8
[K[Body] DEBUG: instCount=209200000, PC=0x1003352a, SP=0x20041ed8
[K[Body] DEBUG: instCount=209300000, PC=0x1003398a, SP=0x20041f10
[K[Body] DEBUG: instCount=209400000, PC=0x10032f8a, SP=0x20041f58
[K[Body] DEBUG: instCount=209500000, PC=0x1003374a, SP=0x20041f58
[K[Body] DEBUG: instCount=209600000, PC=0x10032f9e, SP=0x20041f48
[K[Body] DEBUG: instCount=209700000, PC=0x10033f48, SP=0x20041f58
================================================================================
[H================================================================================
                           VIRTUAL CAN NETWORK DASHBOARD                        
================================================================================
Bus Stats | Ticks: 1,660,000 | Sim/Wall: 0.01x | Effective Rate: 7291 bps
--------------------------------------------------------------------------------
[1;36m[GATEWAY][0m Total TX: 0 | Total RX: 0

[1;36m[ENGINE][0m Total TX: 0 | Total RX: 0

[1;36m[CHASSIS][0m Total TX: 0 | Total RX: 0

[1;36m[BODY][0m Total TX: 0 | Total RX: 0

----------------------------------- LOGS ---------------------------------------
[K[Chassis] DEBUG: instCount=210900000, PC=0x100332f2, SP=0x20041f28
[K[Chassis] DEBUG: instCount=211000000, PC=0x100332f2, SP=0x20041f28
[K[Body] DEBUG: instCount=209800000, PC=0x1002e174, SP=0x20041fa0
[K[Body] DEBUG: instCount=209900000, PC=0x10018548, SP=0x20041f88
[K[Body] DEBUG: instCount=210000000, PC=0x1002e03a, SP=0x20041f80
[K[Body] DEBUG: instCount=210100000, PC=0x1002dbac, SP=0x20041f10
[K[Body] DEBUG: instCount=210200000, PC=0x1002dbea, SP=0x20041f10
[K[Body] DEBUG: instCount=210300000, PC=0x1002dbd6, SP=0x20041f10
[K[Body] DEBUG: instCount=210400000, PC=0x1002dc04, SP=0x20041f10
[K[Body] DEBUG: instCount=210500000, PC=0x1002e2b0, SP=0x20041ee0
[K[Body] DEBUG: instCount=210600000, PC=0x1002e2d2, SP=0x20041efc
[K[Body] DEBUG: instCount=210700000, PC=0x1002e2e0, SP=0x20041ee0
[K[Body] DEBUG: instCount=210800000, PC=0x1002de9e, SP=0x20041f38
[K[Body] DEBUG: instCount=210900000, PC=0x100332f2, SP=0x20041f28
[K[Body] DEBUG: instCount=211000000, PC=0x100332f2, SP=0x20041f28
================================================================================
[H================================================================================
                           VIRTUAL CAN NETWORK DASHBOARD                        
================================================================================
Bus Stats | Ticks: 1,670,000 | Sim/Wall: 0.01x | Effective Rate: 7295 bps
--------------------------------------------------------------------------------
[1;36m[GATEWAY][0m Total TX: 0 | Total RX: 0

[1;36m[ENGINE][0m Total TX: 0 | Total RX: 0

[1;36m[CHASSIS][0m Total TX: 0 | Total RX: 0

[1;36m[BODY][0m Total TX: 0 | Total RX: 0

----------------------------------- LOGS ---------------------------------------
[K[Chassis] DEBUG: instCount=212200000, PC=0x20005500, SP=0x20041f08
[K[Chassis] DEBUG: instCount=212300000, PC=0x10032ff8, SP=0x20041ef0
[K[Body] DEBUG: instCount=211100000, PC=0x10033344, SP=0x20041f28
[K[Body] DEBUG: instCount=211200000, PC=0x10033212, SP=0x20041f28
[K[Body] DEBUG: instCount=211300000, PC=0x100336c0, SP=0x20041f18
[K[Body] DEBUG: instCount=211400000, PC=0x26ac, SP=0x20041f08
[K[Body] DEBUG: instCount=211500000, PC=0x100329cc, SP=0x20041f08
[K[Body] DEBUG: instCount=211600000, PC=0x10033552, SP=0x20041f08
[K[Body] DEBUG: instCount=211700000, PC=0x10033750, SP=0x20041f08
[K[Body] DEBUG: instCount=211800000, PC=0x10032fee, SP=0x20041ef0
[K[Body] DEBUG: instCount=211900000, PC=0x10032d66, SP=0x20041ee8
[K[Body] DEBUG: instCount=212000000, PC=0x10033010, SP=0x20041ef0
[K[Body] DEBUG: instCount=212100000, PC=0x2638, SP=0x20041ef0
[K[Body] DEBUG: instCount=212200000, PC=0x20005500, SP=0x20041f08
[K[Body] DEBUG: instCount=212300000, PC=0x10032ff8, SP=0x20041ef0
================================================================================
[H================================================================================
                           VIRTUAL CAN NETWORK DASHBOARD                        
================================================================================
Bus Stats | Ticks: 1,680,000 | Sim/Wall: 0.01x | Effective Rate: 7290 bps
--------------------------------------------------------------------------------
[1;36m[GATEWAY][0m Total TX: 0 | Total RX: 0

[1;36m[ENGINE][0m Total TX: 0 | Total RX: 0

[1;36m[CHASSIS][0m Total TX: 0 | Total RX: 0

[1;36m[BODY][0m Total TX: 0 | Total RX: 0

----------------------------------- LOGS ---------------------------------------
[K[Chassis] DEBUG: instCount=213300000, PC=0x10032b62, SP=0x20041f30
[K[Chassis] DEBUG: instCount=213400000, PC=0x2632, SP=0x20041f30
[K[Chassis] DEBUG: instCount=213500000, PC=0x2648, SP=0x20041f30
[K[Body] DEBUG: instCount=212400000, PC=0x10033702, SP=0x20041f08
[K[Body] DEBUG: instCount=212500000, PC=0x1002df20, SP=0x20041f68
[K[Body] DEBUG: instCount=212600000, PC=0x1002e444, SP=0x20041f28
[K[Body] DEBUG: instCount=212700000, PC=0x1002e4b6, SP=0x20041f58
[K[Body] DEBUG: instCount=212800000, PC=0x1002e3f8, SP=0x20041f28
[K[Body] DEBUG: instCount=212900000, PC=0x1002daca, SP=0x20041f74
[K[Body] DEBUG: instCount=213000000, PC=0x10029cc2, SP=0x20041fa0
[K[Body] DEBUG: instCount=213100000, PC=0x1001e8c4, SP=0x20041f98
[K[Body] DEBUG: instCount=213200000, PC=0x10033a3e, SP=0x20041f84
[K[Body] DEBUG: instCount=213300000, PC=0x10032b62, SP=0x20041f30
[K[Body] DEBUG: instCount=213400000, PC=0x2632, SP=0x20041f30
[K[Body] DEBUG: instCount=213500000, PC=0x2648, SP=0x20041f30
================================================================================
[H================================================================================
                           VIRTUAL CAN NETWORK DASHBOARD                        
================================================================================
Bus Stats | Ticks: 1,690,000 | Sim/Wall: 0.01x | Effective Rate: 7193 bps
--------------------------------------------------------------------------------
[1;36m[GATEWAY][0m Total TX: 0 | Total RX: 0

[1;36m[ENGINE][0m Total TX: 0 | Total RX: 0

[1;36m[CHASSIS][0m Total TX: 0 | Total RX: 0

[1;36m[BODY][0m Total TX: 0 | Total RX: 0

----------------------------------- LOGS ---------------------------------------
[K[Chassis] DEBUG: instCount=214700000, PC=0x10031b7e, SP=0x20041ee4
[K[Chassis] DEBUG: instCount=214800000, PC=0x20000326, SP=0x20041ee8
[K[Body] DEBUG: instCount=213600000, PC=0x2634, SP=0x20041f30
[K[Body] DEBUG: instCount=213700000, PC=0x10032b2c, SP=0x20041f48
[K[Body] DEBUG: instCount=213800000, PC=0x20004d72, SP=0x20041f50
[K[Body] DEBUG: instCount=213900000, PC=0x10034924, SP=0x20041f54
[K[Body] DEBUG: instCount=214000000, PC=0x10033eba, SP=0x20041f58
[K[Body] DEBUG: instCount=214100000, PC=0x100344d2, SP=0x20041f30
[K[Body] DEBUG: instCount=214200000, PC=0x10032f7a, SP=0x20041f18
[K[Body] DEBUG: instCount=214300000, PC=0x10034120, SP=0x20041f20
[K[Body] DEBUG: instCount=214400000, PC=0x1003412a, SP=0x20041f20
[K[Body] DEBUG: instCount=214500000, PC=0x1002e174, SP=0x20041ee8
[K[Body] DEBUG: instCount=214600000, PC=0x10031b92, SP=0x20041ee8
[K[Body] DEBUG: instCount=214700000, PC=0x10031b7e, SP=0x20041ee4
[K[Body] DEBUG: instCount=214800000, PC=0x20000326, SP=0x20041ee8
================================================================================
[H================================================================================
                           VIRTUAL CAN NETWORK DASHBOARD                        
================================================================================
Bus Stats | Ticks: 1,700,000 | Sim/Wall: 0.01x | Effective Rate: 7100 bps
--------------------------------------------------------------------------------
[1;36m[GATEWAY][0m Total TX: 0 | Total RX: 0

[1;36m[ENGINE][0m Total TX: 0 | Total RX: 0

[1;36m[CHASSIS][0m Total TX: 0 | Total RX: 0

[1;36m[BODY][0m Total TX: 0 | Total RX: 0

----------------------------------- LOGS ---------------------------------------
[K[Chassis] DEBUG: instCount=216000000, PC=0x10032b82, SP=0x20041f30
[K[Chassis] DEBUG: instCount=216100000, PC=0x10018542, SP=0x20041f88
[K[Body] DEBUG: instCount=214900000, PC=0x20000346, SP=0x20041f00
[K[Body] DEBUG: instCount=215000000, PC=0x1003414a, SP=0x20041f20
[K[Body] DEBUG: instCount=215100000, PC=0x10032f7a, SP=0x20041f18
[K[Body] DEBUG: instCount=215200000, PC=0x10033962, SP=0x20041f10
[K[Body] DEBUG: instCount=215300000, PC=0x100334da, SP=0x20041ed8
[K[Body] DEBUG: instCount=215400000, PC=0x10033676, SP=0x20041ef0
[K[Body] DEBUG: instCount=215500000, PC=0x10033638, SP=0x20041ef0
[K[Body] DEBUG: instCount=215600000, PC=0x10033664, SP=0x20041ef0
[K[Body] DEBUG: instCount=215700000, PC=0x10033a56, SP=0x20041f58
[K[Body] DEBUG: instCount=215800000, PC=0x10032b70, SP=0x20041f30
[K[Body] DEBUG: instCount=215900000, PC=0x10032fa2, SP=0x20041f48
[K[Body] DEBUG: instCount=216000000, PC=0x10032b82, SP=0x20041f30
[K[Body] DEBUG: instCount=216100000, PC=0x10018542, SP=0x20041f88
================================================================================
[H================================================================================
                           VIRTUAL CAN NETWORK DASHBOARD                        
================================================================================
Bus Stats | Ticks: 1,710,000 | Sim/Wall: 0.01x | Effective Rate: 7053 bps
--------------------------------------------------------------------------------
[1;36m[GATEWAY][0m Total TX: 0 | Total RX: 0

[1;36m[ENGINE][0m Total TX: 0 | Total RX: 0

[1;36m[CHASSIS][0m Total TX: 0 | Total RX: 0

[1;36m[BODY][0m Total TX: 0 | Total RX: 0

----------------------------------- LOGS ---------------------------------------
[K[Chassis] DEBUG: instCount=217300000, PC=0x1002e450, SP=0x20041f28
[K[Chassis] DEBUG: instCount=217400000, PC=0x1002df66, SP=0x20041f68
[K[Body] DEBUG: instCount=216200000, PC=0x1002de3a, SP=0x20041f6c
[K[Body] DEBUG: instCount=216300000, PC=0x1002e04a, SP=0x20041f80
[K[Body] DEBUG: instCount=216400000, PC=0x1002de44, SP=0x20041f38
[K[Body] DEBUG: instCount=216500000, PC=0x1002dbd0, SP=0x20041f10
[K[Body] DEBUG: instCount=216600000, PC=0x1002e266, SP=0x20041ee0
[K[Body] DEBUG: instCount=216700000, PC=0x1002dc08, SP=0x20041f10
[K[Body] DEBUG: instCount=216800000, PC=0x1002e16c, SP=0x20041ee0
[K[Body] DEBUG: instCount=216900000, PC=0x1002e2da, SP=0x20041ee0
[K[Body] DEBUG: instCount=217000000, PC=0x1002dec4, SP=0x20041f38
[K[Body] DEBUG: instCount=217100000, PC=0x1002dea2, SP=0x20041f38
[K[Body] DEBUG: instCount=217200000, PC=0x1002e05e, SP=0x20041f80
[K[Body] DEBUG: instCount=217300000, PC=0x1002e450, SP=0x20041f28
[K[Body] DEBUG: instCount=217400000, PC=0x1002df66, SP=0x20041f68
================================================================================
[H================================================================================
                           VIRTUAL CAN NETWORK DASHBOARD                        
================================================================================
Bus Stats | Ticks: 1,720,000 | Sim/Wall: 0.01x | Effective Rate: 7009 bps
--------------------------------------------------------------------------------
[1;36m[GATEWAY][0m Total TX: 0 | Total RX: 0

[1;36m[ENGINE][0m Total TX: 0 | Total RX: 0

[1;36m[CHASSIS][0m Total TX: 0 | Total RX: 0

[1;36m[BODY][0m Total TX: 0 | Total RX: 0

----------------------------------- LOGS ---------------------------------------
[K[Chassis] DEBUG: instCount=218600000, PC=0x10033346, SP=0x20041f48
[K[Chassis] DEBUG: instCount=218700000, PC=0x1003320e, SP=0x20041f48
[K[Body] DEBUG: instCount=217500000, PC=0x1002e48c, SP=0x20041f28
[K[Body] DEBUG: instCount=217600000, PC=0x1002e03e, SP=0x20041f80
[K[Body] DEBUG: instCount=217700000, PC=0x10026e10, SP=0x20041f98
[K[Body] DEBUG: instCount=217800000, PC=0x10032f8e, SP=0x20041f48
[K[Body] DEBUG: instCount=217900000, PC=0x1003374e, SP=0x20041f58
[K[Body] DEBUG: instCount=218000000, PC=0x10032d5c, SP=0x20041f40
[K[Body] DEBUG: instCount=218100000, PC=0x10033700, SP=0x20041f58
[K[Body] DEBUG: instCount=218200000, PC=0x20005bdf, SP=0x20041f78
[K[Body] DEBUG: instCount=218300000, PC=0x1001855a, SP=0x20041f88
[K[Body] DEBUG: instCount=218400000, PC=0x100331aa, SP=0x20041f78
[K[Body] DEBUG: instCount=218500000, PC=0x10033212, SP=0x20041f48
[K[Body] DEBUG: instCount=218600000, PC=0x10033346, SP=0x20041f48
[K[Body] DEBUG: instCount=218700000, PC=0x1003320e, SP=0x20041f48
================================================================================
[H================================================================================
                           VIRTUAL CAN NETWORK DASHBOARD                        
================================================================================
Bus Stats | Ticks: 1,730,000 | Sim/Wall: 0.01x | Effective Rate: 7000 bps
--------------------------------------------------------------------------------
[1;36m[GATEWAY][0m Total TX: 0 | Total RX: 0

[1;36m[ENGINE][0m Total TX: 0 | Total RX: 0

[1;36m[CHASSIS][0m Total TX: 0 | Total RX: 0

[1;36m[BODY][0m Total TX: 0 | Total RX: 0

----------------------------------- LOGS ---------------------------------------
[K[Chassis] DEBUG: instCount=219700000, PC=0x10032b56, SP=0x20041f08
[K[Chassis] DEBUG: instCount=219800000, PC=0x1003321a, SP=0x20041f48
[K[Chassis] DEBUG: instCount=219900000, PC=0x10033342, SP=0x20041f48
[K[Body] DEBUG: instCount=218800000, PC=0x1003320e, SP=0x20041f48
[K[Body] DEBUG: instCount=218900000, PC=0x26a8, SP=0x20041f28
[K[Body] DEBUG: instCount=219000000, PC=0x10033328, SP=0x20041f48
[K[Body] DEBUG: instCount=219100000, PC=0x10033314, SP=0x20041f48
[K[Body] DEBUG: instCount=219200000, PC=0x10034902, SP=0x20041f44
[K[Body] DEBUG: instCount=219300000, PC=0x10032fea, SP=0x20041f10
[K[Body] DEBUG: instCount=219400000, PC=0x2632, SP=0x20041f10
[K[Body] DEBUG: instCount=219500000, PC=0x2636, SP=0x20041f10
[K[Body] DEBUG: instCount=219600000, PC=0x2634, SP=0x20041f10
[K[Body] DEBUG: instCount=219700000, PC=0x10032b56, SP=0x20041f08
[K[Body] DEBUG: instCount=219800000, PC=0x1003321a, SP=0x20041f48
[K[Body] DEBUG: instCount=219900000, PC=0x10033342, SP=0x20041f48
================================================================================
[H================================================================================
                           VIRTUAL CAN NETWORK DASHBOARD                        
================================================================================
Bus Stats | Ticks: 1,740,000 | Sim/Wall: 0.01x | Effective Rate: 7007 bps
--------------------------------------------------------------------------------
[1;36m[GATEWAY][0m Total TX: 0 | Total RX: 0

[1;36m[ENGINE][0m Total TX: 0 | Total RX: 0

[1;36m[CHASSIS][0m Total TX: 0 | Total RX: 0

[1;36m[BODY][0m Total TX: 0 | Total RX: 0

----------------------------------- LOGS ---------------------------------------
[K[Chassis] DEBUG: instCount=221100000, PC=0x1002e492, SP=0x20041f58
[K[Chassis] DEBUG: instCount=221200000, PC=0x1002e44a, SP=0x20041f28
[K[Body] DEBUG: instCount=220000000, PC=0x10033244, SP=0x20041f48
[K[Body] DEBUG: instCount=220100000, PC=0x1002de54, SP=0x20041f38
[K[Body] DEBUG: instCount=220200000, PC=0x1002dbc6, SP=0x20041f10
[K[Body] DEBUG: instCount=220300000, PC=0x1002dbb2, SP=0x20041f10
[K[Body] DEBUG: instCount=220400000, PC=0x1002dbc8, SP=0x20041f10
[K[Body] DEBUG: instCount=220500000, PC=0x1002e272, SP=0x20041ee0
[K[Body] DEBUG: instCount=220600000, PC=0x1002e172, SP=0x20041ee0
[K[Body] DEBUG: instCount=220700000, PC=0x1002e2b6, SP=0x20041ee0
[K[Body] DEBUG: instCount=220800000, PC=0x1002e174, SP=0x20041ee0
[K[Body] DEBUG: instCount=220900000, PC=0x1002df12, SP=0x20041f68
[K[Body] DEBUG: instCount=221000000, PC=0x1002e448, SP=0x20041f28
[K[Body] DEBUG: instCount=221100000, PC=0x1002e492, SP=0x20041f58
[K[Body] DEBUG: instCount=221200000, PC=0x1002e44a, SP=0x20041f28
================================================================================
[H================================================================================
                           VIRTUAL CAN NETWORK DASHBOARD                        
================================================================================
Bus Stats | Ticks: 1,750,000 | Sim/Wall: 0.01x | Effective Rate: 7004 bps
--------------------------------------------------------------------------------
[1;36m[GATEWAY][0m Total TX: 0 | Total RX: 0

[1;36m[ENGINE][0m Total TX: 0 | Total RX: 0

[1;36m[CHASSIS][0m Total TX: 0 | Total RX: 0

[1;36m[BODY][0m Total TX: 0 | Total RX: 0

----------------------------------- LOGS ---------------------------------------
[K[Chassis] DEBUG: instCount=222400000, PC=0x20004d70, SP=0x20041f50
[K[Chassis] DEBUG: instCount=222500000, PC=0x100344c6, SP=0x20041f30
[K[Body] DEBUG: instCount=221300000, PC=0x1002dabe, SP=0x20041f74
[K[Body] DEBUG: instCount=221400000, PC=0x10029cc6, SP=0x20041fa0
[K[Body] DEBUG: instCount=221500000, PC=0x1001e8c8, SP=0x20041f60
[K[Body] DEBUG: instCount=221600000, PC=0x10029cc8, SP=0x20041fa0
[K[Body] DEBUG: instCount=221700000, PC=0x10032fa2, SP=0x20041f48
[K[Body] DEBUG: instCount=221800000, PC=0x2636, SP=0x20041f30
[K[Body] DEBUG: instCount=221900000, PC=0x2632, SP=0x20041f30
[K[Body] DEBUG: instCount=222000000, PC=0x2638, SP=0x20041f30
[K[Body] DEBUG: instCount=222100000, PC=0x10032b1a, SP=0x20041f48
[K[Body] DEBUG: instCount=222200000, PC=0x20004d76, SP=0x20041f58
[K[Body] DEBUG: instCount=222300000, PC=0x10034928, SP=0x20041f58
[K[Body] DEBUG: instCount=222400000, PC=0x20004d70, SP=0x20041f50
[K[Body] DEBUG: instCount=222500000, PC=0x100344c6, SP=0x20041f30
================================================================================
[H================================================================================
                           VIRTUAL CAN NETWORK DASHBOARD                        
================================================================================
Bus Stats | Ticks: 1,760,000 | Sim/Wall: 0.01x | Effective Rate: 7015 bps
--------------------------------------------------------------------------------
[1;36m[GATEWAY][0m Total TX: 0 | Total RX: 0

[1;36m[ENGINE][0m Total TX: 0 | Total RX: 0

[1;36m[CHASSIS][0m Total TX: 0 | Total RX: 0

[1;36m[BODY][0m Total TX: 0 | Total RX: 0

----------------------------------- LOGS ---------------------------------------
[K[Chassis] DEBUG: instCount=223700000, PC=0x100334cc, SP=0x20041ed8
[K[Chassis] DEBUG: instCount=223800000, PC=0x1003367a, SP=0x20041ef0
[K[Body] DEBUG: instCount=222600000, PC=0x10032f84, SP=0x20041f18
[K[Body] DEBUG: instCount=222700000, PC=0x10034124, SP=0x20041f20
[K[Body] DEBUG: instCount=222800000, PC=0x10032f78, SP=0x20041f18
[K[Body] DEBUG: instCount=222900000, PC=0x1002e168, SP=0x20041ee8
[K[Body] DEBUG: instCount=223000000, PC=0x20000320, SP=0x20041ee8
[K[Body] DEBUG: instCount=223100000, PC=0x10031b82, SP=0x20041ee4
[K[Body] DEBUG: instCount=223200000, PC=0x10031b90, SP=0x20041ee8
[K[Body] DEBUG: instCount=223300000, PC=0x10034760, SP=0x20041f00
[K[Body] DEBUG: instCount=223400000, PC=0x1003414e, SP=0x20041f20
[K[Body] DEBUG: instCount=223500000, PC=0x10032f84, SP=0x20041f18
[K[Body] DEBUG: instCount=223600000, PC=0x10034148, SP=0x20041f20
[K[Body] DEBUG: instCount=223700000, PC=0x100334cc, SP=0x20041ed8
[K[Body] DEBUG: instCount=223800000, PC=0x1003367a, SP=0x20041ef0
================================================================================
[H================================================================================
                           VIRTUAL CAN NETWORK DASHBOARD                        
================================================================================
Bus Stats | Ticks: 1,770,000 | Sim/Wall: 0.01x | Effective Rate: 7023 bps
--------------------------------------------------------------------------------
[1;36m[GATEWAY][0m Total TX: 0 | Total RX: 0

[1;36m[ENGINE][0m Total TX: 0 | Total RX: 0

[1;36m[CHASSIS][0m Total TX: 0 | Total RX: 0

[1;36m[BODY][0m Total TX: 0 | Total RX: 0

----------------------------------- LOGS ---------------------------------------
[K[Chassis] DEBUG: instCount=225000000, PC=0x1002e26a, SP=0x20041ee0
[K[Chassis] DEBUG: instCount=225100000, PC=0x1002dc0c, SP=0x20041f10
[K[Body] DEBUG: instCount=223900000, PC=0x1003363c, SP=0x20041ef0
[K[Body] DEBUG: instCount=224000000, PC=0x10033674, SP=0x20041ef0
[K[Body] DEBUG: instCount=224100000, PC=0x10033a4a, SP=0x20041f58
[K[Body] DEBUG: instCount=224200000, PC=0x10032b74, SP=0x20041f30
[K[Body] DEBUG: instCount=224300000, PC=0x10032b5a, SP=0x20041f30
[K[Body] DEBUG: instCount=224400000, PC=0x10032b68, SP=0x20041f30
[K[Body] DEBUG: instCount=224500000, PC=0x10018510, SP=0x20041f88
[K[Body] DEBUG: instCount=224600000, PC=0x1002de3e, SP=0x20041f38
[K[Body] DEBUG: instCount=224700000, PC=0x1002e04e, SP=0x20041f80
[K[Body] DEBUG: instCount=224800000, PC=0x1002de38, SP=0x20041f80
[K[Body] DEBUG: instCount=224900000, PC=0x1002dbc2, SP=0x20041f10
[K[Body] DEBUG: instCount=225000000, PC=0x1002e26a, SP=0x20041ee0
[K[Body] DEBUG: instCount=225100000, PC=0x1002dc0c, SP=0x20041f10
================================================================================
[H================================================================================
                           VIRTUAL CAN NETWORK DASHBOARD                        
================================================================================
Bus Stats | Ticks: 1,780,000 | Sim/Wall: 0.01x | Effective Rate: 7023 bps
--------------------------------------------------------------------------------
[1;36m[GATEWAY][0m Total TX: 0 | Total RX: 0

[1;36m[ENGINE][0m Total TX: 0 | Total RX: 0

[1;36m[CHASSIS][0m Total TX: 0 | Total RX: 0

[1;36m[BODY][0m Total TX: 0 | Total RX: 0

----------------------------------- LOGS ---------------------------------------
[K[Chassis] DEBUG: instCount=226200000, PC=0x10033316, SP=0x20041f28
[K[Chassis] DEBUG: instCount=226300000, PC=0x100336c8, SP=0x20041f18
[K[Chassis] DEBUG: instCount=226400000, PC=0x100336ec, SP=0x20041f18
[K[Body] DEBUG: instCount=225200000, PC=0x1002e264, SP=0x20041ee0
[K[Body] DEBUG: instCount=225300000, PC=0x1002e16e, SP=0x20041ee0
[K[Body] DEBUG: instCount=225400000, PC=0x1002dec8, SP=0x20041f38
[K[Body] DEBUG: instCount=225500000, PC=0x1002dea6, SP=0x20041f38
[K[Body] DEBUG: instCount=225600000, PC=0x1002deb8, SP=0x20041f38
[K[Body] DEBUG: instCount=225700000, PC=0x1003320e, SP=0x20041f28
[K[Body] DEBUG: instCount=225800000, PC=0x10033210, SP=0x20041f28
[K[Body] DEBUG: instCount=225900000, PC=0x1003333e, SP=0x20041f28
[K[Body] DEBUG: instCount=226000000, PC=0x1003320a, SP=0x20041f28
[K[Body] DEBUG: instCount=226100000, PC=0x10033540, SP=0x20041f08
[K[Body] DEBUG: instCount=226200000, PC=0x10033316, SP=0x20041f28
[K[Body] DEBUG: instCount=226300000, PC=0x100336c8, SP=0x20041f18
================================================================================
[H================================================================================
                           VIRTUAL CAN NETWORK DASHBOARD                        
================================================================================
Bus Stats | Ticks: 1,790,000 | Sim/Wall: 0.01x | Effective Rate: 7010 bps
--------------------------------------------------------------------------------
[1;36m[GATEWAY][0m Total TX: 0 | Total RX: 0

[1;36m[ENGINE][0m Total TX: 0 | Total RX: 0

[1;36m[CHASSIS][0m Total TX: 0 | Total RX: 0

[1;36m[BODY][0m Total TX: 0 | Total RX: 0

----------------------------------- LOGS ---------------------------------------
[K[Chassis] DEBUG: instCount=227500000, PC=0x1002e45c, SP=0x20041f28
[K[Chassis] DEBUG: instCount=227600000, PC=0x1002e45c, SP=0x20041f28
[K[Body] DEBUG: instCount=226400000, PC=0x100336ec, SP=0x20041f18
[K[Body] DEBUG: instCount=226500000, PC=0x20005338, SP=0x20041f08
[K[Body] DEBUG: instCount=226600000, PC=0x2638, SP=0x20041ef0
[K[Body] DEBUG: instCount=226700000, PC=0x2646, SP=0x20041ef0
[K[Body] DEBUG: instCount=226800000, PC=0x2632, SP=0x20041ef0
[K[Body] DEBUG: instCount=226900000, PC=0x10032b16, SP=0x20041ef0
[K[Body] DEBUG: instCount=227000000, PC=0x10033344, SP=0x20041f28
[K[Body] DEBUG: instCount=227100000, PC=0x100335c8, SP=0x20041f28
[K[Body] DEBUG: instCount=227200000, PC=0x100335c8, SP=0x20041f28
[K[Body] DEBUG: instCount=227300000, PC=0x1002df54, SP=0x20041f68
[K[Body] DEBUG: instCount=227400000, PC=0x1002e470, SP=0x20041f28
[K[Body] DEBUG: instCount=227500000, PC=0x1002e45c, SP=0x20041f28
[K[Body] DEBUG: instCount=227600000, PC=0x1002e45c, SP=0x20041f28
================================================================================
[H================================================================================
                           VIRTUAL CAN NETWORK DASHBOARD                        
================================================================================
Bus Stats | Ticks: 1,800,000 | Sim/Wall: 0.01x | Effective Rate: 6984 bps
--------------------------------------------------------------------------------
[1;36m[GATEWAY][0m Total TX: 0 | Total RX: 0

[1;36m[ENGINE][0m Total TX: 0 | Total RX: 0

[1;36m[CHASSIS][0m Total TX: 0 | Total RX: 0

[1;36m[BODY][0m Total TX: 0 | Total RX: 0

----------------------------------- LOGS ---------------------------------------
[K[Chassis] DEBUG: instCount=228800000, PC=0x10033ebe, SP=0x20041f58
[K[Chassis] DEBUG: instCount=228900000, PC=0x100344e0, SP=0x20041f30
[K[Body] DEBUG: instCount=227700000, PC=0x10029bf6, SP=0x20041f90
[K[Body] DEBUG: instCount=227800000, PC=0x10033a52, SP=0x20041f58
[K[Body] DEBUG: instCount=227900000, PC=0x100337f0, SP=0x20041f50
[K[Body] DEBUG: instCount=228000000, PC=0x100337f0, SP=0x20041f50
[K[Body] DEBUG: instCount=228100000, PC=0x10032b84, SP=0x20041f30
[K[Body] DEBUG: instCount=228200000, PC=0x2638, SP=0x20041f30
[K[Body] DEBUG: instCount=228300000, PC=0x2634, SP=0x20041f30
[K[Body] DEBUG: instCount=228400000, PC=0x2636, SP=0x20041f30
[K[Body] DEBUG: instCount=228500000, PC=0x10033a64, SP=0x20041f58
[K[Body] DEBUG: instCount=228600000, PC=0x1003370c, SP=0x20041f58
[K[Body] DEBUG: instCount=228700000, PC=0x10033ed2, SP=0x20041f58
[K[Body] DEBUG: instCount=228800000, PC=0x10033ebe, SP=0x20041f58
[K[Body] DEBUG: instCount=228900000, PC=0x100344e0, SP=0x20041f30
================================================================================
[H================================================================================
                           VIRTUAL CAN NETWORK DASHBOARD                        
================================================================================
Bus Stats | Ticks: 1,810,000 | Sim/Wall: 0.01x | Effective Rate: 6943 bps
--------------------------------------------------------------------------------
[1;36m[GATEWAY][0m Total TX: 0 | Total RX: 0

[1;36m[ENGINE][0m Total TX: 0 | Total RX: 0

[1;36m[CHASSIS][0m Total TX: 0 | Total RX: 0

[1;36m[BODY][0m Total TX: 0 | Total RX: 0

----------------------------------- LOGS ---------------------------------------
[K[Chassis] DEBUG: instCount=230100000, PC=0x100334f0, SP=0x20041ed8
[K[Chassis] DEBUG: instCount=230200000, PC=0x10033608, SP=0x20041ee8
[K[Body] DEBUG: instCount=229000000, PC=0x10032a14, SP=0x20041f00
[K[Body] DEBUG: instCount=229100000, PC=0x10033926, SP=0x20041f18
[K[Body] DEBUG: instCount=229200000, PC=0x1003412e, SP=0x20041f20
[K[Body] DEBUG: instCount=229300000, PC=0x20005872, SP=0x20041ee4
[K[Body] DEBUG: instCount=229400000, PC=0x200002a4, SP=0x20041ec8
[K[Body] DEBUG: instCount=229500000, PC=0x2000028c, SP=0x20041ec8
[K[Body] DEBUG: instCount=229600000, PC=0x2000032a, SP=0x20041ee8
[K[Body] DEBUG: instCount=229700000, PC=0x20000362, SP=0x20041f00
[K[Body] DEBUG: instCount=229800000, PC=0x1003344c, SP=0x20041f08
[K[Body] DEBUG: instCount=229900000, PC=0x1003397a, SP=0x20041f10
[K[Body] DEBUG: instCount=230000000, PC=0x10033966, SP=0x20041f10
[K[Body] DEBUG: instCount=230100000, PC=0x100334f0, SP=0x20041ed8
[K[Body] DEBUG: instCount=230200000, PC=0x10033608, SP=0x20041ee8
================================================================================
[H================================================================================
                           VIRTUAL CAN NETWORK DASHBOARD                        
================================================================================
Bus Stats | Ticks: 1,820,000 | Sim/Wall: 0.01x | Effective Rate: 6921 bps
--------------------------------------------------------------------------------
[1;36m[GATEWAY][0m Total TX: 0 | Total RX: 0

[1;36m[ENGINE][0m Total TX: 0 | Total RX: 0

[1;36m[CHASSIS][0m Total TX: 0 | Total RX: 0

[1;36m[BODY][0m Total TX: 0 | Total RX: 0

----------------------------------- LOGS ---------------------------------------
[K[Chassis] DEBUG: instCount=231400000, PC=0x1002e292, SP=0x20041ee0
[K[Chassis] DEBUG: instCount=231500000, PC=0x1002e27a, SP=0x20041ee0
[K[Body] DEBUG: instCount=230300000, PC=0x100335e0, SP=0x20041ee8
[K[Body] DEBUG: instCount=230400000, PC=0x10033668, SP=0x20041ef0
[K[Body] DEBUG: instCount=230500000, PC=0x10033a5c, SP=0x20041f58
[K[Body] DEBUG: instCount=230600000, PC=0x10032b56, SP=0x20041f40
[K[Body] DEBUG: instCount=230700000, PC=0x10032b20, SP=0x20041f48
[K[Body] DEBUG: instCount=230800000, PC=0x10032fa8, SP=0x20041f48
[K[Body] DEBUG: instCount=230900000, PC=0x1002e170, SP=0x20041fa0
[K[Body] DEBUG: instCount=231000000, PC=0x1002de74, SP=0x20041f38
[K[Body] DEBUG: instCount=231100000, PC=0x1002de5e, SP=0x20041f38
[K[Body] DEBUG: instCount=231200000, PC=0x1002de48, SP=0x20041f38
[K[Body] DEBUG: instCount=231300000, PC=0x1002dbe6, SP=0x20041f10
[K[Body] DEBUG: instCount=231400000, PC=0x1002e292, SP=0x20041ee0
[K[Body] DEBUG: instCount=231500000, PC=0x1002e27a, SP=0x20041ee0
================================================================================
[H================================================================================
                           VIRTUAL CAN NETWORK DASHBOARD                        
================================================================================
Bus Stats | Ticks: 1,830,000 | Sim/Wall: 0.01x | Effective Rate: 6906 bps
--------------------------------------------------------------------------------
[1;36m[GATEWAY][0m Total TX: 0 | Total RX: 0

[1;36m[ENGINE][0m Total TX: 0 | Total RX: 0

[1;36m[CHASSIS][0m Total TX: 0 | Total RX: 0

[1;36m[BODY][0m Total TX: 0 | Total RX: 0

----------------------------------- LOGS ---------------------------------------
[K[Chassis] DEBUG: instCount=232700000, PC=0x10032b5e, SP=0x20041f30
[K[Chassis] DEBUG: instCount=232800000, PC=0x10032f96, SP=0x20041f48
[K[Body] DEBUG: instCount=231600000, PC=0x1002e170, SP=0x20041ee0
[K[Body] DEBUG: instCount=231700000, PC=0x1002e2cc, SP=0x20041ee0
[K[Body] DEBUG: instCount=231800000, PC=0x1002df4e, SP=0x20041f68
[K[Body] DEBUG: instCount=231900000, PC=0x1002df1c, SP=0x20041f68
[K[Body] DEBUG: instCount=232000000, PC=0x1002e062, SP=0x20041f80
[K[Body] DEBUG: instCount=232100000, PC=0x1002e45c, SP=0x20041f28
[K[Body] DEBUG: instCount=232200000, PC=0x10029cec, SP=0x20041fa0
[K[Body] DEBUG: instCount=232300000, PC=0x1002dac6, SP=0x20041f74
[K[Body] DEBUG: instCount=232400000, PC=0x1002e042, SP=0x20041f80
[K[Body] DEBUG: instCount=232500000, PC=0x100337f0, SP=0x20041f50
[K[Body] DEBUG: instCount=232600000, PC=0x10032b80, SP=0x20041f30
[K[Body] DEBUG: instCount=232700000, PC=0x10032b5e, SP=0x20041f30
[K[Body] DEBUG: instCount=232800000, PC=0x10032f96, SP=0x20041f48
================================================================================
[H================================================================================
                           VIRTUAL CAN NETWORK DASHBOARD                        
================================================================================
Bus Stats | Ticks: 1,840,000 | Sim/Wall: 0.01x | Effective Rate: 6870 bps
--------------------------------------------------------------------------------
[1;36m[GATEWAY][0m Total TX: 0 | Total RX: 0

[1;36m[ENGINE][0m Total TX: 0 | Total RX: 0

[1;36m[CHASSIS][0m Total TX: 0 | Total RX: 0

[1;36m[BODY][0m Total TX: 0 | Total RX: 0

----------------------------------- LOGS ---------------------------------------
[K[Chassis] DEBUG: instCount=233800000, PC=0x10033746, SP=0x20041f28
[K[Chassis] DEBUG: instCount=233900000, PC=0x2000066a, SP=0x20041f28
[K[Chassis] DEBUG: instCount=234000000, PC=0x10034906, SP=0x20041f44
[K[Body] DEBUG: instCount=232900000, PC=0x10018504, SP=0x20041fa0
[K[Body] DEBUG: instCount=233000000, PC=0x1003320e, SP=0x20041f48
[K[Body] DEBUG: instCount=233100000, PC=0x100331fa, SP=0x20041f48
[K[Body] DEBUG: instCount=233200000, PC=0x100331ae, SP=0x20041f64
[K[Body] DEBUG: instCount=233300000, PC=0x1003320a, SP=0x20041f48
[K[Body] DEBUG: instCount=233400000, PC=0x100336a4, SP=0x20041f38
[K[Body] DEBUG: instCount=233500000, PC=0x10033302, SP=0x20041f48
[K[Body] DEBUG: instCount=233600000, PC=0x10033212, SP=0x20041f48
[K[Body] DEBUG: instCount=233700000, PC=0x10033574, SP=0x20041f28
[K[Body] DEBUG: instCount=233800000, PC=0x10033746, SP=0x20041f28
[K[Body] DEBUG: instCount=233900000, PC=0x2000066a, SP=0x20041f28
[K[Body] DEBUG: instCount=234000000, PC=0x10034906, SP=0x20041f44
================================================================================
[H================================================================================
                           VIRTUAL CAN NETWORK DASHBOARD                        
================================================================================
Bus Stats | Ticks: 1,850,000 | Sim/Wall: 0.01x | Effective Rate: 6848 bps
--------------------------------------------------------------------------------
[1;36m[GATEWAY][0m Total TX: 0 | Total RX: 0

[1;36m[ENGINE][0m Total TX: 0 | Total RX: 0

[1;36m[CHASSIS][0m Total TX: 0 | Total RX: 0

[1;36m[BODY][0m Total TX: 0 | Total RX: 0

----------------------------------- LOGS ---------------------------------------
[K[Chassis] DEBUG: instCount=235200000, PC=0x1002dbd6, SP=0x20041f10
[K[Chassis] DEBUG: instCount=235300000, PC=0x1002e28a, SP=0x20041ee0
[K[Body] DEBUG: instCount=234100000, PC=0x10033008, SP=0x20041f10
[K[Body] DEBUG: instCount=234200000, PC=0x2638, SP=0x20041f10
[K[Body] DEBUG: instCount=234300000, PC=0x2634, SP=0x20041f10
[K[Body] DEBUG: instCount=234400000, PC=0x2638, SP=0x20041f10
[K[Body] DEBUG: instCount=234500000, PC=0x100336f8, SP=0x20041f28
[K[Body] DEBUG: instCount=234600000, PC=0x10029cde, SP=0x20041fa0
[K[Body] DEBUG: instCount=234700000, PC=0x1002e174, SP=0x20041fa0
[K[Body] DEBUG: instCount=234800000, PC=0x100332b2, SP=0x20041f48
[K[Body] DEBUG: instCount=234900000, PC=0x1002de6e, SP=0x20041f38
[K[Body] DEBUG: instCount=235000000, PC=0x1002dbf6, SP=0x20041f10
[K[Body] DEBUG: instCount=235100000, PC=0x1002dbea, SP=0x20041f10
[K[Body] DEBUG: instCount=235200000, PC=0x1002dbd6, SP=0x20041f10
[K[Body] DEBUG: instCount=235300000, PC=0x1002e28a, SP=0x20041ee0
================================================================================
[H================================================================================
                           VIRTUAL CAN NETWORK DASHBOARD                        
================================================================================
Bus Stats | Ticks: 1,860,000 | Sim/Wall: 0.01x | Effective Rate: 6820 bps
--------------------------------------------------------------------------------
[1;36m[GATEWAY][0m Total TX: 0 | Total RX: 0

[1;36m[ENGINE][0m Total TX: 0 | Total RX: 0

[1;36m[CHASSIS][0m Total TX: 0 | Total RX: 0

[1;36m[BODY][0m Total TX: 0 | Total RX: 0

----------------------------------- LOGS ---------------------------------------
[K[Chassis] DEBUG: instCount=236500000, PC=0x10032b72, SP=0x20041f30
[K[Chassis] DEBUG: instCount=236600000, PC=0x2634, SP=0x20041f30
[K[Body] DEBUG: instCount=235400000, PC=0x1002dc4e, SP=0x20041f10
[K[Body] DEBUG: instCount=235500000, PC=0x1002e2d2, SP=0x20041efc
[K[Body] DEBUG: instCount=235600000, PC=0x1002e2e0, SP=0x20041ee0
[K[Body] DEBUG: instCount=235700000, PC=0x1002df2c, SP=0x20041f68
[K[Body] DEBUG: instCount=235800000, PC=0x1002e46c, SP=0x20041f28
[K[Body] DEBUG: instCount=235900000, PC=0x1002e460, SP=0x20041f28
[K[Body] DEBUG: instCount=236000000, PC=0x1002e3f8, SP=0x20041f28
[K[Body] DEBUG: instCount=236100000, PC=0x1002dad4, SP=0x20041f74
[K[Body] DEBUG: instCount=236200000, PC=0x10033a4e, SP=0x20041f58
[K[Body] DEBUG: instCount=236300000, PC=0x100337f4, SP=0x20041f50
[K[Body] DEBUG: instCount=236400000, PC=0x10033a3e, SP=0x20041f84
[K[Body] DEBUG: instCount=236500000, PC=0x10032b72, SP=0x20041f30
[K[Body] DEBUG: instCount=236600000, PC=0x2634, SP=0x20041f30
================================================================================
[H================================================================================
                           VIRTUAL CAN NETWORK DASHBOARD                        
================================================================================
Bus Stats | Ticks: 1,870,000 | Sim/Wall: 0.01x | Effective Rate: 6802 bps
--------------------------------------------------------------------------------
[1;36m[GATEWAY][0m Total TX: 0 | Total RX: 0

[1;36m[ENGINE][0m Total TX: 0 | Total RX: 0

[1;36m[CHASSIS][0m Total TX: 0 | Total RX: 0

[1;36m[BODY][0m Total TX: 0 | Total RX: 0

----------------------------------- LOGS ---------------------------------------
[K[Chassis] DEBUG: instCount=237800000, PC=0x20000296, SP=0x20041ec8
[K[Chassis] DEBUG: instCount=237900000, PC=0x20000290, SP=0x20041ec8
[K[Body] DEBUG: instCount=236700000, PC=0x2638, SP=0x20041f30
[K[Body] DEBUG: instCount=236800000, PC=0x2634, SP=0x20041f30
[K[Body] DEBUG: instCount=236900000, PC=0x10032b4e, SP=0x20041f40
[K[Body] DEBUG: instCount=237000000, PC=0x10033eda, SP=0x20041f58
[K[Body] DEBUG: instCount=237100000, PC=0x10033ed6, SP=0x20041f58
[K[Body] DEBUG: instCount=237200000, PC=0x10033ec2, SP=0x20041f58
[K[Body] DEBUG: instCount=237300000, PC=0x10033038, SP=0x20041f28
[K[Body] DEBUG: instCount=237400000, PC=0x1003392e, SP=0x20041f18
[K[Body] DEBUG: instCount=237500000, PC=0x1003392a, SP=0x20041f18
[K[Body] DEBUG: instCount=237600000, PC=0x10034132, SP=0x20041f20
[K[Body] DEBUG: instCount=237700000, PC=0x20000314, SP=0x20041ee8
[K[Body] DEBUG: instCount=237800000, PC=0x20000296, SP=0x20041ec8
[K[Body] DEBUG: instCount=237900000, PC=0x20000290, SP=0x20041ec8
================================================================================
[H================================================================================
                           VIRTUAL CAN NETWORK DASHBOARD                        
================================================================================
Bus Stats | Ticks: 1,880,000 | Sim/Wall: 0.01x | Effective Rate: 6795 bps
--------------------------------------------------------------------------------
[1;36m[GATEWAY][0m Total TX: 0 | Total RX: 0

[1;36m[ENGINE][0m Total TX: 0 | Total RX: 0

[1;36m[CHASSIS][0m Total TX: 0 | Total RX: 0

[1;36m[BODY][0m Total TX: 0 | Total RX: 0

----------------------------------- LOGS ---------------------------------------
[K[Chassis] DEBUG: instCount=239100000, PC=0x10032b24, SP=0x20041f48
[K[Chassis] DEBUG: instCount=239200000, PC=0x10032fac, SP=0x20041f48
[K[Body] DEBUG: instCount=238000000, PC=0x2000032e, SP=0x20041ee8
[K[Body] DEBUG: instCount=238100000, PC=0x20000352, SP=0x20041f00
[K[Body] DEBUG: instCount=238200000, PC=0x10033982, SP=0x20041f10
[K[Body] DEBUG: instCount=238300000, PC=0x1003397e, SP=0x20041f10
[K[Body] DEBUG: instCount=238400000, PC=0x1003396a, SP=0x20041f10
[K[Body] DEBUG: instCount=238500000, PC=0x100334e4, SP=0x20041ed8
[K[Body] DEBUG: instCount=238600000, PC=0x100335e8, SP=0x20041ee8
[K[Body] DEBUG: instCount=238700000, PC=0x100335e4, SP=0x20041ee8
[K[Body] DEBUG: instCount=238800000, PC=0x1003366c, SP=0x20041ef0
[K[Body] DEBUG: instCount=238900000, PC=0x1003374e, SP=0x20041f58
[K[Body] DEBUG: instCount=239000000, PC=0x10032fb4, SP=0x20041f48
[K[Body] DEBUG: instCount=239100000, PC=0x10032b24, SP=0x20041f48
[K[Body] DEBUG: instCount=239200000, PC=0x10032fac, SP=0x20041f48
================================================================================
[H================================================================================
                           VIRTUAL CAN NETWORK DASHBOARD                        
================================================================================
Bus Stats | Ticks: 1,890,000 | Sim/Wall: 0.01x | Effective Rate: 6801 bps
--------------------------------------------------------------------------------
[1;36m[GATEWAY][0m Total TX: 0 | Total RX: 0

[1;36m[ENGINE][0m Total TX: 0 | Total RX: 0

[1;36m[CHASSIS][0m Total TX: 0 | Total RX: 0

[1;36m[BODY][0m Total TX: 0 | Total RX: 0

----------------------------------- LOGS ---------------------------------------
[K[Chassis] DEBUG: instCount=240200000, PC=0x100331b4, SP=0x20041f44
[K[Chassis] DEBUG: instCount=240300000, PC=0x100331b0, SP=0x20041f44
[K[Chassis] DEBUG: instCount=240400000, PC=0x20005baf, SP=0x20041f60
[K[Body] DEBUG: instCount=239300000, PC=0x1001855a, SP=0x20041f88
[K[Body] DEBUG: instCount=239400000, PC=0x1002de68, SP=0x20041f38
[K[Body] DEBUG: instCount=239500000, PC=0x1002de64, SP=0x20041f38
[K[Body] DEBUG: instCount=239600000, PC=0x1002de4c, SP=0x20041f38
[K[Body] DEBUG: instCount=239700000, PC=0x1002dbda, SP=0x20041f10
[K[Body] DEBUG: instCount=239800000, PC=0x1002e284, SP=0x20041ee0
[K[Body] DEBUG: instCount=239900000, PC=0x1002e280, SP=0x20041ee0
[K[Body] DEBUG: instCount=240000000, PC=0x1002e174, SP=0x20041ee0
[K[Body] DEBUG: instCount=240100000, PC=0x1002e2be, SP=0x20041ee0
[K[Body] DEBUG: instCount=240200000, PC=0x100331b4, SP=0x20041f44
[K[Body] DEBUG: instCount=240300000, PC=0x100331b0, SP=0x20041f44
[K[Body] DEBUG: instCount=240400000, PC=0x20005baf, SP=0x20041f60
================================================================================
[H================================================================================
                           VIRTUAL CAN NETWORK DASHBOARD                        
================================================================================
Bus Stats | Ticks: 1,900,000 | Sim/Wall: 0.01x | Effective Rate: 6811 bps
--------------------------------------------------------------------------------
[1;36m[GATEWAY][0m Total TX: 0 | Total RX: 0

[1;36m[ENGINE][0m Total TX: 0 | Total RX: 0

[1;36m[CHASSIS][0m Total TX: 0 | Total RX: 0

[1;36m[BODY][0m Total TX: 0 | Total RX: 0

----------------------------------- LOGS ---------------------------------------
[K[Chassis] DEBUG: instCount=241600000, PC=0x2636, SP=0x20041ef0
[K[Chassis] DEBUG: instCount=241700000, PC=0x10033024, SP=0x20041ef0
[K[Body] DEBUG: instCount=240500000, PC=0x10033348, SP=0x20041f28
[K[Body] DEBUG: instCount=240600000, PC=0x100332f4, SP=0x20041f28
[K[Body] DEBUG: instCount=240700000, PC=0x100332f0, SP=0x20041f28
[K[Body] DEBUG: instCount=240800000, PC=0x10033342, SP=0x20041f28
[K[Body] DEBUG: instCount=240900000, PC=0x100329d0, SP=0x20041f08
[K[Body] DEBUG: instCount=241000000, PC=0x20000626, SP=0x20041f08
[K[Body] DEBUG: instCount=241100000, PC=0x10034908, SP=0x20041f28
[K[Body] DEBUG: instCount=241200000, PC=0x10033324, SP=0x20041f28
[K[Body] DEBUG: instCount=241300000, PC=0x10032fd8, SP=0x20041ef0
[K[Body] DEBUG: instCount=241400000, PC=0x2636, SP=0x20041ef0
[K[Body] DEBUG: instCount=241500000, PC=0x2632, SP=0x20041ef0
[K[Body] DEBUG: instCount=241600000, PC=0x2636, SP=0x20041ef0
[K[Body] DEBUG: instCount=241700000, PC=0x10033024, SP=0x20041ef0
================================================================================
[H================================================================================
                           VIRTUAL CAN NETWORK DASHBOARD                        
================================================================================
Bus Stats | Ticks: 1,910,000 | Sim/Wall: 0.01x | Effective Rate: 6818 bps
--------------------------------------------------------------------------------
[1;36m[GATEWAY][0m Total TX: 0 | Total RX: 0

[1;36m[ENGINE][0m Total TX: 0 | Total RX: 0

[1;36m[CHASSIS][0m Total TX: 0 | Total RX: 0

[1;36m[BODY][0m Total TX: 0 | Total RX: 0

----------------------------------- LOGS ---------------------------------------
[K[Chassis] DEBUG: instCount=242900000, PC=0x100329ce, SP=0x20041f30
[K[Chassis] DEBUG: instCount=243000000, PC=0x2636, SP=0x20041f30
[K[Body] DEBUG: instCount=241800000, PC=0x1003328a, SP=0x20041f28
[K[Body] DEBUG: instCount=241900000, PC=0x100332b4, SP=0x20041f28
[K[Body] DEBUG: instCount=242000000, PC=0x10033216, SP=0x20041f28
[K[Body] DEBUG: instCount=242100000, PC=0x1002e4b2, SP=0x20041f58
[K[Body] DEBUG: instCount=242200000, PC=0x1002df60, SP=0x20041f68
[K[Body] DEBUG: instCount=242300000, PC=0x1002df66, SP=0x20041f68
[K[Body] DEBUG: instCount=242400000, PC=0x1002e48c, SP=0x20041f28
[K[Body] DEBUG: instCount=242500000, PC=0x1001e8c0, SP=0x20041fa0
[K[Body] DEBUG: instCount=242600000, PC=0x10032f8a, SP=0x20041f58
[K[Body] DEBUG: instCount=242700000, PC=0x10032f8e, SP=0x20041f48
[K[Body] DEBUG: instCount=242800000, PC=0x1003374e, SP=0x20041f58
[K[Body] DEBUG: instCount=242900000, PC=0x100329ce, SP=0x20041f30
[K[Body] DEBUG: instCount=243000000, PC=0x2636, SP=0x20041f30
================================================================================
[H================================================================================
                           VIRTUAL CAN NETWORK DASHBOARD                        
================================================================================
Bus Stats | Ticks: 1,920,000 | Sim/Wall: 0.01x | Effective Rate: 6824 bps
--------------------------------------------------------------------------------
[1;36m[GATEWAY][0m Total TX: 0 | Total RX: 0

[1;36m[ENGINE][0m Total TX: 0 | Total RX: 0

[1;36m[CHASSIS][0m Total TX: 0 | Total RX: 0

[1;36m[BODY][0m Total TX: 0 | Total RX: 0

----------------------------------- LOGS ---------------------------------------
[K[Chassis] DEBUG: instCount=244200000, PC=0x10032a2e, SP=0x20041f00
[K[Chassis] DEBUG: instCount=244300000, PC=0x10032a3a, SP=0x20041f00
[K[Body] DEBUG: instCount=243100000, PC=0x10032b82, SP=0x20041f30
[K[Body] DEBUG: instCount=243200000, PC=0x2636, SP=0x20041f30
[K[Body] DEBUG: instCount=243300000, PC=0x10033a72, SP=0x20041f58
[K[Body] DEBUG: instCount=243400000, PC=0x10033ef6, SP=0x20041f58
[K[Body] DEBUG: instCount=243500000, PC=0x100344b4, SP=0x20041f58
[K[Body] DEBUG: instCount=243600000, PC=0x10033732, SP=0x20041f58
[K[Body] DEBUG: instCount=243700000, PC=0x10034530, SP=0x20041f30
[K[Body] DEBUG: instCount=243800000, PC=0x10032a2a, SP=0x20041f00
[K[Body] DEBUG: instCount=243900000, PC=0x20000304, SP=0x20041f00
[K[Body] DEBUG: instCount=244000000, PC=0x10032a22, SP=0x20041f00
[K[Body] DEBUG: instCount=244100000, PC=0x10031b72, SP=0x20041ee8
[K[Body] DEBUG: instCount=244200000, PC=0x10032a2e, SP=0x20041f00
[K[Body] DEBUG: instCount=244300000, PC=0x10032a3a, SP=0x20041f00
================================================================================
[H================================================================================
                           VIRTUAL CAN NETWORK DASHBOARD                        
================================================================================
Bus Stats | Ticks: 1,930,000 | Sim/Wall: 0.01x | Effective Rate: 6836 bps
--------------------------------------------------------------------------------
[1;36m[GATEWAY][0m Total TX: 0 | Total RX: 0

[1;36m[ENGINE][0m Total TX: 0 | Total RX: 0

[1;36m[CHASSIS][0m Total TX: 0 | Total RX: 0

[1;36m[BODY][0m Total TX: 0 | Total RX: 0

----------------------------------- LOGS ---------------------------------------
[K[Chassis] DEBUG: instCount=245500000, PC=0x10026e16, SP=0x20041f98
[K[Chassis] DEBUG: instCount=245600000, PC=0x100336fa, SP=0x20041f58
[K[Body] DEBUG: instCount=244400000, PC=0x200002b4, SP=0x20041ec8
[K[Body] DEBUG: instCount=244500000, PC=0x10032f6e, SP=0x20041f20
[K[Body] DEBUG: instCount=244600000, PC=0x10033690, SP=0x20041f00
[K[Body] DEBUG: instCount=244700000, PC=0x10033628, SP=0x20041f00
[K[Body] DEBUG: instCount=244800000, PC=0x1003345a, SP=0x20041f08
[K[Body] DEBUG: instCount=244900000, PC=0x10033520, SP=0x20041ed8
[K[Body] DEBUG: instCount=245000000, PC=0x1003369e, SP=0x20041f00
[K[Body] DEBUG: instCount=245100000, PC=0x10034154, SP=0x20041f20
[K[Body] DEBUG: instCount=245200000, PC=0x10033616, SP=0x20041ee8
[K[Body] DEBUG: instCount=245300000, PC=0x10032f96, SP=0x20041f48
[K[Body] DEBUG: instCount=245400000, PC=0x10033706, SP=0x20041f58
[K[Body] DEBUG: instCount=245500000, PC=0x10026e16, SP=0x20041f98
[K[Body] DEBUG: instCount=245600000, PC=0x100336fa, SP=0x20041f58
================================================================================
[H================================================================================
                           VIRTUAL CAN NETWORK DASHBOARD                        
================================================================================
Bus Stats | Ticks: 1,940,000 | Sim/Wall: 0.01x | Effective Rate: 6848 bps
--------------------------------------------------------------------------------
[1;36m[GATEWAY][0m Total TX: 0 | Total RX: 0

[1;36m[ENGINE][0m Total TX: 0 | Total RX: 0

[1;36m[CHASSIS][0m Total TX: 0 | Total RX: 0

[1;36m[BODY][0m Total TX: 0 | Total RX: 0

----------------------------------- LOGS ---------------------------------------
[K[Chassis] DEBUG: instCount=246600000, PC=0x1002e4ac, SP=0x20041f58
[K[Chassis] DEBUG: instCount=246700000, PC=0x1002e4b8, SP=0x20041f58
[K[Chassis] DEBUG: instCount=246800000, PC=0x1002df5c, SP=0x20041f68
[K[Body] DEBUG: instCount=245700000, PC=0x1002e030, SP=0x20041fa0
[K[Body] DEBUG: instCount=245800000, PC=0x1002dba4, SP=0x20041f10
[K[Body] DEBUG: instCount=245900000, PC=0x1002dbb0, SP=0x20041f10
[K[Body] DEBUG: instCount=246000000, PC=0x1002db9c, SP=0x20041f38
[K[Body] DEBUG: instCount=246100000, PC=0x1002dbfc, SP=0x20041f10
[K[Body] DEBUG: instCount=246200000, PC=0x1002e2a8, SP=0x20041ee0
[K[Body] DEBUG: instCount=246300000, PC=0x1002e2b4, SP=0x20041ee0
[K[Body] DEBUG: instCount=246400000, PC=0x1002e2a0, SP=0x20041ee0
[K[Body] DEBUG: instCount=246500000, PC=0x1002dc54, SP=0x20041f24
[K[Body] DEBUG: instCount=246600000, PC=0x1002e4ac, SP=0x20041f58
[K[Body] DEBUG: instCount=246700000, PC=0x1002e4b8, SP=0x20041f58
[K[Body] DEBUG: instCount=246800000, PC=0x1002df5c, SP=0x20041f68
================================================================================
[H================================================================================
                           VIRTUAL CAN NETWORK DASHBOARD                        
================================================================================
Bus Stats | Ticks: 1,950,000 | Sim/Wall: 0.01x | Effective Rate: 6859 bps
--------------------------------------------------------------------------------
[1;36m[GATEWAY][0m Total TX: 0 | Total RX: 0

[1;36m[ENGINE][0m Total TX: 0 | Total RX: 0

[1;36m[CHASSIS][0m Total TX: 0 | Total RX: 0

[1;36m[BODY][0m Total TX: 0 | Total RX: 0

----------------------------------- LOGS ---------------------------------------
[K[Chassis] DEBUG: instCount=248000000, PC=0x10033340, SP=0x20041f48
[K[Chassis] DEBUG: instCount=248100000, PC=0x10033344, SP=0x20041f48
[K[Body] DEBUG: instCount=246900000, PC=0x1002e472, SP=0x20041f28
[K[Body] DEBUG: instCount=247000000, PC=0x10029c9e, SP=0x20041fa0
[K[Body] DEBUG: instCount=247100000, PC=0x1001e8c6, SP=0x20041f60
[K[Body] DEBUG: instCount=247200000, PC=0x10029c26, SP=0x20041f90
[K[Body] DEBUG: instCount=247300000, PC=0x10033a54, SP=0x20041f58
[K[Body] DEBUG: instCount=247400000, PC=0x10032b1c, SP=0x20041f48
[K[Body] DEBUG: instCount=247500000, PC=0x10032fb4, SP=0x20041f48
[K[Body] DEBUG: instCount=247600000, PC=0x10032fb0, SP=0x20041f48
[K[Body] DEBUG: instCount=247700000, PC=0x10018540, SP=0x20041f88
[K[Body] DEBUG: instCount=247800000, PC=0x10033348, SP=0x20041f48
[K[Body] DEBUG: instCount=247900000, PC=0x10033212, SP=0x20041f48
[K[Body] DEBUG: instCount=248000000, PC=0x10033340, SP=0x20041f48
[K[Body] DEBUG: instCount=248100000, PC=0x10033344, SP=0x20041f48
================================================================================
[H================================================================================
                           VIRTUAL CAN NETWORK DASHBOARD                        
================================================================================
Bus Stats | Ticks: 1,960,000 | Sim/Wall: 0.01x | Effective Rate: 6861 bps
--------------------------------------------------------------------------------
[1;36m[GATEWAY][0m Total TX: 0 | Total RX: 0

[1;36m[ENGINE][0m Total TX: 0 | Total RX: 0

[1;36m[CHASSIS][0m Total TX: 0 | Total RX: 0

[1;36m[BODY][0m Total TX: 0 | Total RX: 0

----------------------------------- LOGS ---------------------------------------
[K[Chassis] DEBUG: instCount=249300000, PC=0x100335c6, SP=0x20041f48
[K[Chassis] DEBUG: instCount=249400000, PC=0x1002e04e, SP=0x20041f80
[K[Body] DEBUG: instCount=248200000, PC=0x10033536, SP=0x20041f28
[K[Body] DEBUG: instCount=248300000, PC=0x10033544, SP=0x20041f28
[K[Body] DEBUG: instCount=248400000, PC=0x1003352e, SP=0x20041f38
[K[Body] DEBUG: instCount=248500000, PC=0x100336ce, SP=0x20041f38
[K[Body] DEBUG: instCount=248600000, PC=0x20005330, SP=0x20041f28
[K[Body] DEBUG: instCount=248700000, PC=0x10032fcc, SP=0x20041f10
[K[Body] DEBUG: instCount=248800000, PC=0x10033758, SP=0x20041f28
[K[Body] DEBUG: instCount=248900000, PC=0x2644, SP=0x20041f10
[K[Body] DEBUG: instCount=249000000, PC=0x10033016, SP=0x20041f10
[K[Body] DEBUG: instCount=249100000, PC=0x10032b22, SP=0x20041f10
[K[Body] DEBUG: instCount=249200000, PC=0x10033016, SP=0x20041f10
[K[Body] DEBUG: instCount=249300000, PC=0x100335c6, SP=0x20041f48
[K[Body] DEBUG: instCount=249400000, PC=0x1002e04e, SP=0x20041f80
================================================================================
[H================================================================================
                           VIRTUAL CAN NETWORK DASHBOARD                        
================================================================================
Bus Stats | Ticks: 1,970,000 | Sim/Wall: 0.01x | Effective Rate: 6854 bps
--------------------------------------------------------------------------------
[1;36m[GATEWAY][0m Total TX: 0 | Total RX: 0

[1;36m[ENGINE][0m Total TX: 0 | Total RX: 0

[1;36m[CHASSIS][0m Total TX: 0 | Total RX: 0

[1;36m[BODY][0m Total TX: 0 | Total RX: 0

----------------------------------- LOGS ---------------------------------------
[K[Chassis] DEBUG: instCount=250600000, PC=0x1002e490, SP=0x20041f28
[K[Chassis] DEBUG: instCount=250700000, PC=0x1002df6a, SP=0x20041f68
[K[Body] DEBUG: instCount=249500000, PC=0x1002de3e, SP=0x20041f38
[K[Body] DEBUG: instCount=249600000, PC=0x1002e04e, SP=0x20041f80
[K[Body] DEBUG: instCount=249700000, PC=0x1002db9e, SP=0x20041f24
[K[Body] DEBUG: instCount=249800000, PC=0x1002dc0c, SP=0x20041f10
[K[Body] DEBUG: instCount=249900000, PC=0x1002e26a, SP=0x20041ee0
[K[Body] DEBUG: instCount=250000000, PC=0x1002dc0c, SP=0x20041f10
[K[Body] DEBUG: instCount=250100000, PC=0x1002e2a2, SP=0x20041ee0
[K[Body] DEBUG: instCount=250200000, PC=0x1002dea6, SP=0x20041f38
[K[Body] DEBUG: instCount=250300000, PC=0x1002dec8, SP=0x20041f38
[K[Body] DEBUG: instCount=250400000, PC=0x1002dea6, SP=0x20041f38
[K[Body] DEBUG: instCount=250500000, PC=0x1002e4a6, SP=0x20041f68
[K[Body] DEBUG: instCount=250600000, PC=0x1002e490, SP=0x20041f28
[K[Body] DEBUG: instCount=250700000, PC=0x1002df6a, SP=0x20041f68
================================================================================
[H================================================================================
                           VIRTUAL CAN NETWORK DASHBOARD                        
================================================================================
Bus Stats | Ticks: 1,980,000 | Sim/Wall: 0.01x | Effective Rate: 6852 bps
--------------------------------------------------------------------------------
[1;36m[GATEWAY][0m Total TX: 0 | Total RX: 0

[1;36m[ENGINE][0m Total TX: 0 | Total RX: 0

[1;36m[CHASSIS][0m Total TX: 0 | Total RX: 0

[1;36m[BODY][0m Total TX: 0 | Total RX: 0

----------------------------------- LOGS ---------------------------------------
[K[Chassis] DEBUG: instCount=251900000, PC=0x100344b8, SP=0x20041f44
[K[Chassis] DEBUG: instCount=252000000, PC=0x10033ef2, SP=0x20041f58
[K[Body] DEBUG: instCount=250800000, PC=0x1002e490, SP=0x20041f28
[K[Body] DEBUG: instCount=250900000, PC=0x10029c98, SP=0x20041fa0
[K[Body] DEBUG: instCount=251000000, PC=0x10033752, SP=0x20041f58
[K[Body] DEBUG: instCount=251100000, PC=0x10032f92, SP=0x20041f48
[K[Body] DEBUG: instCount=251200000, PC=0x10033752, SP=0x20041f58
[K[Body] DEBUG: instCount=251300000, PC=0x10032b8e, SP=0x20041f30
[K[Body] DEBUG: instCount=251400000, PC=0x2632, SP=0x20041f30
[K[Body] DEBUG: instCount=251500000, PC=0x10032fa8, SP=0x20041f48
[K[Body] DEBUG: instCount=251600000, PC=0x2632, SP=0x20041f30
[K[Body] DEBUG: instCount=251700000, PC=0x10033700, SP=0x20041f58
[K[Body] DEBUG: instCount=251800000, PC=0x1003372e, SP=0x20041f58
[K[Body] DEBUG: instCount=251900000, PC=0x100344b8, SP=0x20041f44
[K[Body] DEBUG: instCount=252000000, PC=0x10033ef2, SP=0x20041f58
================================================================================
[H================================================================================
                           VIRTUAL CAN NETWORK DASHBOARD                        
================================================================================
Bus Stats | Ticks: 1,990,000 | Sim/Wall: 0.01x | Effective Rate: 6825 bps
--------------------------------------------------------------------------------
[1;36m[GATEWAY][0m Total TX: 0 | Total RX: 0

[1;36m[ENGINE][0m Total TX: 0 | Total RX: 0

[1;36m[CHASSIS][0m Total TX: 0 | Total RX: 0

[1;36m[BODY][0m Total TX: 0 | Total RX: 0

----------------------------------- LOGS ---------------------------------------
[K[Chassis] DEBUG: instCount=253100000, PC=0x1003362c, SP=0x20041ef0
[K[Chassis] DEBUG: instCount=253200000, PC=0x1003368c, SP=0x20041f08
[K[Chassis] DEBUG: instCount=253300000, PC=0x100334fa, SP=0x20041ed8
[K[Body] DEBUG: instCount=252100000, PC=0x10032f62, SP=0x20041f30
[K[Body] DEBUG: instCount=252200000, PC=0x10032a1e, SP=0x20041f00
[K[Body] DEBUG: instCount=252300000, PC=0x20000308, SP=0x20041ee8
[K[Body] DEBUG: instCount=252400000, PC=0x10032a26, SP=0x20041f00
[K[Body] DEBUG: instCount=252500000, PC=0x10031b66, SP=0x20041ee8
[K[Body] DEBUG: instCount=252600000, PC=0x200002ae, SP=0x20041ec8
[K[Body] DEBUG: instCount=252700000, PC=0x10032a3e, SP=0x20041f00
[K[Body] DEBUG: instCount=252800000, PC=0x200002ba, SP=0x20041ec8
[K[Body] DEBUG: instCount=252900000, PC=0x10032a50, SP=0x20041f00
[K[Body] DEBUG: instCount=253000000, PC=0x10033456, SP=0x20041f08
[K[Body] DEBUG: instCount=253100000, PC=0x1003362c, SP=0x20041ef0
[K[Body] DEBUG: instCount=253200000, PC=0x1003368c, SP=0x20041f08
================================================================================
[H================================================================================
                           VIRTUAL CAN NETWORK DASHBOARD                        
================================================================================
Bus Stats | Ticks: 2,000,000 | Sim/Wall: 0.01x | Effective Rate: 6813 bps
--------------------------------------------------------------------------------
[1;36m[GATEWAY][0m Total TX: 0 | Total RX: 0

[1;36m[ENGINE][0m Total TX: 0 | Total RX: 0

[1;36m[CHASSIS][0m Total TX: 0 | Total RX: 0

[1;36m[BODY][0m Total TX: 0 | Total RX: 0

----------------------------------- LOGS ---------------------------------------
[K[Chassis] DEBUG: instCount=254400000, PC=0x1002dba0, SP=0x20041f10
[K[Chassis] DEBUG: instCount=254500000, PC=0x1002dbf0, SP=0x20041f10
[K[Body] DEBUG: instCount=253300000, PC=0x100334fa, SP=0x20041ed8
[K[Body] DEBUG: instCount=253400000, PC=0x10033612, SP=0x20041ee8
[K[Body] DEBUG: instCount=253500000, PC=0x100344f4, SP=0x20041f30
[K[Body] DEBUG: instCount=253600000, PC=0x1003361a, SP=0x20041ee8
[K[Body] DEBUG: instCount=253700000, PC=0x10032f90, SP=0x20041f48
[K[Body] DEBUG: instCount=253800000, PC=0x10033a66, SP=0x20041f58
[K[Body] DEBUG: instCount=253900000, PC=0x10029cce, SP=0x20041fa0
[K[Body] DEBUG: instCount=254000000, PC=0x10033700, SP=0x20041f58
[K[Body] DEBUG: instCount=254100000, PC=0x10029cd8, SP=0x20041fa0
[K[Body] DEBUG: instCount=254200000, PC=0x1002de7e, SP=0x20041f38
[K[Body] DEBUG: instCount=254300000, PC=0x1002dbb4, SP=0x20041f10
[K[Body] DEBUG: instCount=254400000, PC=0x1002dba0, SP=0x20041f10
[K[Body] DEBUG: instCount=254500000, PC=0x1002dbf0, SP=0x20041f10
================================================================================
[H================================================================================
                           VIRTUAL CAN NETWORK DASHBOARD                        
================================================================================
Bus Stats | Ticks: 2,010,000 | Sim/Wall: 0.01x | Effective Rate: 6819 bps
--------------------------------------------------------------------------------
[1;36m[GATEWAY][0m Total TX: 0 | Total RX: 0

[1;36m[ENGINE][0m Total TX: 0 | Total RX: 0

[1;36m[CHASSIS][0m Total TX: 0 | Total RX: 0

[1;36m[BODY][0m Total TX: 0 | Total RX: 0

----------------------------------- LOGS ---------------------------------------
[K[Chassis] DEBUG: instCount=255700000, PC=0x10033568, SP=0x20041f08
[K[Chassis] DEBUG: instCount=255800000, PC=0x200055b0, SP=0x20041f08
[K[Body] DEBUG: instCount=254600000, PC=0x1002e29c, SP=0x20041ee0
[K[Body] DEBUG: instCount=254700000, PC=0x1002e2b8, SP=0x20041ee0
[K[Body] DEBUG: instCount=254800000, PC=0x1002e2a4, SP=0x20041ee0
[K[Body] DEBUG: instCount=254900000, PC=0x1002dc48, SP=0x20041f10
[K[Body] DEBUG: instCount=255000000, PC=0x10033202, SP=0x20041f28
[K[Body] DEBUG: instCount=255100000, PC=0x10033342, SP=0x20041f28
[K[Body] DEBUG: instCount=255200000, PC=0x1003320a, SP=0x20041f28
[K[Body] DEBUG: instCount=255300000, PC=0x10033340, SP=0x20041f28
[K[Body] DEBUG: instCount=255400000, PC=0x1003330a, SP=0x20041f28
[K[Body] DEBUG: instCount=255500000, PC=0x10033530, SP=0x20041f18
[K[Body] DEBUG: instCount=255600000, PC=0x100336a0, SP=0x20041f28
[K[Body] DEBUG: instCount=255700000, PC=0x10033568, SP=0x20041f08
[K[Body] DEBUG: instCount=255800000, PC=0x200055b0, SP=0x20041f08
================================================================================
[H================================================================================
                           VIRTUAL CAN NETWORK DASHBOARD                        
================================================================================
Bus Stats | Ticks: 2,020,000 | Sim/Wall: 0.01x | Effective Rate: 6820 bps
--------------------------------------------------------------------------------
[1;36m[GATEWAY][0m Total TX: 0 | Total RX: 0

[1;36m[ENGINE][0m Total TX: 0 | Total RX: 0

[1;36m[CHASSIS][0m Total TX: 0 | Total RX: 0

[1;36m[BODY][0m Total TX: 0 | Total RX: 0

----------------------------------- LOGS ---------------------------------------
[K[Chassis] DEBUG: instCount=257000000, PC=0x1002dab6, SP=0x20041f74
[K[Chassis] DEBUG: instCount=257100000, PC=0x10029cec, SP=0x20041fa0
[K[Body] DEBUG: instCount=255900000, PC=0x20000674, SP=0x20041f08
[K[Body] DEBUG: instCount=256000000, PC=0x200055b8, SP=0x20041f08
[K[Body] DEBUG: instCount=256100000, PC=0x10033004, SP=0x20041ef0
[K[Body] DEBUG: instCount=256200000, PC=0x2634, SP=0x20041ef0
[K[Body] DEBUG: instCount=256300000, PC=0x10033018, SP=0x20041ef0
[K[Body] DEBUG: instCount=256400000, PC=0x2634, SP=0x20041ef0
[K[Body] DEBUG: instCount=256500000, PC=0x200006ec, SP=0x20041f08
[K[Body] DEBUG: instCount=256600000, PC=0x1002e066, SP=0x20041f80
[K[Body] DEBUG: instCount=256700000, PC=0x1002df4e, SP=0x20041f68
[K[Body] DEBUG: instCount=256800000, PC=0x1002df1c, SP=0x20041f68
[K[Body] DEBUG: instCount=256900000, PC=0x1002e442, SP=0x20041f28
[K[Body] DEBUG: instCount=257000000, PC=0x1002dab6, SP=0x20041f74
[K[Body] DEBUG: instCount=257100000, PC=0x10029cec, SP=0x20041fa0
================================================================================
[H================================================================================
                           VIRTUAL CAN NETWORK DASHBOARD                        
================================================================================
Bus Stats | Ticks: 2,030,000 | Sim/Wall: 0.01x | Effective Rate: 6809 bps
--------------------------------------------------------------------------------
[1;36m[GATEWAY][0m Total TX: 0 | Total RX: 0

[1;36m[ENGINE][0m Total TX: 0 | Total RX: 0

[1;36m[CHASSIS][0m Total TX: 0 | Total RX: 0

[1;36m[BODY][0m Total TX: 0 | Total RX: 0

----------------------------------- LOGS ---------------------------------------
[K[Chassis] DEBUG: instCount=258300000, PC=0x100344e2, SP=0x20041f30
[K[Chassis] DEBUG: instCount=258400000, PC=0x1003302a, SP=0x20041f30
[K[Body] DEBUG: instCount=257200000, PC=0x1002dac6, SP=0x20041f74
[K[Body] DEBUG: instCount=257300000, PC=0x10029ca8, SP=0x20041fa0
[K[Body] DEBUG: instCount=257400000, PC=0x10032f9a, SP=0x20041f48
[K[Body] DEBUG: instCount=257500000, PC=0x10032b80, SP=0x20041f30
[K[Body] DEBUG: instCount=257600000, PC=0x10032b5e, SP=0x20041f30
[K[Body] DEBUG: instCount=257700000, PC=0x2638, SP=0x20041f30
[K[Body] DEBUG: instCount=257800000, PC=0x10032fae, SP=0x20041f48
[K[Body] DEBUG: instCount=257900000, PC=0x10033a66, SP=0x20041f58
[K[Body] DEBUG: instCount=258000000, PC=0x10032fb6, SP=0x20041f48
[K[Body] DEBUG: instCount=258100000, PC=0x20004d68, SP=0x20041f50
[K[Body] DEBUG: instCount=258200000, PC=0x100344be, SP=0x20041f30
[K[Body] DEBUG: instCount=258300000, PC=0x100344e2, SP=0x20041f30
[K[Body] DEBUG: instCount=258400000, PC=0x1003302a, SP=0x20041f30
================================================================================
[H================================================================================
                           VIRTUAL CAN NETWORK DASHBOARD                        
================================================================================
Bus Stats | Ticks: 2,040,000 | Sim/Wall: 0.01x | Effective Rate: 6812 bps
--------------------------------------------------------------------------------
[1;36m[GATEWAY][0m Total TX: 0 | Total RX: 0

[1;36m[ENGINE][0m Total TX: 0 | Total RX: 0

[1;36m[CHASSIS][0m Total TX: 0 | Total RX: 0

[1;36m[BODY][0m Total TX: 0 | Total RX: 0

----------------------------------- LOGS ---------------------------------------
[K[Chassis] DEBUG: instCount=259600000, PC=0x100334de, SP=0x20041ed8
[K[Chassis] DEBUG: instCount=259700000, PC=0x10033642, SP=0x20041ef0
[K[Body] DEBUG: instCount=258500000, PC=0x10032f70, SP=0x20041f18
[K[Body] DEBUG: instCount=258600000, PC=0x20005302, SP=0x20041ee4
[K[Body] DEBUG: instCount=258700000, PC=0x20005874, SP=0x20041ee4
[K[Body] DEBUG: instCount=258800000, PC=0x2000030e, SP=0x20041ee8
[K[Body] DEBUG: instCount=258900000, PC=0x10031b88, SP=0x20041ee8
[K[Body] DEBUG: instCount=259000000, PC=0x10032a44, SP=0x20041f00
[K[Body] DEBUG: instCount=259100000, PC=0x20000364, SP=0x20041f00
[K[Body] DEBUG: instCount=259200000, PC=0x2000034c, SP=0x20041f00
[K[Body] DEBUG: instCount=259300000, PC=0x10034140, SP=0x20041f20
[K[Body] DEBUG: instCount=259400000, PC=0x10033632, SP=0x20041ef0
[K[Body] DEBUG: instCount=259500000, PC=0x100334f2, SP=0x20041ed8
[K[Body] DEBUG: instCount=259600000, PC=0x100334de, SP=0x20041ed8
[K[Body] DEBUG: instCount=259700000, PC=0x10033642, SP=0x20041ef0
================================================================================
[H================================================================================
                           VIRTUAL CAN NETWORK DASHBOARD                        
================================================================================
Bus Stats | Ticks: 2,050,000 | Sim/Wall: 0.01x | Effective Rate: 6815 bps
--------------------------------------------------------------------------------
[1;36m[GATEWAY][0m Total TX: 0 | Total RX: 0

[1;36m[ENGINE][0m Total TX: 0 | Total RX: 0

[1;36m[CHASSIS][0m Total TX: 0 | Total RX: 0

[1;36m[BODY][0m Total TX: 0 | Total RX: 0

----------------------------------- LOGS ---------------------------------------
[K[Chassis] DEBUG: instCount=260700000, PC=0x1002dbe8, SP=0x20041f10
[K[Chassis] DEBUG: instCount=260800000, PC=0x1002dbd4, SP=0x20041f10
[K[Chassis] DEBUG: instCount=260900000, PC=0x1002dc30, SP=0x20041f10
[K[Body] DEBUG: instCount=259800000, PC=0x100344fa, SP=0x20041f30
[K[Body] DEBUG: instCount=259900000, PC=0x10033a5e, SP=0x20041f58
[K[Body] DEBUG: instCount=260000000, PC=0x10033746, SP=0x20041f58
[K[Body] DEBUG: instCount=260100000, PC=0x10032b60, SP=0x20041f30
[K[Body] DEBUG: instCount=260200000, PC=0x10018508, SP=0x20041f88
[K[Body] DEBUG: instCount=260300000, PC=0x1002e172, SP=0x20041fa0
[K[Body] DEBUG: instCount=260400000, PC=0x10018546, SP=0x20041f88
[K[Body] DEBUG: instCount=260500000, PC=0x1002e054, SP=0x20041f80
[K[Body] DEBUG: instCount=260600000, PC=0x1002dbba, SP=0x20041f10
[K[Body] DEBUG: instCount=260700000, PC=0x1002dbe8, SP=0x20041f10
[K[Body] DEBUG: instCount=260800000, PC=0x1002dbd4, SP=0x20041f10
[K[Body] DEBUG: instCount=260900000, PC=0x1002dc30, SP=0x20041f10
================================================================================
[H================================================================================
                           VIRTUAL CAN NETWORK DASHBOARD                        
================================================================================
Bus Stats | Ticks: 2,060,000 | Sim/Wall: 0.01x | Effective Rate: 6816 bps
--------------------------------------------------------------------------------
[1;36m[GATEWAY][0m Total TX: 0 | Total RX: 0

[1;36m[ENGINE][0m Total TX: 0 | Total RX: 0

[1;36m[CHASSIS][0m Total TX: 0 | Total RX: 0

[1;36m[BODY][0m Total TX: 0 | Total RX: 0

----------------------------------- LOGS ---------------------------------------
[K[Chassis] DEBUG: instCount=262100000, PC=0x10033a5a, SP=0x20041f58
[K[Chassis] DEBUG: instCount=262200000, PC=0x10032b50, SP=0x20041f40
[K[Body] DEBUG: instCount=261000000, PC=0x1002e2d4, SP=0x20041ee0
[K[Body] DEBUG: instCount=261100000, PC=0x1002e2d0, SP=0x20041ee0
[K[Body] DEBUG: instCount=261200000, PC=0x1002e2de, SP=0x20041ee0
[K[Body] DEBUG: instCount=261300000, PC=0x1002deae, SP=0x20041f38
[K[Body] DEBUG: instCount=261400000, PC=0x1002e49a, SP=0x20041f48
[K[Body] DEBUG: instCount=261500000, PC=0x1002e45e, SP=0x20041f28
[K[Body] DEBUG: instCount=261600000, PC=0x1002e454, SP=0x20041f28
[K[Body] DEBUG: instCount=261700000, PC=0x1002e4a4, SP=0x20041f48
[K[Body] DEBUG: instCount=261800000, PC=0x1001e8d0, SP=0x20041f60
[K[Body] DEBUG: instCount=261900000, PC=0x100337f2, SP=0x20041f50
[K[Body] DEBUG: instCount=262000000, PC=0x10033a3c, SP=0x20041f98
[K[Body] DEBUG: instCount=262100000, PC=0x10033a5a, SP=0x20041f58
[K[Body] DEBUG: instCount=262200000, PC=0x10032b50, SP=0x20041f40
================================================================================
[H================================================================================
                           VIRTUAL CAN NETWORK DASHBOARD                        
================================================================================
Bus Stats | Ticks: 2,070,000 | Sim/Wall: 0.01x | Effective Rate: 6824 bps
--------------------------------------------------------------------------------
[1;36m[GATEWAY][0m Total TX: 0 | Total RX: 0

[1;36m[ENGINE][0m Total TX: 0 | Total RX: 0

[1;36m[CHASSIS][0m Total TX: 0 | Total RX: 0

[1;36m[BODY][0m Total TX: 0 | Total RX: 0

----------------------------------- LOGS ---------------------------------------
[K[Chassis] DEBUG: instCount=263400000, PC=0x10032d5a, SP=0x20041f08
[K[Chassis] DEBUG: instCount=263500000, PC=0x10033012, SP=0x20041f10
[K[Body] DEBUG: instCount=262300000, PC=0x10018506, SP=0x20041f88
[K[Body] DEBUG: instCount=262400000, PC=0x10033706, SP=0x20041f58
[K[Body] DEBUG: instCount=262500000, PC=0x1002e16e, SP=0x20041fa0
[K[Body] DEBUG: instCount=262600000, PC=0x10033340, SP=0x20041f48
[K[Body] DEBUG: instCount=262700000, PC=0x1003320c, SP=0x20041f48
[K[Body] DEBUG: instCount=262800000, PC=0x100332f2, SP=0x20041f48
[K[Body] DEBUG: instCount=262900000, PC=0x100332f4, SP=0x20041f48
[K[Body] DEBUG: instCount=263000000, PC=0x10033562, SP=0x20041f28
[K[Body] DEBUG: instCount=263100000, PC=0x1003354c, SP=0x20041f28
[K[Body] DEBUG: instCount=263200000, PC=0x26ac, SP=0x20041f28
[K[Body] DEBUG: instCount=263300000, PC=0x1003331e, SP=0x20041f48
[K[Body] DEBUG: instCount=263400000, PC=0x10032d5a, SP=0x20041f08
[K[Body] DEBUG: instCount=263500000, PC=0x10033012, SP=0x20041f10
================================================================================
[H================================================================================
                           VIRTUAL CAN NETWORK DASHBOARD                        
================================================================================
Bus Stats | Ticks: 2,080,000 | Sim/Wall: 0.01x | Effective Rate: 6830 bps
--------------------------------------------------------------------------------
[1;36m[GATEWAY][0m Total TX: 0 | Total RX: 0

[1;36m[ENGINE][0m Total TX: 0 | Total RX: 0

[1;36m[CHASSIS][0m Total TX: 0 | Total RX: 0

[1;36m[BODY][0m Total TX: 0 | Total RX: 0

----------------------------------- LOGS ---------------------------------------
[K[Chassis] DEBUG: instCount=264700000, PC=0x1002e296, SP=0x20041ee0
[K[Chassis] DEBUG: instCount=264800000, PC=0x1002e280, SP=0x20041ee0
[K[Body] DEBUG: instCount=263600000, PC=0x10032fee, SP=0x20041f10
[K[Body] DEBUG: instCount=263700000, PC=0x2638, SP=0x20041f10
[K[Body] DEBUG: instCount=263800000, PC=0x10032b24, SP=0x20041f10
[K[Body] DEBUG: instCount=263900000, PC=0x10033706, SP=0x20041f28
[K[Body] DEBUG: instCount=264000000, PC=0x20005500, SP=0x20041f28
[K[Body] DEBUG: instCount=264100000, PC=0x10033344, SP=0x20041f48
[K[Body] DEBUG: instCount=264200000, PC=0x1002de40, SP=0x20041f38
[K[Body] DEBUG: instCount=264300000, PC=0x1002de78, SP=0x20041f38
[K[Body] DEBUG: instCount=264400000, PC=0x1002de64, SP=0x20041f38
[K[Body] DEBUG: instCount=264500000, PC=0x1002dbb4, SP=0x20041f10
[K[Body] DEBUG: instCount=264600000, PC=0x1002e168, SP=0x20041ee0
[K[Body] DEBUG: instCount=264700000, PC=0x1002e296, SP=0x20041ee0
[K[Body] DEBUG: instCount=264800000, PC=0x1002e280, SP=0x20041ee0
================================================================================
[H================================================================================
                           VIRTUAL CAN NETWORK DASHBOARD                        
================================================================================
Bus Stats | Ticks: 2,090,000 | Sim/Wall: 0.01x | Effective Rate: 6834 bps
--------------------------------------------------------------------------------
[1;36m[GATEWAY][0m Total TX: 0 | Total RX: 0

[1;36m[ENGINE][0m Total TX: 0 | Total RX: 0

[1;36m[CHASSIS][0m Total TX: 0 | Total RX: 0

[1;36m[BODY][0m Total TX: 0 | Total RX: 0

----------------------------------- LOGS ---------------------------------------
[K[Chassis] DEBUG: instCount=266000000, PC=0x10032b62, SP=0x20041f30
[K[Chassis] DEBUG: instCount=266100000, PC=0x2646, SP=0x20041f30
[K[Body] DEBUG: instCount=264900000, PC=0x1002e2b8, SP=0x20041ee0
[K[Body] DEBUG: instCount=265000000, PC=0x1002de98, SP=0x20041f38
[K[Body] DEBUG: instCount=265100000, PC=0x1002df52, SP=0x20041f68
[K[Body] DEBUG: instCount=265200000, PC=0x1002df20, SP=0x20041f68
[K[Body] DEBUG: instCount=265300000, PC=0x1002e494, SP=0x20041f48
[K[Body] DEBUG: instCount=265400000, PC=0x1002df6e, SP=0x20041f68
[K[Body] DEBUG: instCount=265500000, PC=0x10029bf4, SP=0x20041fa0
[K[Body] DEBUG: instCount=265600000, PC=0x1002daca, SP=0x20041f74
[K[Body] DEBUG: instCount=265700000, PC=0x1001e8ca, SP=0x20041f60
[K[Body] DEBUG: instCount=265800000, PC=0x10032d58, SP=0x20041f48
[K[Body] DEBUG: instCount=265900000, PC=0x10032b8a, SP=0x20041f30
[K[Body] DEBUG: instCount=266000000, PC=0x10032b62, SP=0x20041f30
[K[Body] DEBUG: instCount=266100000, PC=0x2646, SP=0x20041f30
================================================================================
[H================================================================================
                           VIRTUAL CAN NETWORK DASHBOARD                        
================================================================================
Bus Stats | Ticks: 2,100,000 | Sim/Wall: 0.01x | Effective Rate: 6835 bps
--------------------------------------------------------------------------------
[1;36m[GATEWAY][0m Total TX: 0 | Total RX: 0

[1;36m[ENGINE][0m Total TX: 0 | Total RX: 0

[1;36m[CHASSIS][0m Total TX: 0 | Total RX: 0

[1;36m[BODY][0m Total TX: 0 | Total RX: 0

----------------------------------- LOGS ---------------------------------------
[K[Chassis] DEBUG: instCount=267100000, PC=0x20005878, SP=0x20041ee8
[K[Chassis] DEBUG: instCount=267200000, PC=0x20000312, SP=0x20041ee8
[K[Chassis] DEBUG: instCount=267300000, PC=0x10031b7c, SP=0x20041ee4
[K[Body] DEBUG: instCount=266200000, PC=0x10032b9c, SP=0x20041f30
[K[Body] DEBUG: instCount=266300000, PC=0x100336fa, SP=0x20041f58
[K[Body] DEBUG: instCount=266400000, PC=0x10032b4c, SP=0x20041f48
[K[Body] DEBUG: instCount=266500000, PC=0x10034922, SP=0x20041f54
[K[Body] DEBUG: instCount=266600000, PC=0x10033f00, SP=0x20041f58
[K[Body] DEBUG: instCount=266700000, PC=0x1003452c, SP=0x20041f30
[K[Body] DEBUG: instCount=266800000, PC=0x1003302e, SP=0x20041f28
[K[Body] DEBUG: instCount=266900000, PC=0x1003411e, SP=0x20041f20
[K[Body] DEBUG: instCount=267000000, PC=0x100348e8, SP=0x20041f00
[K[Body] DEBUG: instCount=267100000, PC=0x20005878, SP=0x20041ee8
[K[Body] DEBUG: instCount=267200000, PC=0x20000312, SP=0x20041ee8
[K[Body] DEBUG: instCount=267300000, PC=0x10031b7c, SP=0x20041ee4
================================================================================
[H================================================================================
                           VIRTUAL CAN NETWORK DASHBOARD                        
================================================================================
Bus Stats | Ticks: 2,110,000 | Sim/Wall: 0.01x | Effective Rate: 6841 bps
--------------------------------------------------------------------------------
[1;36m[GATEWAY][0m Total TX: 0 | Total RX: 0

[1;36m[ENGINE][0m Total TX: 0 | Total RX: 0

[1;36m[CHASSIS][0m Total TX: 0 | Total RX: 0

[1;36m[BODY][0m Total TX: 0 | Total RX: 0

----------------------------------- LOGS ---------------------------------------
[K[Chassis] DEBUG: instCount=268500000, PC=0x10032fa0, SP=0x20041f48
[K[Chassis] DEBUG: instCount=268600000, PC=0x10033f4a, SP=0x20041f84
[K[Body] DEBUG: instCount=267400000, PC=0x10032a38, SP=0x20041f00
[K[Body] DEBUG: instCount=267500000, PC=0x2000036a, SP=0x20041f00
[K[Body] DEBUG: instCount=267600000, PC=0x20000350, SP=0x20041f00
[K[Body] DEBUG: instCount=267700000, PC=0x10032f78, SP=0x20041f18
[K[Body] DEBUG: instCount=267800000, PC=0x1003369a, SP=0x20041f00
[K[Body] DEBUG: instCount=267900000, PC=0x100334f6, SP=0x20041ed8
[K[Body] DEBUG: instCount=268000000, PC=0x100334e2, SP=0x20041ed8
[K[Body] DEBUG: instCount=268100000, PC=0x1003352c, SP=0x20041ed8
[K[Body] DEBUG: instCount=268200000, PC=0x1003399c, SP=0x20041f10
[K[Body] DEBUG: instCount=268300000, PC=0x10032f8c, SP=0x20041f48
[K[Body] DEBUG: instCount=268400000, PC=0x1003374c, SP=0x20041f58
[K[Body] DEBUG: instCount=268500000, PC=0x10032fa0, SP=0x20041f48
[K[Body] DEBUG: instCount=268600000, PC=0x10033f4a, SP=0x20041f84
================================================================================
[H================================================================================
                           VIRTUAL CAN NETWORK DASHBOARD                        
================================================================================
Bus Stats | Ticks: 2,120,000 | Sim/Wall: 0.01x | Effective Rate: 6840 bps
--------------------------------------------------------------------------------
[1;36m[GATEWAY][0m Total TX: 0 | Total RX: 0

[1;36m[ENGINE][0m Total TX: 0 | Total RX: 0

[1;36m[CHASSIS][0m Total TX: 0 | Total RX: 0

[1;36m[BODY][0m Total TX: 0 | Total RX: 0

----------------------------------- LOGS ---------------------------------------
[K[Chassis] DEBUG: instCount=269800000, PC=0x100332f4, SP=0x20041f28
[K[Chassis] DEBUG: instCount=269900000, PC=0x100332f4, SP=0x20041f28
[K[Body] DEBUG: instCount=268700000, PC=0x1002e176, SP=0x20041fa0
[K[Body] DEBUG: instCount=268800000, PC=0x1001854a, SP=0x20041f88
[K[Body] DEBUG: instCount=268900000, PC=0x1002e03c, SP=0x20041f80
[K[Body] DEBUG: instCount=269000000, PC=0x1002dbae, SP=0x20041f10
[K[Body] DEBUG: instCount=269100000, PC=0x1002dbec, SP=0x20041f10
[K[Body] DEBUG: instCount=269200000, PC=0x1002dbd8, SP=0x20041f10
[K[Body] DEBUG: instCount=269300000, PC=0x1002dc06, SP=0x20041f10
[K[Body] DEBUG: instCount=269400000, PC=0x1002e2b2, SP=0x20041ee0
[K[Body] DEBUG: instCount=269500000, PC=0x1002dc36, SP=0x20041f10
[K[Body] DEBUG: instCount=269600000, PC=0x1002e2e2, SP=0x20041ee0
[K[Body] DEBUG: instCount=269700000, PC=0x1002dea0, SP=0x20041f38
[K[Body] DEBUG: instCount=269800000, PC=0x100332f4, SP=0x20041f28
[K[Body] DEBUG: instCount=269900000, PC=0x100332f4, SP=0x20041f28
================================================================================
[H================================================================================
                           VIRTUAL CAN NETWORK DASHBOARD                        
================================================================================
Bus Stats | Ticks: 2,130,000 | Sim/Wall: 0.01x | Effective Rate: 6831 bps
--------------------------------------------------------------------------------
[1;36m[GATEWAY][0m Total TX: 0 | Total RX: 0

[1;36m[ENGINE][0m Total TX: 0 | Total RX: 0

[1;36m[CHASSIS][0m Total TX: 0 | Total RX: 0

[1;36m[BODY][0m Total TX: 0 | Total RX: 0

----------------------------------- LOGS ---------------------------------------
[K[Chassis] DEBUG: instCount=271100000, PC=0x20005502, SP=0x20041f04
[K[Chassis] DEBUG: instCount=271200000, PC=0x10032b4c, SP=0x20041ef0
[K[Body] DEBUG: instCount=270000000, PC=0x10033346, SP=0x20041f28
[K[Body] DEBUG: instCount=270100000, PC=0x100332f0, SP=0x20041f28
[K[Body] DEBUG: instCount=270200000, PC=0x100336c2, SP=0x20041f18
[K[Body] DEBUG: instCount=270300000, PC=0x26cc, SP=0x20041f08
[K[Body] DEBUG: instCount=270400000, PC=0x100329ce, SP=0x20041f08
[K[Body] DEBUG: instCount=270500000, PC=0x10033554, SP=0x20041f08
[K[Body] DEBUG: instCount=270600000, PC=0x10033752, SP=0x20041f08
[K[Body] DEBUG: instCount=270700000, PC=0x10033026, SP=0x20041ef0
[K[Body] DEBUG: instCount=270800000, PC=0x10032fd6, SP=0x20041ef0
[K[Body] DEBUG: instCount=270900000, PC=0x10033012, SP=0x20041ef0
[K[Body] DEBUG: instCount=271000000, PC=0x2632, SP=0x20041ef0
[K[Body] DEBUG: instCount=271100000, PC=0x20005502, SP=0x20041f04
[K[Body] DEBUG: instCount=271200000, PC=0x10032b4c, SP=0x20041ef0
================================================================================
[H================================================================================
                           VIRTUAL CAN NETWORK DASHBOARD                        
================================================================================
Bus Stats | Ticks: 2,140,000 | Sim/Wall: 0.01x | Effective Rate: 6817 bps
--------------------------------------------------------------------------------
[1;36m[GATEWAY][0m Total TX: 0 | Total RX: 0

[1;36m[ENGINE][0m Total TX: 0 | Total RX: 0

[1;36m[CHASSIS][0m Total TX: 0 | Total RX: 0

[1;36m[BODY][0m Total TX: 0 | Total RX: 0

----------------------------------- LOGS ---------------------------------------
[K[Chassis] DEBUG: instCount=272400000, PC=0x264a, SP=0x20041f30
[K[Chassis] DEBUG: instCount=272500000, PC=0x2636, SP=0x20041f30
[K[Body] DEBUG: instCount=271300000, PC=0x10033706, SP=0x20041f08
[K[Body] DEBUG: instCount=271400000, PC=0x1002df24, SP=0x20041f68
[K[Body] DEBUG: instCount=271500000, PC=0x1002e446, SP=0x20041f28
[K[Body] DEBUG: instCount=271600000, PC=0x1002e4b8, SP=0x20041f58
[K[Body] DEBUG: instCount=271700000, PC=0x1002e3fa, SP=0x20041f18
[K[Body] DEBUG: instCount=271800000, PC=0x1002dacc, SP=0x20041f74
[K[Body] DEBUG: instCount=271900000, PC=0x10029cc4, SP=0x20041fa0
[K[Body] DEBUG: instCount=272000000, PC=0x1001e8c6, SP=0x20041f60
[K[Body] DEBUG: instCount=272100000, PC=0x10033a40, SP=0x20041f58
[K[Body] DEBUG: instCount=272200000, PC=0x10032b64, SP=0x20041f30
[K[Body] DEBUG: instCount=272300000, PC=0x2634, SP=0x20041f30
[K[Body] DEBUG: instCount=272400000, PC=0x264a, SP=0x20041f30
[K[Body] DEBUG: instCount=272500000, PC=0x2636, SP=0x20041f30
================================================================================
[H================================================================================
                           VIRTUAL CAN NETWORK DASHBOARD                        
================================================================================
Bus Stats | Ticks: 2,150,000 | Sim/Wall: 0.01x | Effective Rate: 6800 bps
--------------------------------------------------------------------------------
[1;36m[GATEWAY][0m Total TX: 0 | Total RX: 0

[1;36m[ENGINE][0m Total TX: 0 | Total RX: 0

[1;36m[CHASSIS][0m Total TX: 0 | Total RX: 0

[1;36m[BODY][0m Total TX: 0 | Total RX: 0

----------------------------------- LOGS ---------------------------------------
[K[Chassis] DEBUG: instCount=273500000, PC=0x10031b94, SP=0x20041ee8
[K[Chassis] DEBUG: instCount=273600000, PC=0x10031b80, SP=0x20041ee4
[K[Chassis] DEBUG: instCount=273700000, PC=0x20000328, SP=0x20041ee8
[K[Body] DEBUG: instCount=272600000, PC=0x10032fb4, SP=0x20041f48
[K[Body] DEBUG: instCount=272700000, PC=0x20004d74, SP=0x20041f50
[K[Body] DEBUG: instCount=272800000, PC=0x10034926, SP=0x20041f54
[K[Body] DEBUG: instCount=272900000, PC=0x10033ebc, SP=0x20041f58
[K[Body] DEBUG: instCount=273000000, PC=0x100344d4, SP=0x20041f30
[K[Body] DEBUG: instCount=273100000, PC=0x10032f7c, SP=0x20041f18
[K[Body] DEBUG: instCount=273200000, PC=0x10034122, SP=0x20041f20
[K[Body] DEBUG: instCount=273300000, PC=0x1003412c, SP=0x20041f20
[K[Body] DEBUG: instCount=273400000, PC=0x1002e176, SP=0x20041ee8
[K[Body] DEBUG: instCount=273500000, PC=0x10031b94, SP=0x20041ee8
[K[Body] DEBUG: instCount=273600000, PC=0x10031b80, SP=0x20041ee4
[K[Body] DEBUG: instCount=273700000, PC=0x20000328, SP=0x20041ee8
================================================================================
[H================================================================================
                           VIRTUAL CAN NETWORK DASHBOARD                        
================================================================================
Bus Stats | Ticks: 2,160,000 | Sim/Wall: 0.01x | Effective Rate: 6787 bps
--------------------------------------------------------------------------------
[1;36m[GATEWAY][0m Total TX: 0 | Total RX: 0

[1;36m[ENGINE][0m Total TX: 0 | Total RX: 0

[1;36m[CHASSIS][0m Total TX: 0 | Total RX: 0

[1;36m[BODY][0m Total TX: 0 | Total RX: 0

----------------------------------- LOGS ---------------------------------------
[K[Chassis] DEBUG: instCount=274900000, PC=0x10032fa6, SP=0x20041f48
[K[Chassis] DEBUG: instCount=275000000, PC=0x10018544, SP=0x20041f88
[K[Body] DEBUG: instCount=273800000, PC=0x2000034a, SP=0x20041f00
[K[Body] DEBUG: instCount=273900000, PC=0x1003414c, SP=0x20041f20
[K[Body] DEBUG: instCount=274000000, PC=0x10032f7c, SP=0x20041f18
[K[Body] DEBUG: instCount=274100000, PC=0x10033964, SP=0x20041f10
[K[Body] DEBUG: instCount=274200000, PC=0x100334dc, SP=0x20041ed8
[K[Body] DEBUG: instCount=274300000, PC=0x10033678, SP=0x20041ef0
[K[Body] DEBUG: instCount=274400000, PC=0x1003363a, SP=0x20041ef0
[K[Body] DEBUG: instCount=274500000, PC=0x10033666, SP=0x20041ef0
[K[Body] DEBUG: instCount=274600000, PC=0x10033744, SP=0x20041f58
[K[Body] DEBUG: instCount=274700000, PC=0x10032b72, SP=0x20041f30
[K[Body] DEBUG: instCount=274800000, PC=0x10032b58, SP=0x20041f48
[K[Body] DEBUG: instCount=274900000, PC=0x10032fa6, SP=0x20041f48
[K[Body] DEBUG: instCount=275000000, PC=0x10018544, SP=0x20041f88
================================================================================
[H================================================================================
                           VIRTUAL CAN NETWORK DASHBOARD                        
================================================================================
Bus Stats | Ticks: 2,170,000 | Sim/Wall: 0.01x | Effective Rate: 6772 bps
--------------------------------------------------------------------------------
[1;36m[GATEWAY][0m Total TX: 0 | Total RX: 0

[1;36m[ENGINE][0m Total TX: 0 | Total RX: 0

[1;36m[CHASSIS][0m Total TX: 0 | Total RX: 0

[1;36m[BODY][0m Total TX: 0 | Total RX: 0

----------------------------------- LOGS ---------------------------------------
[K[Chassis] DEBUG: instCount=276200000, PC=0x1002e452, SP=0x20041f28
[K[Chassis] DEBUG: instCount=276300000, PC=0x1002df68, SP=0x20041f68
[K[Body] DEBUG: instCount=275100000, PC=0x1002de3c, SP=0x20041f38
[K[Body] DEBUG: instCount=275200000, PC=0x1002e04c, SP=0x20041f80
[K[Body] DEBUG: instCount=275300000, PC=0x1002de46, SP=0x20041f38
[K[Body] DEBUG: instCount=275400000, PC=0x1002dbd2, SP=0x20041f10
[K[Body] DEBUG: instCount=275500000, PC=0x1002e268, SP=0x20041ee0
[K[Body] DEBUG: instCount=275600000, PC=0x1002dc0a, SP=0x20041f10
[K[Body] DEBUG: instCount=275700000, PC=0x1002e16e, SP=0x20041ee0
[K[Body] DEBUG: instCount=275800000, PC=0x1002e2dc, SP=0x20041ee0
[K[Body] DEBUG: instCount=275900000, PC=0x1002dec6, SP=0x20041f38
[K[Body] DEBUG: instCount=276000000, PC=0x1002dea4, SP=0x20041f38
[K[Body] DEBUG: instCount=276100000, PC=0x1002e060, SP=0x20041f80
[K[Body] DEBUG: instCount=276200000, PC=0x1002e452, SP=0x20041f28
[K[Body] DEBUG: instCount=276300000, PC=0x1002df68, SP=0x20041f68
================================================================================
[H================================================================================
                           VIRTUAL CAN NETWORK DASHBOARD                        
================================================================================
Bus Stats | Ticks: 2,180,000 | Sim/Wall: 0.01x | Effective Rate: 6756 bps
--------------------------------------------------------------------------------
[1;36m[GATEWAY][0m Total TX: 0 | Total RX: 0

[1;36m[ENGINE][0m Total TX: 0 | Total RX: 0

[1;36m[CHASSIS][0m Total TX: 0 | Total RX: 0

[1;36m[BODY][0m Total TX: 0 | Total RX: 0

----------------------------------- LOGS ---------------------------------------
[K[Chassis] DEBUG: instCount=277500000, PC=0x10033348, SP=0x20041f48
[K[Chassis] DEBUG: instCount=277600000, PC=0x10033210, SP=0x20041f48
[K[Body] DEBUG: instCount=276400000, PC=0x1002e48e, SP=0x20041f28
[K[Body] DEBUG: instCount=276500000, PC=0x1002e040, SP=0x20041f80
[K[Body] DEBUG: instCount=276600000, PC=0x10026e12, SP=0x20041f98
[K[Body] DEBUG: instCount=276700000, PC=0x10032f90, SP=0x20041f48
[K[Body] DEBUG: instCount=276800000, PC=0x10033750, SP=0x20041f58
[K[Body] DEBUG: instCount=276900000, PC=0x10032d66, SP=0x20041f40
[K[Body] DEBUG: instCount=277000000, PC=0x10033702, SP=0x20041f58
[K[Body] DEBUG: instCount=277100000, PC=0x20005be1, SP=0x20041f78
[K[Body] DEBUG: instCount=277200000, PC=0x10029cd2, SP=0x20041fa0
[K[Body] DEBUG: instCount=277300000, PC=0x100331ac, SP=0x20041f64
[K[Body] DEBUG: instCount=277400000, PC=0x100332f0, SP=0x20041f48
[K[Body] DEBUG: instCount=277500000, PC=0x10033348, SP=0x20041f48
[K[Body] DEBUG: instCount=277600000, PC=0x10033210, SP=0x20041f48
================================================================================
[H================================================================================
                           VIRTUAL CAN NETWORK DASHBOARD                        
================================================================================
Bus Stats | Ticks: 2,190,000 | Sim/Wall: 0.01x | Effective Rate: 6751 bps
--------------------------------------------------------------------------------
[1;36m[GATEWAY][0m Total TX: 0 | Total RX: 0

[1;36m[ENGINE][0m Total TX: 0 | Total RX: 0

[1;36m[CHASSIS][0m Total TX: 0 | Total RX: 0

[1;36m[BODY][0m Total TX: 0 | Total RX: 0

----------------------------------- LOGS ---------------------------------------
[K[Chassis] DEBUG: instCount=278800000, PC=0x10033344, SP=0x20041f48
[K[Chassis] DEBUG: instCount=278900000, PC=0x10033246, SP=0x20041f48
[K[Body] DEBUG: instCount=277700000, PC=0x10033210, SP=0x20041f48
[K[Body] DEBUG: instCount=277800000, PC=0x26aa, SP=0x20041f28
[K[Body] DEBUG: instCount=277900000, PC=0x1003332a, SP=0x20041f48
[K[Body] DEBUG: instCount=278000000, PC=0x10033316, SP=0x20041f48
[K[Body] DEBUG: instCount=278100000, PC=0x10034904, SP=0x20041f44
[K[Body] DEBUG: instCount=278200000, PC=0x10032fec, SP=0x20041f10
[K[Body] DEBUG: instCount=278300000, PC=0x2634, SP=0x20041f10
[K[Body] DEBUG: instCount=278400000, PC=0x2638, SP=0x20041f10
[K[Body] DEBUG: instCount=278500000, PC=0x2636, SP=0x20041f10
[K[Body] DEBUG: instCount=278600000, PC=0x10032ffc, SP=0x20041f10
[K[Body] DEBUG: instCount=278700000, PC=0x10033244, SP=0x20041f48
[K[Body] DEBUG: instCount=278800000, PC=0x10033344, SP=0x20041f48
[K[Body] DEBUG: instCount=278900000, PC=0x10033246, SP=0x20041f48
================================================================================
[H================================================================================
                           VIRTUAL CAN NETWORK DASHBOARD                        
================================================================================
Bus Stats | Ticks: 2,200,000 | Sim/Wall: 0.01x | Effective Rate: 6756 bps
--------------------------------------------------------------------------------
[1;36m[GATEWAY][0m Total TX: 0 | Total RX: 0

[1;36m[ENGINE][0m Total TX: 0 | Total RX: 0

[1;36m[CHASSIS][0m Total TX: 0 | Total RX: 0

[1;36m[BODY][0m Total TX: 0 | Total RX: 0

----------------------------------- LOGS ---------------------------------------
[K[Chassis] DEBUG: instCount=279900000, PC=0x1002e44a, SP=0x20041f28
[K[Chassis] DEBUG: instCount=280000000, PC=0x1002e494, SP=0x20041f48
[K[Chassis] DEBUG: instCount=280100000, PC=0x1002e44c, SP=0x20041f28
[K[Body] DEBUG: instCount=279000000, PC=0x1002de58, SP=0x20041f38
[K[Body] DEBUG: instCount=279100000, PC=0x1002dbc8, SP=0x20041f10
[K[Body] DEBUG: instCount=279200000, PC=0x1002dbb4, SP=0x20041f10
[K[Body] DEBUG: instCount=279300000, PC=0x1002dbca, SP=0x20041f10
[K[Body] DEBUG: instCount=279400000, PC=0x1002e274, SP=0x20041ee0
[K[Body] DEBUG: instCount=279500000, PC=0x1002e174, SP=0x20041ee0
[K[Body] DEBUG: instCount=279600000, PC=0x1002e2b8, SP=0x20041ee0
[K[Body] DEBUG: instCount=279700000, PC=0x1002e176, SP=0x20041ee0
[K[Body] DEBUG: instCount=279800000, PC=0x1002df14, SP=0x20041f68
[K[Body] DEBUG: instCount=279900000, PC=0x1002e44a, SP=0x20041f28
[K[Body] DEBUG: instCount=280000000, PC=0x1002e494, SP=0x20041f48
[K[Body] DEBUG: instCount=280100000, PC=0x1002e44c, SP=0x20041f28
================================================================================
[H================================================================================
                           VIRTUAL CAN NETWORK DASHBOARD                        
================================================================================
Bus Stats | Ticks: 2,210,000 | Sim/Wall: 0.01x | Effective Rate: 6758 bps
--------------------------------------------------------------------------------
[1;36m[GATEWAY][0m Total TX: 0 | Total RX: 0

[1;36m[ENGINE][0m Total TX: 0 | Total RX: 0

[1;36m[CHASSIS][0m Total TX: 0 | Total RX: 0

[1;36m[BODY][0m Total TX: 0 | Total RX: 0

----------------------------------- LOGS ---------------------------------------
[K[Chassis] DEBUG: instCount=281300000, PC=0x20004d72, SP=0x20041f50
[K[Chassis] DEBUG: instCount=281400000, PC=0x100344c8, SP=0x20041f30
[K[Body] DEBUG: instCount=280200000, PC=0x1002dac0, SP=0x20041f74
[K[Body] DEBUG: instCount=280300000, PC=0x10029cc8, SP=0x20041fa0
[K[Body] DEBUG: instCount=280400000, PC=0x1001e8ca, SP=0x20041f60
[K[Body] DEBUG: instCount=280500000, PC=0x10026e0c, SP=0x20041fa0
[K[Body] DEBUG: instCount=280600000, PC=0x10032b58, SP=0x20041f48
[K[Body] DEBUG: instCount=280700000, PC=0x2638, SP=0x20041f30
[K[Body] DEBUG: instCount=280800000, PC=0x2634, SP=0x20041f30
[K[Body] DEBUG: instCount=280900000, PC=0x2632, SP=0x20041f30
[K[Body] DEBUG: instCount=281000000, PC=0x10032b1c, SP=0x20041f48
[K[Body] DEBUG: instCount=281100000, PC=0x10033eb6, SP=0x20041f58
[K[Body] DEBUG: instCount=281200000, PC=0x20004d64, SP=0x20041f58
[K[Body] DEBUG: instCount=281300000, PC=0x20004d72, SP=0x20041f50
[K[Body] DEBUG: instCount=281400000, PC=0x100344c8, SP=0x20041f30
================================================================================
[H================================================================================
                           VIRTUAL CAN NETWORK DASHBOARD                        
================================================================================
Bus Stats | Ticks: 2,220,000 | Sim/Wall: 0.01x | Effective Rate: 6754 bps
--------------------------------------------------------------------------------
[1;36m[GATEWAY][0m Total TX: 0 | Total RX: 0

[1;36m[ENGINE][0m Total TX: 0 | Total RX: 0

[1;36m[CHASSIS][0m Total TX: 0 | Total RX: 0

[1;36m[BODY][0m Total TX: 0 | Total RX: 0

----------------------------------- LOGS ---------------------------------------
[K[Chassis] DEBUG: instCount=282600000, PC=0x100334ce, SP=0x20041ed8
[K[Chassis] DEBUG: instCount=282700000, PC=0x1003367c, SP=0x20041ef0
[K[Body] DEBUG: instCount=281500000, PC=0x10032f86, SP=0x20041f18
[K[Body] DEBUG: instCount=281600000, PC=0x10034126, SP=0x20041f20
[K[Body] DEBUG: instCount=281700000, PC=0x10032f7a, SP=0x20041f18
[K[Body] DEBUG: instCount=281800000, PC=0x1002e16a, SP=0x20041ee8
[K[Body] DEBUG: instCount=281900000, PC=0x20000322, SP=0x20041ee8
[K[Body] DEBUG: instCount=282000000, PC=0x10031b84, SP=0x20041ee4
[K[Body] DEBUG: instCount=282100000, PC=0x10031b92, SP=0x20041ee8
[K[Body] DEBUG: instCount=282200000, PC=0x10034762, SP=0x20041efc
[K[Body] DEBUG: instCount=282300000, PC=0x10034150, SP=0x20041f20
[K[Body] DEBUG: instCount=282400000, PC=0x10032f86, SP=0x20041f18
[K[Body] DEBUG: instCount=282500000, PC=0x1003414a, SP=0x20041f20
[K[Body] DEBUG: instCount=282600000, PC=0x100334ce, SP=0x20041ed8
[K[Body] DEBUG: instCount=282700000, PC=0x1003367c, SP=0x20041ef0
================================================================================
[H================================================================================
                           VIRTUAL CAN NETWORK DASHBOARD                        
================================================================================
Bus Stats | Ticks: 2,230,000 | Sim/Wall: 0.01x | Effective Rate: 6764 bps
--------------------------------------------------------------------------------
[1;36m[GATEWAY][0m Total TX: 0 | Total RX: 0

[1;36m[ENGINE][0m Total TX: 0 | Total RX: 0

[1;36m[CHASSIS][0m Total TX: 0 | Total RX: 0

[1;36m[BODY][0m Total TX: 0 | Total RX: 0

----------------------------------- LOGS ---------------------------------------
[K[Chassis] DEBUG: instCount=283900000, PC=0x1002e168, SP=0x20041ee0
[K[Chassis] DEBUG: instCount=284000000, PC=0x1002dc2c, SP=0x20041f10
[K[Body] DEBUG: instCount=282800000, PC=0x1003363e, SP=0x20041ef0
[K[Body] DEBUG: instCount=282900000, PC=0x10033676, SP=0x20041ef0
[K[Body] DEBUG: instCount=283000000, PC=0x10033a4c, SP=0x20041f58
[K[Body] DEBUG: instCount=283100000, PC=0x10032b7e, SP=0x20041f30
[K[Body] DEBUG: instCount=283200000, PC=0x10032b5c, SP=0x20041f30
[K[Body] DEBUG: instCount=283300000, PC=0x10032b70, SP=0x20041f30
[K[Body] DEBUG: instCount=283400000, PC=0x10018512, SP=0x20041f88
[K[Body] DEBUG: instCount=283500000, PC=0x1002de40, SP=0x20041f38
[K[Body] DEBUG: instCount=283600000, PC=0x1002e050, SP=0x20041f80
[K[Body] DEBUG: instCount=283700000, PC=0x1002de3a, SP=0x20041f6c
[K[Body] DEBUG: instCount=283800000, PC=0x1002dbc4, SP=0x20041f10
[K[Body] DEBUG: instCount=283900000, PC=0x1002e168, SP=0x20041ee0
[K[Body] DEBUG: instCount=284000000, PC=0x1002dc2c, SP=0x20041f10
================================================================================
[H================================================================================
                           VIRTUAL CAN NETWORK DASHBOARD                        
================================================================================
Bus Stats | Ticks: 2,240,000 | Sim/Wall: 0.01x | Effective Rate: 6766 bps
--------------------------------------------------------------------------------
[1;36m[GATEWAY][0m Total TX: 0 | Total RX: 0

[1;36m[ENGINE][0m Total TX: 0 | Total RX: 0

[1;36m[CHASSIS][0m Total TX: 0 | Total RX: 0

[1;36m[BODY][0m Total TX: 0 | Total RX: 0

----------------------------------- LOGS ---------------------------------------
[K[Chassis] DEBUG: instCount=285200000, PC=0x100336ca, SP=0x20041f18
[K[Chassis] DEBUG: instCount=285300000, PC=0x100336ee, SP=0x20041f18
[K[Body] DEBUG: instCount=284100000, PC=0x1002e266, SP=0x20041ee0
[K[Body] DEBUG: instCount=284200000, PC=0x1002e170, SP=0x20041ee0
[K[Body] DEBUG: instCount=284300000, PC=0x1002de98, SP=0x20041f38
[K[Body] DEBUG: instCount=284400000, PC=0x1002deaa, SP=0x20041f38
[K[Body] DEBUG: instCount=284500000, PC=0x1002dec4, SP=0x20041f38
[K[Body] DEBUG: instCount=284600000, PC=0x10033210, SP=0x20041f28
[K[Body] DEBUG: instCount=284700000, PC=0x10033212, SP=0x20041f28
[K[Body] DEBUG: instCount=284800000, PC=0x10033340, SP=0x20041f28
[K[Body] DEBUG: instCount=284900000, PC=0x1003320c, SP=0x20041f28
[K[Body] DEBUG: instCount=285000000, PC=0x10033542, SP=0x20041f08
[K[Body] DEBUG: instCount=285100000, PC=0x10033318, SP=0x20041f28
[K[Body] DEBUG: instCount=285200000, PC=0x100336ca, SP=0x20041f18
[K[Body] DEBUG: instCount=285300000, PC=0x100336ee, SP=0x20041f18
================================================================================
[H================================================================================
                           VIRTUAL CAN NETWORK DASHBOARD                        
================================================================================
Bus Stats | Ticks: 2,250,000 | Sim/Wall: 0.01x | Effective Rate: 6769 bps
--------------------------------------------------------------------------------
[1;36m[GATEWAY][0m Total TX: 0 | Total RX: 0

[1;36m[ENGINE][0m Total TX: 0 | Total RX: 0

[1;36m[CHASSIS][0m Total TX: 0 | Total RX: 0

[1;36m[BODY][0m Total TX: 0 | Total RX: 0

----------------------------------- LOGS ---------------------------------------
[K[Chassis] DEBUG: instCount=286500000, PC=0x1002e45e, SP=0x20041f28
[K[Chassis] DEBUG: instCount=286600000, PC=0x10029bf8, SP=0x20041f90
[K[Body] DEBUG: instCount=285400000, PC=0x10032fca, SP=0x20041f08
[K[Body] DEBUG: instCount=285500000, PC=0x2632, SP=0x20041ef0
[K[Body] DEBUG: instCount=285600000, PC=0x2648, SP=0x20041ef0
[K[Body] DEBUG: instCount=285700000, PC=0x2634, SP=0x20041ef0
[K[Body] DEBUG: instCount=285800000, PC=0x10032b18, SP=0x20041ef0
[K[Body] DEBUG: instCount=285900000, PC=0x10033346, SP=0x20041f28
[K[Body] DEBUG: instCount=286000000, PC=0x100335ca, SP=0x20041f28
[K[Body] DEBUG: instCount=286100000, PC=0x100335ca, SP=0x20041f28
[K[Body] DEBUG: instCount=286200000, PC=0x1002df56, SP=0x20041f68
[K[Body] DEBUG: instCount=286300000, PC=0x1002e472, SP=0x20041f28
[K[Body] DEBUG: instCount=286400000, PC=0x1002e45e, SP=0x20041f28
[K[Body] DEBUG: instCount=286500000, PC=0x1002e45e, SP=0x20041f28
[K[Body] DEBUG: instCount=286600000, PC=0x10029bf8, SP=0x20041f90
================================================================================
[H================================================================================
                           VIRTUAL CAN NETWORK DASHBOARD                        
================================================================================
Bus Stats | Ticks: 2,260,000 | Sim/Wall: 0.01x | Effective Rate: 6765 bps
--------------------------------------------------------------------------------
[1;36m[GATEWAY][0m Total TX: 0 | Total RX: 0

[1;36m[ENGINE][0m Total TX: 0 | Total RX: 0

[1;36m[CHASSIS][0m Total TX: 0 | Total RX: 0

[1;36m[BODY][0m Total TX: 0 | Total RX: 0

----------------------------------- LOGS ---------------------------------------
[K[Chassis] DEBUG: instCount=287600000, PC=0x10033ed4, SP=0x20041f58
[K[Chassis] DEBUG: instCount=287700000, PC=0x10033ec0, SP=0x20041f58
[K[Chassis] DEBUG: instCount=287800000, PC=0x100344e2, SP=0x20041f30
[K[Body] DEBUG: instCount=286700000, PC=0x10033a54, SP=0x20041f58
[K[Body] DEBUG: instCount=286800000, PC=0x100337f2, SP=0x20041f50
[K[Body] DEBUG: instCount=286900000, PC=0x100337f2, SP=0x20041f50
[K[Body] DEBUG: instCount=287000000, PC=0x10032b86, SP=0x20041f30
[K[Body] DEBUG: instCount=287100000, PC=0x2632, SP=0x20041f30
[K[Body] DEBUG: instCount=287200000, PC=0x2636, SP=0x20041f30
[K[Body] DEBUG: instCount=287300000, PC=0x2638, SP=0x20041f30
[K[Body] DEBUG: instCount=287400000, PC=0x10033a66, SP=0x20041f58
[K[Body] DEBUG: instCount=287500000, PC=0x1003370e, SP=0x20041f58
[K[Body] DEBUG: instCount=287600000, PC=0x10033ed4, SP=0x20041f58
[K[Body] DEBUG: instCount=287700000, PC=0x10033ec0, SP=0x20041f58
[K[Body] DEBUG: instCount=287800000, PC=0x100344e2, SP=0x20041f30
================================================================================
[H================================================================================
                           VIRTUAL CAN NETWORK DASHBOARD                        
================================================================================
Bus Stats | Ticks: 2,270,000 | Sim/Wall: 0.01x | Effective Rate: 6772 bps
--------------------------------------------------------------------------------
[1;36m[GATEWAY][0m Total TX: 0 | Total RX: 0

[1;36m[ENGINE][0m Total TX: 0 | Total RX: 0

[1;36m[CHASSIS][0m Total TX: 0 | Total RX: 0

[1;36m[BODY][0m Total TX: 0 | Total RX: 0

----------------------------------- LOGS ---------------------------------------
[K[Chassis] DEBUG: instCount=289000000, PC=0x100334f2, SP=0x20041ed8
[K[Chassis] DEBUG: instCount=289100000, PC=0x1003360a, SP=0x20041ee8
[K[Body] DEBUG: instCount=287900000, PC=0x10032a16, SP=0x20041f00
[K[Body] DEBUG: instCount=288000000, PC=0x10033928, SP=0x20041f18
[K[Body] DEBUG: instCount=288100000, PC=0x10034130, SP=0x20041f20
[K[Body] DEBUG: instCount=288200000, PC=0x20005874, SP=0x20041ee4
[K[Body] DEBUG: instCount=288300000, PC=0x200002a6, SP=0x20041ec8
[K[Body] DEBUG: instCount=288400000, PC=0x2000028e, SP=0x20041ec8
[K[Body] DEBUG: instCount=288500000, PC=0x2000032c, SP=0x20041ee8
[K[Body] DEBUG: instCount=288600000, PC=0x20000364, SP=0x20041f00
[K[Body] DEBUG: instCount=288700000, PC=0x1003344e, SP=0x20041f08
[K[Body] DEBUG: instCount=288800000, PC=0x1003397c, SP=0x20041f10
[K[Body] DEBUG: instCount=288900000, PC=0x10033968, SP=0x20041f10
[K[Body] DEBUG: instCount=289000000, PC=0x100334f2, SP=0x20041ed8
[K[Body] DEBUG: instCount=289100000, PC=0x1003360a, SP=0x20041ee8
================================================================================
[H================================================================================
                           VIRTUAL CAN NETWORK DASHBOARD                        
================================================================================
Bus Stats | Ticks: 2,280,000 | Sim/Wall: 0.01x | Effective Rate: 6781 bps
--------------------------------------------------------------------------------
[1;36m[GATEWAY][0m Total TX: 0 | Total RX: 0

[1;36m[ENGINE][0m Total TX: 0 | Total RX: 0

[1;36m[CHASSIS][0m Total TX: 0 | Total RX: 0

[1;36m[BODY][0m Total TX: 0 | Total RX: 0

----------------------------------- LOGS ---------------------------------------
[K[Chassis] DEBUG: instCount=290300000, PC=0x1002e294, SP=0x20041ee0
[K[Chassis] DEBUG: instCount=290400000, PC=0x1002e27e, SP=0x20041ee0
[K[Body] DEBUG: instCount=289200000, PC=0x100335e2, SP=0x20041ee8
[K[Body] DEBUG: instCount=289300000, PC=0x1003366a, SP=0x20041ef0
[K[Body] DEBUG: instCount=289400000, PC=0x10033a5e, SP=0x20041f58
[K[Body] DEBUG: instCount=289500000, PC=0x10032fbc, SP=0x20041f48
[K[Body] DEBUG: instCount=289600000, PC=0x10032b22, SP=0x20041f48
[K[Body] DEBUG: instCount=289700000, PC=0x10032faa, SP=0x20041f48
[K[Body] DEBUG: instCount=289800000, PC=0x1002e172, SP=0x20041fa0
[K[Body] DEBUG: instCount=289900000, PC=0x1002de76, SP=0x20041f38
[K[Body] DEBUG: instCount=290000000, PC=0x1002de60, SP=0x20041f38
[K[Body] DEBUG: instCount=290100000, PC=0x1002de4a, SP=0x20041f38
[K[Body] DEBUG: instCount=290200000, PC=0x1002dbe8, SP=0x20041f10
[K[Body] DEBUG: instCount=290300000, PC=0x1002e294, SP=0x20041ee0
[K[Body] DEBUG: instCount=290400000, PC=0x1002e27e, SP=0x20041ee0
================================================================================
[H================================================================================
                           VIRTUAL CAN NETWORK DASHBOARD                        
================================================================================
Bus Stats | Ticks: 2,290,000 | Sim/Wall: 0.01x | Effective Rate: 6788 bps
--------------------------------------------------------------------------------
[1;36m[GATEWAY][0m Total TX: 0 | Total RX: 0

[1;36m[ENGINE][0m Total TX: 0 | Total RX: 0

[1;36m[CHASSIS][0m Total TX: 0 | Total RX: 0

[1;36m[BODY][0m Total TX: 0 | Total RX: 0

----------------------------------- LOGS ---------------------------------------
[K[Chassis] DEBUG: instCount=291600000, PC=0x10032b60, SP=0x20041f30
[K[Chassis] DEBUG: instCount=291700000, PC=0x10032f98, SP=0x20041f48
[K[Body] DEBUG: instCount=290500000, PC=0x1002e172, SP=0x20041ee0
[K[Body] DEBUG: instCount=290600000, PC=0x1002e2d0, SP=0x20041ee0
[K[Body] DEBUG: instCount=290700000, PC=0x1002df50, SP=0x20041f68
[K[Body] DEBUG: instCount=290800000, PC=0x1002df1e, SP=0x20041f68
[K[Body] DEBUG: instCount=290900000, PC=0x1002e064, SP=0x20041f80
[K[Body] DEBUG: instCount=291000000, PC=0x1002e45e, SP=0x20041f28
[K[Body] DEBUG: instCount=291100000, PC=0x10029c94, SP=0x20041fa0
[K[Body] DEBUG: instCount=291200000, PC=0x1002dac8, SP=0x20041f74
[K[Body] DEBUG: instCount=291300000, PC=0x1002dab4, SP=0x20041f80
[K[Body] DEBUG: instCount=291400000, PC=0x100337f2, SP=0x20041f50
[K[Body] DEBUG: instCount=291500000, PC=0x10032b82, SP=0x20041f30
[K[Body] DEBUG: instCount=291600000, PC=0x10032b60, SP=0x20041f30
[K[Body] DEBUG: instCount=291700000, PC=0x10032f98, SP=0x20041f48
================================================================================
[H================================================================================
                           VIRTUAL CAN NETWORK DASHBOARD                        
================================================================================
Bus Stats | Ticks: 2,300,000 | Sim/Wall: 0.01x | Effective Rate: 6792 bps
--------------------------------------------------------------------------------
[1;36m[GATEWAY][0m Total TX: 0 | Total RX: 0

[1;36m[ENGINE][0m Total TX: 0 | Total RX: 0

[1;36m[CHASSIS][0m Total TX: 0 | Total RX: 0

[1;36m[BODY][0m Total TX: 0 | Total RX: 0

----------------------------------- LOGS ---------------------------------------
[K[Chassis] DEBUG: instCount=292900000, PC=0x10034908, SP=0x20041f48
[K[Chassis] DEBUG: instCount=293000000, PC=0x1003300a, SP=0x20041f10
[K[Body] DEBUG: instCount=291800000, PC=0x10018506, SP=0x20041f88
[K[Body] DEBUG: instCount=291900000, PC=0x10033210, SP=0x20041f48
[K[Body] DEBUG: instCount=292000000, PC=0x100331fc, SP=0x20041f48
[K[Body] DEBUG: instCount=292100000, PC=0x100331b0, SP=0x20041f64
[K[Body] DEBUG: instCount=292200000, PC=0x1003320c, SP=0x20041f48
[K[Body] DEBUG: instCount=292300000, PC=0x100336a6, SP=0x20041f38
[K[Body] DEBUG: instCount=292400000, PC=0x10033304, SP=0x20041f48
[K[Body] DEBUG: instCount=292500000, PC=0x100332f0, SP=0x20041f48
[K[Body] DEBUG: instCount=292600000, PC=0x1003354c, SP=0x20041f28
[K[Body] DEBUG: instCount=292700000, PC=0x1003374a, SP=0x20041f28
[K[Body] DEBUG: instCount=292800000, PC=0x2000066c, SP=0x20041f28
[K[Body] DEBUG: instCount=292900000, PC=0x10034908, SP=0x20041f48
[K[Body] DEBUG: instCount=293000000, PC=0x1003300a, SP=0x20041f10
================================================================================
[H================================================================================
                           VIRTUAL CAN NETWORK DASHBOARD                        
================================================================================
Bus Stats | Ticks: 2,310,000 | Sim/Wall: 0.01x | Effective Rate: 6788 bps
--------------------------------------------------------------------------------
[1;36m[GATEWAY][0m Total TX: 0 | Total RX: 0

[1;36m[ENGINE][0m Total TX: 0 | Total RX: 0

[1;36m[CHASSIS][0m Total TX: 0 | Total RX: 0

[1;36m[BODY][0m Total TX: 0 | Total RX: 0

----------------------------------- LOGS ---------------------------------------
[K[Chassis] DEBUG: instCount=294000000, PC=0x1002dbec, SP=0x20041f10
[K[Chassis] DEBUG: instCount=294100000, PC=0x1002dbd8, SP=0x20041f10
[K[Chassis] DEBUG: instCount=294200000, PC=0x1002e28e, SP=0x20041ee0
[K[Body] DEBUG: instCount=293100000, PC=0x2632, SP=0x20041f10
[K[Body] DEBUG: instCount=293200000, PC=0x2636, SP=0x20041f10
[K[Body] DEBUG: instCount=293300000, PC=0x2632, SP=0x20041f10
[K[Body] DEBUG: instCount=293400000, PC=0x100336fa, SP=0x20041f28
[K[Body] DEBUG: instCount=293500000, PC=0x10029ce0, SP=0x20041fa0
[K[Body] DEBUG: instCount=293600000, PC=0x1002e176, SP=0x20041fa0
[K[Body] DEBUG: instCount=293700000, PC=0x100332b4, SP=0x20041f48
[K[Body] DEBUG: instCount=293800000, PC=0x1002de70, SP=0x20041f38
[K[Body] DEBUG: instCount=293900000, PC=0x1002dbf8, SP=0x20041f10
[K[Body] DEBUG: instCount=294000000, PC=0x1002dbec, SP=0x20041f10
[K[Body] DEBUG: instCount=294100000, PC=0x1002dbd8, SP=0x20041f10
[K[Body] DEBUG: instCount=294200000, PC=0x1002e28e, SP=0x20041ee0
================================================================================
[H================================================================================
                           VIRTUAL CAN NETWORK DASHBOARD                        
================================================================================
Bus Stats | Ticks: 2,320,000 | Sim/Wall: 0.01x | Effective Rate: 6793 bps
--------------------------------------------------------------------------------
[1;36m[GATEWAY][0m Total TX: 0 | Total RX: 0

[1;36m[ENGINE][0m Total TX: 0 | Total RX: 0

[1;36m[CHASSIS][0m Total TX: 0 | Total RX: 0

[1;36m[BODY][0m Total TX: 0 | Total RX: 0

----------------------------------- LOGS ---------------------------------------
[K[Chassis] DEBUG: instCount=295400000, PC=0x10032b74, SP=0x20041f30
[K[Chassis] DEBUG: instCount=295500000, PC=0x2636, SP=0x20041f30
[K[Body] DEBUG: instCount=294300000, PC=0x1002dc50, SP=0x20041f10
[K[Body] DEBUG: instCount=294400000, PC=0x1002dc36, SP=0x20041f10
[K[Body] DEBUG: instCount=294500000, PC=0x1002e2e2, SP=0x20041ee0
[K[Body] DEBUG: instCount=294600000, PC=0x1002df2e, SP=0x20041f68
[K[Body] DEBUG: instCount=294700000, PC=0x1002e46e, SP=0x20041f28
[K[Body] DEBUG: instCount=294800000, PC=0x1002e462, SP=0x20041f28
[K[Body] DEBUG: instCount=294900000, PC=0x1002e3fa, SP=0x20041f18
[K[Body] DEBUG: instCount=295000000, PC=0x1002e046, SP=0x20041f80
[K[Body] DEBUG: instCount=295100000, PC=0x10033a50, SP=0x20041f58
[K[Body] DEBUG: instCount=295200000, PC=0x10032a08, SP=0x20041f50
[K[Body] DEBUG: instCount=295300000, PC=0x10033a40, SP=0x20041f58
[K[Body] DEBUG: instCount=295400000, PC=0x10032b74, SP=0x20041f30
[K[Body] DEBUG: instCount=295500000, PC=0x2636, SP=0x20041f30
================================================================================
[H================================================================================
                           VIRTUAL CAN NETWORK DASHBOARD                        
================================================================================
Bus Stats | Ticks: 2,330,000 | Sim/Wall: 0.01x | Effective Rate: 6795 bps
--------------------------------------------------------------------------------
[1;36m[GATEWAY][0m Total TX: 0 | Total RX: 0

[1;36m[ENGINE][0m Total TX: 0 | Total RX: 0

[1;36m[CHASSIS][0m Total TX: 0 | Total RX: 0

[1;36m[BODY][0m Total TX: 0 | Total RX: 0

----------------------------------- LOGS ---------------------------------------
[K[Chassis] DEBUG: instCount=296700000, PC=0x20000298, SP=0x20041ec8
[K[Chassis] DEBUG: instCount=296800000, PC=0x20000292, SP=0x20041ec8
[K[Body] DEBUG: instCount=295600000, PC=0x2632, SP=0x20041f30
[K[Body] DEBUG: instCount=295700000, PC=0x2636, SP=0x20041f30
[K[Body] DEBUG: instCount=295800000, PC=0x10032b50, SP=0x20041f40
[K[Body] DEBUG: instCount=295900000, PC=0x10033edc, SP=0x20041f58
[K[Body] DEBUG: instCount=296000000, PC=0x10033ed8, SP=0x20041f58
[K[Body] DEBUG: instCount=296100000, PC=0x10033ec4, SP=0x20041f58
[K[Body] DEBUG: instCount=296200000, PC=0x1003303a, SP=0x20041f28
[K[Body] DEBUG: instCount=296300000, PC=0x10032a0a, SP=0x20041f18
[K[Body] DEBUG: instCount=296400000, PC=0x1003392c, SP=0x20041f18
[K[Body] DEBUG: instCount=296500000, PC=0x10033918, SP=0x20041f20
[K[Body] DEBUG: instCount=296600000, PC=0x20000316, SP=0x20041ee8
[K[Body] DEBUG: instCount=296700000, PC=0x20000298, SP=0x20041ec8
[K[Body] DEBUG: instCount=296800000, PC=0x20000292, SP=0x20041ec8
================================================================================
[H================================================================================
                           VIRTUAL CAN NETWORK DASHBOARD                        
================================================================================
Bus Stats | Ticks: 2,340,000 | Sim/Wall: 0.01x | Effective Rate: 6763 bps
--------------------------------------------------------------------------------
[1;36m[GATEWAY][0m Total TX: 0 | Total RX: 0

[1;36m[ENGINE][0m Total TX: 0 | Total RX: 0

[1;36m[CHASSIS][0m Total TX: 0 | Total RX: 0

[1;36m[BODY][0m Total TX: 0 | Total RX: 0

----------------------------------- LOGS ---------------------------------------
[K[Chassis] DEBUG: instCount=298000000, PC=0x10032b2c, SP=0x20041f48
[K[Chassis] DEBUG: instCount=298100000, PC=0x10032fae, SP=0x20041f48
[K[Body] DEBUG: instCount=296900000, PC=0x20000336, SP=0x20041ee8
[K[Body] DEBUG: instCount=297000000, PC=0x20000356, SP=0x20041f00
[K[Body] DEBUG: instCount=297100000, PC=0x10033984, SP=0x20041f10
[K[Body] DEBUG: instCount=297200000, PC=0x10033980, SP=0x20041f10
[K[Body] DEBUG: instCount=297300000, PC=0x1003396c, SP=0x20041f10
[K[Body] DEBUG: instCount=297400000, PC=0x100334e6, SP=0x20041ed8
[K[Body] DEBUG: instCount=297500000, PC=0x100335ea, SP=0x20041ee8
[K[Body] DEBUG: instCount=297600000, PC=0x100335e6, SP=0x20041ee8
[K[Body] DEBUG: instCount=297700000, PC=0x1003366e, SP=0x20041ef0
[K[Body] DEBUG: instCount=297800000, PC=0x10033750, SP=0x20041f58
[K[Body] DEBUG: instCount=297900000, PC=0x10032fb6, SP=0x20041f48
[K[Body] DEBUG: instCount=298000000, PC=0x10032b2c, SP=0x20041f48
[K[Body] DEBUG: instCount=298100000, PC=0x10032fae, SP=0x20041f48
================================================================================
[H================================================================================
                           VIRTUAL CAN NETWORK DASHBOARD                        
================================================================================
Bus Stats | Ticks: 2,350,000 | Sim/Wall: 0.01x | Effective Rate: 6726 bps
--------------------------------------------------------------------------------
[1;36m[GATEWAY][0m Total TX: 0 | Total RX: 0

[1;36m[ENGINE][0m Total TX: 0 | Total RX: 0

[1;36m[CHASSIS][0m Total TX: 0 | Total RX: 0

[1;36m[BODY][0m Total TX: 0 | Total RX: 0

----------------------------------- LOGS ---------------------------------------
[K[Chassis] DEBUG: instCount=299300000, PC=0x20005bdd, SP=0x20041f60
[K[Chassis] DEBUG: instCount=299400000, PC=0x10033208, SP=0x20041f28
[K[Body] DEBUG: instCount=298200000, PC=0x10029cd2, SP=0x20041fa0
[K[Body] DEBUG: instCount=298300000, PC=0x1002de6a, SP=0x20041f38
[K[Body] DEBUG: instCount=298400000, PC=0x1002de66, SP=0x20041f38
[K[Body] DEBUG: instCount=298500000, PC=0x1002de4e, SP=0x20041f38
[K[Body] DEBUG: instCount=298600000, PC=0x1002dbdc, SP=0x20041f10
[K[Body] DEBUG: instCount=298700000, PC=0x1002e286, SP=0x20041ee0
[K[Body] DEBUG: instCount=298800000, PC=0x1002e282, SP=0x20041ee0
[K[Body] DEBUG: instCount=298900000, PC=0x1002e176, SP=0x20041ee0
[K[Body] DEBUG: instCount=299000000, PC=0x1002e2c0, SP=0x20041ee0
[K[Body] DEBUG: instCount=299100000, PC=0x100331b6, SP=0x20041f28
[K[Body] DEBUG: instCount=299200000, PC=0x100331b2, SP=0x20041f44
[K[Body] DEBUG: instCount=299300000, PC=0x20005bdd, SP=0x20041f60
[K[Body] DEBUG: instCount=299400000, PC=0x10033208, SP=0x20041f28
================================================================================
[H================================================================================
                           VIRTUAL CAN NETWORK DASHBOARD                        
================================================================================
Bus Stats | Ticks: 2,360,000 | Sim/Wall: 0.01x | Effective Rate: 6668 bps
--------------------------------------------------------------------------------
[1;36m[GATEWAY][0m Total TX: 0 | Total RX: 0

[1;36m[ENGINE][0m Total TX: 0 | Total RX: 0

[1;36m[CHASSIS][0m Total TX: 0 | Total RX: 0

[1;36m[BODY][0m Total TX: 0 | Total RX: 0

----------------------------------- LOGS ---------------------------------------
[K[Chassis] DEBUG: instCount=300400000, PC=0x2634, SP=0x20041ef0
[K[Chassis] DEBUG: instCount=300500000, PC=0x2638, SP=0x20041ef0
[K[Chassis] DEBUG: instCount=300600000, PC=0x10032ff6, SP=0x20041ef0
[K[Body] DEBUG: instCount=299500000, PC=0x100332f6, SP=0x20041f28
[K[Body] DEBUG: instCount=299600000, PC=0x100332f2, SP=0x20041f28
[K[Body] DEBUG: instCount=299700000, PC=0x10033344, SP=0x20041f28
[K[Body] DEBUG: instCount=299800000, PC=0x2640, SP=0x20041f08
[K[Body] DEBUG: instCount=299900000, PC=0x20000628, SP=0x20041f08
[K[Body] DEBUG: instCount=300000000, PC=0x20000624, SP=0x20041f28
[K[Body] DEBUG: instCount=300100000, PC=0x10033326, SP=0x20041f28
[K[Body] DEBUG: instCount=300200000, PC=0x10032fda, SP=0x20041ef0
[K[Body] DEBUG: instCount=300300000, PC=0x2638, SP=0x20041ef0
[K[Body] DEBUG: instCount=300400000, PC=0x2634, SP=0x20041ef0
[K[Body] DEBUG: instCount=300500000, PC=0x2638, SP=0x20041ef0
[K[Body] DEBUG: instCount=300600000, PC=0x10032ff6, SP=0x20041ef0
================================================================================
[H================================================================================
                           VIRTUAL CAN NETWORK DASHBOARD                        
================================================================================
Bus Stats | Ticks: 2,370,000 | Sim/Wall: 0.01x | Effective Rate: 6661 bps
--------------------------------------------------------------------------------
[1;36m[GATEWAY][0m Total TX: 0 | Total RX: 0

[1;36m[ENGINE][0m Total TX: 0 | Total RX: 0

[1;36m[CHASSIS][0m Total TX: 0 | Total RX: 0

[1;36m[BODY][0m Total TX: 0 | Total RX: 0

----------------------------------- LOGS ---------------------------------------
[K[Chassis] DEBUG: instCount=301800000, PC=0x100329d0, SP=0x20041f30
[K[Chassis] DEBUG: instCount=301900000, PC=0x2638, SP=0x20041f30
[K[Body] DEBUG: instCount=300700000, PC=0x100332b2, SP=0x20041f28
[K[Body] DEBUG: instCount=300800000, PC=0x100332b6, SP=0x20041f28
[K[Body] DEBUG: instCount=300900000, PC=0x10033218, SP=0x20041f28
[K[Body] DEBUG: instCount=301000000, PC=0x1002e4b4, SP=0x20041f58
[K[Body] DEBUG: instCount=301100000, PC=0x1002df62, SP=0x20041f68
[K[Body] DEBUG: instCount=301200000, PC=0x1002df68, SP=0x20041f68
[K[Body] DEBUG: instCount=301300000, PC=0x1002e48e, SP=0x20041f28
[K[Body] DEBUG: instCount=301400000, PC=0x1001e8c2, SP=0x20041f98
[K[Body] DEBUG: instCount=301500000, PC=0x10032f8c, SP=0x20041f48
[K[Body] DEBUG: instCount=301600000, PC=0x10032f90, SP=0x20041f48
[K[Body] DEBUG: instCount=301700000, PC=0x10033750, SP=0x20041f58
[K[Body] DEBUG: instCount=301800000, PC=0x100329d0, SP=0x20041f30
[K[Body] DEBUG: instCount=301900000, PC=0x2638, SP=0x20041f30
================================================================================
[H================================================================================
                           VIRTUAL CAN NETWORK DASHBOARD                        
================================================================================
Bus Stats | Ticks: 2,380,000 | Sim/Wall: 0.01x | Effective Rate: 6653 bps
--------------------------------------------------------------------------------
[1;36m[GATEWAY][0m Total TX: 0 | Total RX: 0

[1;36m[ENGINE][0m Total TX: 0 | Total RX: 0

[1;36m[CHASSIS][0m Total TX: 0 | Total RX: 0

[1;36m[BODY][0m Total TX: 0 | Total RX: 0

----------------------------------- LOGS ---------------------------------------
[K[Chassis] DEBUG: instCount=303100000, PC=0x10032a30, SP=0x20041f00
[K[Chassis] DEBUG: instCount=303200000, PC=0x10032a3c, SP=0x20041f00
[K[Body] DEBUG: instCount=302000000, PC=0x10032fa6, SP=0x20041f48
[K[Body] DEBUG: instCount=302100000, PC=0x2638, SP=0x20041f30
[K[Body] DEBUG: instCount=302200000, PC=0x10033a74, SP=0x20041f58
[K[Body] DEBUG: instCount=302300000, PC=0x10033ef8, SP=0x20041f58
[K[Body] DEBUG: instCount=302400000, PC=0x100344b6, SP=0x20041f44
[K[Body] DEBUG: instCount=302500000, PC=0x10033722, SP=0x20041f58
[K[Body] DEBUG: instCount=302600000, PC=0x10034532, SP=0x20041f30
[K[Body] DEBUG: instCount=302700000, PC=0x100348e0, SP=0x20041f00
[K[Body] DEBUG: instCount=302800000, PC=0x20000306, SP=0x20041ee8
[K[Body] DEBUG: instCount=302900000, PC=0x10032a24, SP=0x20041f00
[K[Body] DEBUG: instCount=303000000, PC=0x10031b74, SP=0x20041ee4
[K[Body] DEBUG: instCount=303100000, PC=0x10032a30, SP=0x20041f00
[K[Body] DEBUG: instCount=303200000, PC=0x10032a3c, SP=0x20041f00
================================================================================
[H================================================================================
                           VIRTUAL CAN NETWORK DASHBOARD                        
================================================================================
Bus Stats | Ticks: 2,390,000 | Sim/Wall: 0.01x | Effective Rate: 6647 bps
--------------------------------------------------------------------------------
[1;36m[GATEWAY][0m Total TX: 0 | Total RX: 0

[1;36m[ENGINE][0m Total TX: 0 | Total RX: 0

[1;36m[CHASSIS][0m Total TX: 0 | Total RX: 0

[1;36m[BODY][0m Total TX: 0 | Total RX: 0

----------------------------------- LOGS ---------------------------------------
[K[Chassis] DEBUG: instCount=304400000, PC=0x10029ccc, SP=0x20041fa0
[K[Chassis] DEBUG: instCount=304500000, PC=0x100336fe, SP=0x20041f58
[K[Body] DEBUG: instCount=303300000, PC=0x200002b8, SP=0x20041ec8
[K[Body] DEBUG: instCount=303400000, PC=0x10032f70, SP=0x20041f18
[K[Body] DEBUG: instCount=303500000, PC=0x10033692, SP=0x20041f00
[K[Body] DEBUG: instCount=303600000, PC=0x1003362a, SP=0x20041f00
[K[Body] DEBUG: instCount=303700000, PC=0x1003345c, SP=0x20041f08
[K[Body] DEBUG: instCount=303800000, PC=0x10033522, SP=0x20041ed8
[K[Body] DEBUG: instCount=303900000, PC=0x10033460, SP=0x20041f08
[K[Body] DEBUG: instCount=304000000, PC=0x100344ea, SP=0x20041f30
[K[Body] DEBUG: instCount=304100000, PC=0x10033618, SP=0x20041ee8
[K[Body] DEBUG: instCount=304200000, PC=0x10032f98, SP=0x20041f48
[K[Body] DEBUG: instCount=304300000, PC=0x10033a6a, SP=0x20041f58
[K[Body] DEBUG: instCount=304400000, PC=0x10029ccc, SP=0x20041fa0
[K[Body] DEBUG: instCount=304500000, PC=0x100336fe, SP=0x20041f58
================================================================================
[H================================================================================
                           VIRTUAL CAN NETWORK DASHBOARD                        
================================================================================
Bus Stats | Ticks: 2,400,000 | Sim/Wall: 0.01x | Effective Rate: 6638 bps
--------------------------------------------------------------------------------
[1;36m[GATEWAY][0m Total TX: 0 | Total RX: 0

[1;36m[ENGINE][0m Total TX: 0 | Total RX: 0

[1;36m[CHASSIS][0m Total TX: 0 | Total RX: 0

[1;36m[BODY][0m Total TX: 0 | Total RX: 0

----------------------------------- LOGS ---------------------------------------
[K[Chassis] DEBUG: instCount=305700000, PC=0x1002e4a6, SP=0x20041f68
[K[Chassis] DEBUG: instCount=305800000, PC=0x1002e476, SP=0x20041f28
[K[Body] DEBUG: instCount=304600000, PC=0x1002e032, SP=0x20041f80
[K[Body] DEBUG: instCount=304700000, PC=0x1002dba6, SP=0x20041f10
[K[Body] DEBUG: instCount=304800000, PC=0x1002dbb2, SP=0x20041f10
[K[Body] DEBUG: instCount=304900000, PC=0x1002db9e, SP=0x20041f24
[K[Body] DEBUG: instCount=305000000, PC=0x1002dbfe, SP=0x20041f10
[K[Body] DEBUG: instCount=305100000, PC=0x1002e2aa, SP=0x20041ee0
[K[Body] DEBUG: instCount=305200000, PC=0x1002e2b6, SP=0x20041ee0
[K[Body] DEBUG: instCount=305300000, PC=0x1002e2a2, SP=0x20041ee0
[K[Body] DEBUG: instCount=305400000, PC=0x1002de84, SP=0x20041f38
[K[Body] DEBUG: instCount=305500000, PC=0x1002e4ae, SP=0x20041f58
[K[Body] DEBUG: instCount=305600000, PC=0x1002e492, SP=0x20041f58
[K[Body] DEBUG: instCount=305700000, PC=0x1002e4a6, SP=0x20041f68
[K[Body] DEBUG: instCount=305800000, PC=0x1002e476, SP=0x20041f28
================================================================================
[H================================================================================
                           VIRTUAL CAN NETWORK DASHBOARD                        
================================================================================
Bus Stats | Ticks: 2,410,000 | Sim/Wall: 0.01x | Effective Rate: 6622 bps
--------------------------------------------------------------------------------
[1;36m[GATEWAY][0m Total TX: 0 | Total RX: 0

[1;36m[ENGINE][0m Total TX: 0 | Total RX: 0

[1;36m[CHASSIS][0m Total TX: 0 | Total RX: 0

[1;36m[BODY][0m Total TX: 0 | Total RX: 0

----------------------------------- LOGS ---------------------------------------
[K[Chassis] DEBUG: instCount=306800000, PC=0x100332f0, SP=0x20041f48
[K[Chassis] DEBUG: instCount=306900000, PC=0x10033342, SP=0x20041f48
[K[Chassis] DEBUG: instCount=307000000, PC=0x10033346, SP=0x20041f48
[K[Body] DEBUG: instCount=305900000, PC=0x10029ca0, SP=0x20041fa0
[K[Body] DEBUG: instCount=306000000, PC=0x1001e8c8, SP=0x20041f60
[K[Body] DEBUG: instCount=306100000, PC=0x10029c98, SP=0x20041fa0
[K[Body] DEBUG: instCount=306200000, PC=0x10033a56, SP=0x20041f58
[K[Body] DEBUG: instCount=306300000, PC=0x10032b1e, SP=0x20041f48
[K[Body] DEBUG: instCount=306400000, PC=0x10032fb6, SP=0x20041f48
[K[Body] DEBUG: instCount=306500000, PC=0x10032b16, SP=0x20041f48
[K[Body] DEBUG: instCount=306600000, PC=0x10018542, SP=0x20041f88
[K[Body] DEBUG: instCount=306700000, PC=0x10033208, SP=0x20041f48
[K[Body] DEBUG: instCount=306800000, PC=0x100332f0, SP=0x20041f48
[K[Body] DEBUG: instCount=306900000, PC=0x10033342, SP=0x20041f48
[K[Body] DEBUG: instCount=307000000, PC=0x10033346, SP=0x20041f48
================================================================================
[H================================================================================
                           VIRTUAL CAN NETWORK DASHBOARD                        
================================================================================
Bus Stats | Ticks: 2,420,000 | Sim/Wall: 0.01x | Effective Rate: 6621 bps
--------------------------------------------------------------------------------
[1;36m[GATEWAY][0m Total TX: 0 | Total RX: 0

[1;36m[ENGINE][0m Total TX: 0 | Total RX: 0

[1;36m[CHASSIS][0m Total TX: 0 | Total RX: 0

[1;36m[BODY][0m Total TX: 0 | Total RX: 0

----------------------------------- LOGS ---------------------------------------
[K[Chassis] DEBUG: instCount=308200000, PC=0x100335c8, SP=0x20041f48
[K[Chassis] DEBUG: instCount=308300000, PC=0x1002e050, SP=0x20041f80
[K[Body] DEBUG: instCount=307100000, PC=0x10033538, SP=0x20041f28
[K[Body] DEBUG: instCount=307200000, PC=0x1003355a, SP=0x20041f28
[K[Body] DEBUG: instCount=307300000, PC=0x10033530, SP=0x20041f38
[K[Body] DEBUG: instCount=307400000, PC=0x100336de, SP=0x20041f38
[K[Body] DEBUG: instCount=307500000, PC=0x20005332, SP=0x20041f24
[K[Body] DEBUG: instCount=307600000, PC=0x10032fce, SP=0x20041f10
[K[Body] DEBUG: instCount=307700000, PC=0x20000674, SP=0x20041f28
[K[Body] DEBUG: instCount=307800000, PC=0x2646, SP=0x20041f10
[K[Body] DEBUG: instCount=307900000, PC=0x10033018, SP=0x20041f10
[K[Body] DEBUG: instCount=308000000, PC=0x10032b24, SP=0x20041f10
[K[Body] DEBUG: instCount=308100000, PC=0x10033018, SP=0x20041f10
[K[Body] DEBUG: instCount=308200000, PC=0x100335c8, SP=0x20041f48
[K[Body] DEBUG: instCount=308300000, PC=0x1002e050, SP=0x20041f80
================================================================================
[H================================================================================
                           VIRTUAL CAN NETWORK DASHBOARD                        
================================================================================
Bus Stats | Ticks: 2,430,000 | Sim/Wall: 0.01x | Effective Rate: 6620 bps
--------------------------------------------------------------------------------
[1;36m[GATEWAY][0m Total TX: 0 | Total RX: 0

[1;36m[ENGINE][0m Total TX: 0 | Total RX: 0

[1;36m[CHASSIS][0m Total TX: 0 | Total RX: 0

[1;36m[BODY][0m Total TX: 0 | Total RX: 0

----------------------------------- LOGS ---------------------------------------
[K[Chassis] DEBUG: instCount=309500000, PC=0x1002e4a0, SP=0x20041f48
[K[Chassis] DEBUG: instCount=309600000, PC=0x1002df6e, SP=0x20041f68
[K[Body] DEBUG: instCount=308400000, PC=0x1002de40, SP=0x20041f38
[K[Body] DEBUG: instCount=308500000, PC=0x1002e050, SP=0x20041f80
[K[Body] DEBUG: instCount=308600000, PC=0x1002dba0, SP=0x20041f10
[K[Body] DEBUG: instCount=308700000, PC=0x1002dc2c, SP=0x20041f10
[K[Body] DEBUG: instCount=308800000, PC=0x1002e168, SP=0x20041ee0
[K[Body] DEBUG: instCount=308900000, PC=0x1002dc2c, SP=0x20041f10
[K[Body] DEBUG: instCount=309000000, PC=0x1002e2a4, SP=0x20041ee0
[K[Body] DEBUG: instCount=309100000, PC=0x1002deaa, SP=0x20041f38
[K[Body] DEBUG: instCount=309200000, PC=0x1002de98, SP=0x20041f38
[K[Body] DEBUG: instCount=309300000, PC=0x1002deaa, SP=0x20041f38
[K[Body] DEBUG: instCount=309400000, PC=0x1002e4a8, SP=0x20041f58
[K[Body] DEBUG: instCount=309500000, PC=0x1002e4a0, SP=0x20041f48
[K[Body] DEBUG: instCount=309600000, PC=0x1002df6e, SP=0x20041f68
================================================================================
[H================================================================================
                           VIRTUAL CAN NETWORK DASHBOARD                        
================================================================================
Bus Stats | Ticks: 2,440,000 | Sim/Wall: 0.01x | Effective Rate: 6623 bps
--------------------------------------------------------------------------------
[1;36m[GATEWAY][0m Total TX: 0 | Total RX: 0

[1;36m[ENGINE][0m Total TX: 0 | Total RX: 0

[1;36m[CHASSIS][0m Total TX: 0 | Total RX: 0

[1;36m[BODY][0m Total TX: 0 | Total RX: 0

----------------------------------- LOGS ---------------------------------------
[K[Chassis] DEBUG: instCount=310800000, PC=0x100344ba, SP=0x20041f30
[K[Chassis] DEBUG: instCount=310900000, PC=0x10033ef4, SP=0x20041f58
[K[Body] DEBUG: instCount=309700000, PC=0x1002e4a0, SP=0x20041f48
[K[Body] DEBUG: instCount=309800000, PC=0x10029c9a, SP=0x20041fa0
[K[Body] DEBUG: instCount=309900000, PC=0x10033756, SP=0x20041f58
[K[Body] DEBUG: instCount=310000000, PC=0x10032d58, SP=0x20041f48
[K[Body] DEBUG: instCount=310100000, PC=0x10033756, SP=0x20041f58
[K[Body] DEBUG: instCount=310200000, PC=0x10032b90, SP=0x20041f30
[K[Body] DEBUG: instCount=310300000, PC=0x2634, SP=0x20041f30
[K[Body] DEBUG: instCount=310400000, PC=0x10032faa, SP=0x20041f48
[K[Body] DEBUG: instCount=310500000, PC=0x2634, SP=0x20041f30
[K[Body] DEBUG: instCount=310600000, PC=0x10033702, SP=0x20041f58
[K[Body] DEBUG: instCount=310700000, PC=0x10033730, SP=0x20041f58
[K[Body] DEBUG: instCount=310800000, PC=0x100344ba, SP=0x20041f30
[K[Body] DEBUG: instCount=310900000, PC=0x10033ef4, SP=0x20041f58
================================================================================
[H================================================================================
                           VIRTUAL CAN NETWORK DASHBOARD                        
================================================================================
Bus Stats | Ticks: 2,450,000 | Sim/Wall: 0.01x | Effective Rate: 6625 bps
--------------------------------------------------------------------------------
[1;36m[GATEWAY][0m Total TX: 0 | Total RX: 0

[1;36m[ENGINE][0m Total TX: 0 | Total RX: 0

[1;36m[CHASSIS][0m Total TX: 0 | Total RX: 0

[1;36m[BODY][0m Total TX: 0 | Total RX: 0

----------------------------------- LOGS ---------------------------------------
[K[Chassis] DEBUG: instCount=312100000, PC=0x1003368e, SP=0x20041f08
[K[Chassis] DEBUG: instCount=312200000, PC=0x100334fc, SP=0x20041ed8
[K[Body] DEBUG: instCount=311000000, PC=0x10032f64, SP=0x20041f30
[K[Body] DEBUG: instCount=311100000, PC=0x10032a20, SP=0x20041f00
[K[Body] DEBUG: instCount=311200000, PC=0x2000030a, SP=0x20041ee8
[K[Body] DEBUG: instCount=311300000, PC=0x10032a28, SP=0x20041f00
[K[Body] DEBUG: instCount=311400000, PC=0x10031b68, SP=0x20041ee8
[K[Body] DEBUG: instCount=311500000, PC=0x200002b2, SP=0x20041ec8
[K[Body] DEBUG: instCount=311600000, PC=0x10032a40, SP=0x20041f00
[K[Body] DEBUG: instCount=311700000, PC=0x2000033c, SP=0x20041ee8
[K[Body] DEBUG: instCount=311800000, PC=0x10033932, SP=0x20041f18
[K[Body] DEBUG: instCount=311900000, PC=0x10033458, SP=0x20041f08
[K[Body] DEBUG: instCount=312000000, PC=0x1003362e, SP=0x20041ef0
[K[Body] DEBUG: instCount=312100000, PC=0x1003368e, SP=0x20041f08
[K[Body] DEBUG: instCount=312200000, PC=0x100334fc, SP=0x20041ed8
================================================================================
[H================================================================================
                           VIRTUAL CAN NETWORK DASHBOARD                        
================================================================================
Bus Stats | Ticks: 2,460,000 | Sim/Wall: 0.01x | Effective Rate: 6620 bps
--------------------------------------------------------------------------------
[1;36m[GATEWAY][0m Total TX: 0 | Total RX: 0

[1;36m[ENGINE][0m Total TX: 0 | Total RX: 0

[1;36m[CHASSIS][0m Total TX: 0 | Total RX: 0

[1;36m[BODY][0m Total TX: 0 | Total RX: 0

----------------------------------- LOGS ---------------------------------------
[K[Chassis] DEBUG: instCount=313400000, PC=0x1002dbf2, SP=0x20041f10
[K[Chassis] DEBUG: instCount=313500000, PC=0x1002e29e, SP=0x20041ee0
[K[Body] DEBUG: instCount=312300000, PC=0x10033614, SP=0x20041ee8
[K[Body] DEBUG: instCount=312400000, PC=0x100344f6, SP=0x20041f30
[K[Body] DEBUG: instCount=312500000, PC=0x10033672, SP=0x20041ef0
[K[Body] DEBUG: instCount=312600000, PC=0x10032f92, SP=0x20041f48
[K[Body] DEBUG: instCount=312700000, PC=0x100336f8, SP=0x20041f58
[K[Body] DEBUG: instCount=312800000, PC=0x10018504, SP=0x20041fa0
[K[Body] DEBUG: instCount=312900000, PC=0x10033702, SP=0x20041f58
[K[Body] DEBUG: instCount=313000000, PC=0x10029cda, SP=0x20041fa0
[K[Body] DEBUG: instCount=313100000, PC=0x1002de80, SP=0x20041f38
[K[Body] DEBUG: instCount=313200000, PC=0x1002dbb6, SP=0x20041f10
[K[Body] DEBUG: instCount=313300000, PC=0x1002dba2, SP=0x20041f10
[K[Body] DEBUG: instCount=313400000, PC=0x1002dbf2, SP=0x20041f10
[K[Body] DEBUG: instCount=313500000, PC=0x1002e29e, SP=0x20041ee0
================================================================================
[H================================================================================
                           VIRTUAL CAN NETWORK DASHBOARD                        
================================================================================
Bus Stats | Ticks: 2,470,000 | Sim/Wall: 0.01x | Effective Rate: 6625 bps
--------------------------------------------------------------------------------
[1;36m[GATEWAY][0m Total TX: 0 | Total RX: 0

[1;36m[ENGINE][0m Total TX: 0 | Total RX: 0

[1;36m[CHASSIS][0m Total TX: 0 | Total RX: 0

[1;36m[BODY][0m Total TX: 0 | Total RX: 0

----------------------------------- LOGS ---------------------------------------
[K[Chassis] DEBUG: instCount=314500000, PC=0x100336a2, SP=0x20041f18
[K[Chassis] DEBUG: instCount=314600000, PC=0x1003356a, SP=0x20041f08
[K[Chassis] DEBUG: instCount=314700000, PC=0x200055b2, SP=0x20041f04
[K[Body] DEBUG: instCount=313600000, PC=0x1002e2ba, SP=0x20041ee0
[K[Body] DEBUG: instCount=313700000, PC=0x1002e2a6, SP=0x20041ee0
[K[Body] DEBUG: instCount=313800000, PC=0x1002dc4a, SP=0x20041f10
[K[Body] DEBUG: instCount=313900000, PC=0x10033204, SP=0x20041f28
[K[Body] DEBUG: instCount=314000000, PC=0x10033344, SP=0x20041f28
[K[Body] DEBUG: instCount=314100000, PC=0x1003320c, SP=0x20041f28
[K[Body] DEBUG: instCount=314200000, PC=0x10033342, SP=0x20041f28
[K[Body] DEBUG: instCount=314300000, PC=0x1003330c, SP=0x20041f28
[K[Body] DEBUG: instCount=314400000, PC=0x10033532, SP=0x20041f08
[K[Body] DEBUG: instCount=314500000, PC=0x100336a2, SP=0x20041f18
[K[Body] DEBUG: instCount=314600000, PC=0x1003356a, SP=0x20041f08
[K[Body] DEBUG: instCount=314700000, PC=0x200055b2, SP=0x20041f04
================================================================================
[H================================================================================
                           VIRTUAL CAN NETWORK DASHBOARD                        
================================================================================
Bus Stats | Ticks: 2,480,000 | Sim/Wall: 0.01x | Effective Rate: 6623 bps
--------------------------------------------------------------------------------
[1;36m[GATEWAY][0m Total TX: 0 | Total RX: 0

[1;36m[ENGINE][0m Total TX: 0 | Total RX: 0

[1;36m[CHASSIS][0m Total TX: 0 | Total RX: 0

[1;36m[BODY][0m Total TX: 0 | Total RX: 0

----------------------------------- LOGS ---------------------------------------
[K[Chassis] DEBUG: instCount=315900000, PC=0x1002dab8, SP=0x20041f74
[K[Chassis] DEBUG: instCount=316000000, PC=0x10029c94, SP=0x20041fa0
[K[Body] DEBUG: instCount=314800000, PC=0x20000676, SP=0x20041f08
[K[Body] DEBUG: instCount=314900000, PC=0x10033744, SP=0x20041f08
[K[Body] DEBUG: instCount=315000000, PC=0x10033006, SP=0x20041ef0
[K[Body] DEBUG: instCount=315100000, PC=0x2636, SP=0x20041ef0
[K[Body] DEBUG: instCount=315200000, PC=0x1003301a, SP=0x20041ef0
[K[Body] DEBUG: instCount=315300000, PC=0x2636, SP=0x20041ef0
[K[Body] DEBUG: instCount=315400000, PC=0x20005500, SP=0x20041f08
[K[Body] DEBUG: instCount=315500000, PC=0x1002df0c, SP=0x20041f80
[K[Body] DEBUG: instCount=315600000, PC=0x1002df50, SP=0x20041f68
[K[Body] DEBUG: instCount=315700000, PC=0x1002df1e, SP=0x20041f68
[K[Body] DEBUG: instCount=315800000, PC=0x1002e444, SP=0x20041f28
[K[Body] DEBUG: instCount=315900000, PC=0x1002dab8, SP=0x20041f74
[K[Body] DEBUG: instCount=316000000, PC=0x10029c94, SP=0x20041fa0
================================================================================
[H================================================================================
                           VIRTUAL CAN NETWORK DASHBOARD                        
================================================================================
Bus Stats | Ticks: 2,490,000 | Sim/Wall: 0.01x | Effective Rate: 6617 bps
--------------------------------------------------------------------------------
[1;36m[GATEWAY][0m Total TX: 0 | Total RX: 0

[1;36m[ENGINE][0m Total TX: 0 | Total RX: 0

[1;36m[CHASSIS][0m Total TX: 0 | Total RX: 0

[1;36m[BODY][0m Total TX: 0 | Total RX: 0

----------------------------------- LOGS ---------------------------------------
[K[Chassis] DEBUG: instCount=317200000, PC=0x1003452a, SP=0x20041f30
[K[Chassis] DEBUG: instCount=317300000, PC=0x1003302c, SP=0x20041f28
[K[Body] DEBUG: instCount=316100000, PC=0x1002dac8, SP=0x20041f74
[K[Body] DEBUG: instCount=316200000, PC=0x10029cc2, SP=0x20041fa0
[K[Body] DEBUG: instCount=316300000, PC=0x10032f9c, SP=0x20041f48
[K[Body] DEBUG: instCount=316400000, PC=0x10032b88, SP=0x20041f30
[K[Body] DEBUG: instCount=316500000, PC=0x10032b60, SP=0x20041f30
[K[Body] DEBUG: instCount=316600000, PC=0x2632, SP=0x20041f30
[K[Body] DEBUG: instCount=316700000, PC=0x10032fb0, SP=0x20041f48
[K[Body] DEBUG: instCount=316800000, PC=0x100336f8, SP=0x20041f58
[K[Body] DEBUG: instCount=316900000, PC=0x10032fb8, SP=0x20041f48
[K[Body] DEBUG: instCount=317000000, PC=0x20004d6a, SP=0x20041f50
[K[Body] DEBUG: instCount=317100000, PC=0x100344c0, SP=0x20041f30
[K[Body] DEBUG: instCount=317200000, PC=0x1003452a, SP=0x20041f30
[K[Body] DEBUG: instCount=317300000, PC=0x1003302c, SP=0x20041f28
================================================================================
[H================================================================================
                           VIRTUAL CAN NETWORK DASHBOARD                        
================================================================================
Bus Stats | Ticks: 2,500,000 | Sim/Wall: 0.01x | Effective Rate: 6617 bps
--------------------------------------------------------------------------------
[1;36m[GATEWAY][0m Total TX: 0 | Total RX: 0

[1;36m[ENGINE][0m Total TX: 0 | Total RX: 0

[1;36m[CHASSIS][0m Total TX: 0 | Total RX: 0

[1;36m[BODY][0m Total TX: 0 | Total RX: 0

----------------------------------- LOGS ---------------------------------------
[K[Chassis] DEBUG: instCount=318500000, PC=0x100334e0, SP=0x20041ed8
[K[Chassis] DEBUG: instCount=318600000, PC=0x10033644, SP=0x20041ef0
[K[Body] DEBUG: instCount=317400000, PC=0x10032f72, SP=0x20041f18
[K[Body] DEBUG: instCount=317500000, PC=0x20005304, SP=0x20041ee4
[K[Body] DEBUG: instCount=317600000, PC=0x20005876, SP=0x20041ee4
[K[Body] DEBUG: instCount=317700000, PC=0x20000310, SP=0x20041ee8
[K[Body] DEBUG: instCount=317800000, PC=0x10031b8a, SP=0x20041ee8
[K[Body] DEBUG: instCount=317900000, PC=0x10032a46, SP=0x20041f00
[K[Body] DEBUG: instCount=318000000, PC=0x20000368, SP=0x20041f00
[K[Body] DEBUG: instCount=318100000, PC=0x2000034e, SP=0x20041f00
[K[Body] DEBUG: instCount=318200000, PC=0x10034142, SP=0x20041f20
[K[Body] DEBUG: instCount=318300000, PC=0x10033634, SP=0x20041ef0
[K[Body] DEBUG: instCount=318400000, PC=0x100334f4, SP=0x20041ed8
[K[Body] DEBUG: instCount=318500000, PC=0x100334e0, SP=0x20041ed8
[K[Body] DEBUG: instCount=318600000, PC=0x10033644, SP=0x20041ef0
================================================================================
[H================================================================================
                           VIRTUAL CAN NETWORK DASHBOARD                        
================================================================================
Bus Stats | Ticks: 2,510,000 | Sim/Wall: 0.01x | Effective Rate: 6617 bps
--------------------------------------------------------------------------------
[1;36m[GATEWAY][0m Total TX: 0 | Total RX: 0

[1;36m[ENGINE][0m Total TX: 0 | Total RX: 0

[1;36m[CHASSIS][0m Total TX: 0 | Total RX: 0

[1;36m[BODY][0m Total TX: 0 | Total RX: 0

----------------------------------- LOGS ---------------------------------------
[K[Chassis] DEBUG: instCount=319800000, PC=0x1002dc32, SP=0x20041f10
[K[Chassis] DEBUG: instCount=319900000, PC=0x1002e168, SP=0x20041ee0
[K[Body] DEBUG: instCount=318700000, PC=0x100344fc, SP=0x20041f30
[K[Body] DEBUG: instCount=318800000, PC=0x10032f8a, SP=0x20041f58
[K[Body] DEBUG: instCount=318900000, PC=0x1003374a, SP=0x20041f58
[K[Body] DEBUG: instCount=319000000, PC=0x10032b62, SP=0x20041f30
[K[Body] DEBUG: instCount=319100000, PC=0x1001850a, SP=0x20041f88
[K[Body] DEBUG: instCount=319200000, PC=0x1002e174, SP=0x20041fa0
[K[Body] DEBUG: instCount=319300000, PC=0x10018548, SP=0x20041f88
[K[Body] DEBUG: instCount=319400000, PC=0x1002e056, SP=0x20041f80
[K[Body] DEBUG: instCount=319500000, PC=0x1002dbbc, SP=0x20041f10
[K[Body] DEBUG: instCount=319600000, PC=0x1002dbea, SP=0x20041f10
[K[Body] DEBUG: instCount=319700000, PC=0x1002dbd6, SP=0x20041f10
[K[Body] DEBUG: instCount=319800000, PC=0x1002dc32, SP=0x20041f10
[K[Body] DEBUG: instCount=319900000, PC=0x1002e168, SP=0x20041ee0
================================================================================
[H================================================================================
                           VIRTUAL CAN NETWORK DASHBOARD                        
================================================================================
Bus Stats | Ticks: 2,520,000 | Sim/Wall: 0.01x | Effective Rate: 6617 bps
--------------------------------------------------------------------------------
[1;36m[GATEWAY][0m Total TX: 0 | Total RX: 0

[1;36m[ENGINE][0m Total TX: 0 | Total RX: 0

[1;36m[CHASSIS][0m Total TX: 0 | Total RX: 0

[1;36m[BODY][0m Total TX: 0 | Total RX: 0

----------------------------------- LOGS ---------------------------------------
[K[Chassis] DEBUG: instCount=320900000, PC=0x10033a3e, SP=0x20041f84
[K[Chassis] DEBUG: instCount=321000000, PC=0x10033a5c, SP=0x20041f58
[K[Chassis] DEBUG: instCount=321100000, PC=0x10032b56, SP=0x20041f40
[K[Body] DEBUG: instCount=320000000, PC=0x1002e2d2, SP=0x20041efc
[K[Body] DEBUG: instCount=320100000, PC=0x1002e2e0, SP=0x20041ee0
[K[Body] DEBUG: instCount=320200000, PC=0x1002deb2, SP=0x20041f38
[K[Body] DEBUG: instCount=320300000, PC=0x1002e49c, SP=0x20041f48
[K[Body] DEBUG: instCount=320400000, PC=0x1002e460, SP=0x20041f28
[K[Body] DEBUG: instCount=320500000, PC=0x1002e3f8, SP=0x20041f28
[K[Body] DEBUG: instCount=320600000, PC=0x1002e4bc, SP=0x20041f58
[K[Body] DEBUG: instCount=320700000, PC=0x1001e8d2, SP=0x20041f98
[K[Body] DEBUG: instCount=320800000, PC=0x100337f4, SP=0x20041f50
[K[Body] DEBUG: instCount=320900000, PC=0x10033a3e, SP=0x20041f84
[K[Body] DEBUG: instCount=321000000, PC=0x10033a5c, SP=0x20041f58
[K[Body] DEBUG: instCount=321100000, PC=0x10032b56, SP=0x20041f40
================================================================================
[H================================================================================
                           VIRTUAL CAN NETWORK DASHBOARD                        
================================================================================
Bus Stats | Ticks: 2,530,000 | Sim/Wall: 0.01x | Effective Rate: 6616 bps
--------------------------------------------------------------------------------
[1;36m[GATEWAY][0m Total TX: 0 | Total RX: 0

[1;36m[ENGINE][0m Total TX: 0 | Total RX: 0

[1;36m[CHASSIS][0m Total TX: 0 | Total RX: 0

[1;36m[BODY][0m Total TX: 0 | Total RX: 0

----------------------------------- LOGS ---------------------------------------
[K[Chassis] DEBUG: instCount=322300000, PC=0x10032d5c, SP=0x20041f08
[K[Chassis] DEBUG: instCount=322400000, PC=0x100329cc, SP=0x20041f10
[K[Body] DEBUG: instCount=321200000, PC=0x10018508, SP=0x20041f88
[K[Body] DEBUG: instCount=321300000, PC=0x10033a6a, SP=0x20041f58
[K[Body] DEBUG: instCount=321400000, PC=0x1002e170, SP=0x20041fa0
[K[Body] DEBUG: instCount=321500000, PC=0x10033342, SP=0x20041f48
[K[Body] DEBUG: instCount=321600000, PC=0x1003320e, SP=0x20041f48
[K[Body] DEBUG: instCount=321700000, PC=0x100332f4, SP=0x20041f48
[K[Body] DEBUG: instCount=321800000, PC=0x1003333e, SP=0x20041f48
[K[Body] DEBUG: instCount=321900000, PC=0x10033564, SP=0x20041f28
[K[Body] DEBUG: instCount=322000000, PC=0x1003354e, SP=0x20041f28
[K[Body] DEBUG: instCount=322100000, PC=0x26cc, SP=0x20041f28
[K[Body] DEBUG: instCount=322200000, PC=0x10033320, SP=0x20041f48
[K[Body] DEBUG: instCount=322300000, PC=0x10032d5c, SP=0x20041f08
[K[Body] DEBUG: instCount=322400000, PC=0x100329cc, SP=0x20041f10
================================================================================
[H================================================================================
                           VIRTUAL CAN NETWORK DASHBOARD                        
================================================================================
Bus Stats | Ticks: 2,540,000 | Sim/Wall: 0.01x | Effective Rate: 6621 bps
--------------------------------------------------------------------------------
[1;36m[GATEWAY][0m Total TX: 0 | Total RX: 0

[1;36m[ENGINE][0m Total TX: 0 | Total RX: 0

[1;36m[CHASSIS][0m Total TX: 0 | Total RX: 0

[1;36m[BODY][0m Total TX: 0 | Total RX: 0

----------------------------------- LOGS ---------------------------------------
[K[Chassis] DEBUG: instCount=323600000, PC=0x1002e298, SP=0x20041ee0
[K[Chassis] DEBUG: instCount=323700000, PC=0x1002e282, SP=0x20041ee0
[K[Body] DEBUG: instCount=322500000, PC=0x10033026, SP=0x20041f10
[K[Body] DEBUG: instCount=322600000, PC=0x2632, SP=0x20041f10
[K[Body] DEBUG: instCount=322700000, PC=0x10032b2c, SP=0x20041f10
[K[Body] DEBUG: instCount=322800000, PC=0x200006f0, SP=0x20041f28
[K[Body] DEBUG: instCount=322900000, PC=0x20005502, SP=0x20041f24
[K[Body] DEBUG: instCount=323000000, PC=0x10033346, SP=0x20041f48
[K[Body] DEBUG: instCount=323100000, PC=0x1002de42, SP=0x20041f38
[K[Body] DEBUG: instCount=323200000, PC=0x1002de7a, SP=0x20041f38
[K[Body] DEBUG: instCount=323300000, PC=0x1002de66, SP=0x20041f38
[K[Body] DEBUG: instCount=323400000, PC=0x1002dbb6, SP=0x20041f10
[K[Body] DEBUG: instCount=323500000, PC=0x1002e16a, SP=0x20041ee0
[K[Body] DEBUG: instCount=323600000, PC=0x1002e298, SP=0x20041ee0
[K[Body] DEBUG: instCount=323700000, PC=0x1002e282, SP=0x20041ee0
================================================================================
[H================================================================================
                           VIRTUAL CAN NETWORK DASHBOARD                        
================================================================================
Bus Stats | Ticks: 2,550,000 | Sim/Wall: 0.01x | Effective Rate: 6618 bps
--------------------------------------------------------------------------------
[1;36m[GATEWAY][0m Total TX: 0 | Total RX: 0

[1;36m[ENGINE][0m Total TX: 0 | Total RX: 0

[1;36m[CHASSIS][0m Total TX: 0 | Total RX: 0

[1;36m[BODY][0m Total TX: 0 | Total RX: 0

----------------------------------- LOGS ---------------------------------------
[K[Chassis] DEBUG: instCount=324900000, PC=0x10032b64, SP=0x20041f30
[K[Chassis] DEBUG: instCount=325000000, PC=0x2648, SP=0x20041f30
[K[Body] DEBUG: instCount=323800000, PC=0x1002e2ba, SP=0x20041ee0
[K[Body] DEBUG: instCount=323900000, PC=0x1002de9a, SP=0x20041f6c
[K[Body] DEBUG: instCount=324000000, PC=0x1002df54, SP=0x20041f68
[K[Body] DEBUG: instCount=324100000, PC=0x1002df24, SP=0x20041f68
[K[Body] DEBUG: instCount=324200000, PC=0x1002e496, SP=0x20041f48
[K[Body] DEBUG: instCount=324300000, PC=0x1002e06a, SP=0x20041f80
[K[Body] DEBUG: instCount=324400000, PC=0x10029bf6, SP=0x20041f90
[K[Body] DEBUG: instCount=324500000, PC=0x1002dacc, SP=0x20041f74
[K[Body] DEBUG: instCount=324600000, PC=0x1001e8cc, SP=0x20041f60
[K[Body] DEBUG: instCount=324700000, PC=0x10032d5a, SP=0x20041f40
[K[Body] DEBUG: instCount=324800000, PC=0x10032b8c, SP=0x20041f30
[K[Body] DEBUG: instCount=324900000, PC=0x10032b64, SP=0x20041f30
[K[Body] DEBUG: instCount=325000000, PC=0x2648, SP=0x20041f30
================================================================================
[H================================================================================
                           VIRTUAL CAN NETWORK DASHBOARD                        
================================================================================
Bus Stats | Ticks: 2,560,000 | Sim/Wall: 0.01x | Effective Rate: 6618 bps
--------------------------------------------------------------------------------
[1;36m[GATEWAY][0m Total TX: 0 | Total RX: 0

[1;36m[ENGINE][0m Total TX: 0 | Total RX: 0

[1;36m[CHASSIS][0m Total TX: 0 | Total RX: 0

[1;36m[BODY][0m Total TX: 0 | Total RX: 0

----------------------------------- LOGS ---------------------------------------
[K[Chassis] DEBUG: instCount=326200000, PC=0x10031b7e, SP=0x20041ee4
[K[Chassis] DEBUG: instCount=326300000, PC=0x10032a3a, SP=0x20041f00
[K[Body] DEBUG: instCount=325100000, PC=0x10032b82, SP=0x20041f30
[K[Body] DEBUG: instCount=325200000, PC=0x100336fe, SP=0x20041f58
[K[Body] DEBUG: instCount=325300000, PC=0x10032b4e, SP=0x20041f40
[K[Body] DEBUG: instCount=325400000, PC=0x10034924, SP=0x20041f54
[K[Body] DEBUG: instCount=325500000, PC=0x100344b4, SP=0x20041f58
[K[Body] DEBUG: instCount=325600000, PC=0x10032f60, SP=0x20041f30
[K[Body] DEBUG: instCount=325700000, PC=0x10033038, SP=0x20041f28
[K[Body] DEBUG: instCount=325800000, PC=0x10034120, SP=0x20041f20
[K[Body] DEBUG: instCount=325900000, PC=0x20000304, SP=0x20041f00
[K[Body] DEBUG: instCount=326000000, PC=0x10031b64, SP=0x20041ee8
[K[Body] DEBUG: instCount=326100000, PC=0x20000314, SP=0x20041ee8
[K[Body] DEBUG: instCount=326200000, PC=0x10031b7e, SP=0x20041ee4
[K[Body] DEBUG: instCount=326300000, PC=0x10032a3a, SP=0x20041f00
================================================================================
[H================================================================================
                           VIRTUAL CAN NETWORK DASHBOARD                        
================================================================================
Bus Stats | Ticks: 2,570,000 | Sim/Wall: 0.01x | Effective Rate: 6621 bps
--------------------------------------------------------------------------------
[1;36m[GATEWAY][0m Total TX: 0 | Total RX: 0

[1;36m[ENGINE][0m Total TX: 0 | Total RX: 0

[1;36m[CHASSIS][0m Total TX: 0 | Total RX: 0

[1;36m[BODY][0m Total TX: 0 | Total RX: 0

----------------------------------- LOGS ---------------------------------------
[K[Chassis] DEBUG: instCount=327300000, PC=0x1003374e, SP=0x20041f58
[K[Chassis] DEBUG: instCount=327400000, PC=0x10032fa2, SP=0x20041f48
[K[Chassis] DEBUG: instCount=327500000, PC=0x10026e16, SP=0x20041f98
[K[Body] DEBUG: instCount=326400000, PC=0x10032a4e, SP=0x20041f00
[K[Body] DEBUG: instCount=326500000, PC=0x20000352, SP=0x20041f00
[K[Body] DEBUG: instCount=326600000, PC=0x10032f7a, SP=0x20041f18
[K[Body] DEBUG: instCount=326700000, PC=0x10033628, SP=0x20041f00
[K[Body] DEBUG: instCount=326800000, PC=0x100334f8, SP=0x20041ed8
[K[Body] DEBUG: instCount=326900000, PC=0x100334e4, SP=0x20041ed8
[K[Body] DEBUG: instCount=327000000, PC=0x10033638, SP=0x20041ef0
[K[Body] DEBUG: instCount=327100000, PC=0x10034154, SP=0x20041f20
[K[Body] DEBUG: instCount=327200000, PC=0x10032f8e, SP=0x20041f48
[K[Body] DEBUG: instCount=327300000, PC=0x1003374e, SP=0x20041f58
[K[Body] DEBUG: instCount=327400000, PC=0x10032fa2, SP=0x20041f48
[K[Body] DEBUG: instCount=327500000, PC=0x10026e16, SP=0x20041f98
================================================================================
[H================================================================================
                           VIRTUAL CAN NETWORK DASHBOARD                        
================================================================================
Bus Stats | Ticks: 2,580,000 | Sim/Wall: 0.01x | Effective Rate: 6622 bps
--------------------------------------------------------------------------------
[1;36m[GATEWAY][0m Total TX: 0 | Total RX: 0

[1;36m[ENGINE][0m Total TX: 0 | Total RX: 0

[1;36m[CHASSIS][0m Total TX: 0 | Total RX: 0

[1;36m[BODY][0m Total TX: 0 | Total RX: 0

----------------------------------- LOGS ---------------------------------------
[K[Chassis] DEBUG: instCount=328700000, PC=0x1003333e, SP=0x20041f28
[K[Chassis] DEBUG: instCount=328800000, PC=0x1003333e, SP=0x20041f28
[K[Body] DEBUG: instCount=327600000, PC=0x10029cd6, SP=0x20041fa0
[K[Body] DEBUG: instCount=327700000, PC=0x1001855a, SP=0x20041f88
[K[Body] DEBUG: instCount=327800000, PC=0x1002e04a, SP=0x20041f80
[K[Body] DEBUG: instCount=327900000, PC=0x1002dbb0, SP=0x20041f10
[K[Body] DEBUG: instCount=328000000, PC=0x1002dbee, SP=0x20041f10
[K[Body] DEBUG: instCount=328100000, PC=0x1002dbda, SP=0x20041f10
[K[Body] DEBUG: instCount=328200000, PC=0x1002dc08, SP=0x20041f10
[K[Body] DEBUG: instCount=328300000, PC=0x1002e2b4, SP=0x20041ee0
[K[Body] DEBUG: instCount=328400000, PC=0x1002dc38, SP=0x20041f10
[K[Body] DEBUG: instCount=328500000, PC=0x1002e2be, SP=0x20041ee0
[K[Body] DEBUG: instCount=328600000, PC=0x1002dea2, SP=0x20041f38
[K[Body] DEBUG: instCount=328700000, PC=0x1003333e, SP=0x20041f28
[K[Body] DEBUG: instCount=328800000, PC=0x1003333e, SP=0x20041f28
================================================================================
[H================================================================================
                           VIRTUAL CAN NETWORK DASHBOARD                        
================================================================================
Bus Stats | Ticks: 2,590,000 | Sim/Wall: 0.01x | Effective Rate: 6622 bps
--------------------------------------------------------------------------------
[1;36m[GATEWAY][0m Total TX: 0 | Total RX: 0

[1;36m[ENGINE][0m Total TX: 0 | Total RX: 0

[1;36m[CHASSIS][0m Total TX: 0 | Total RX: 0

[1;36m[BODY][0m Total TX: 0 | Total RX: 0

----------------------------------- LOGS ---------------------------------------
[K[Chassis] DEBUG: instCount=330000000, PC=0x20005504, SP=0x20041f04
[K[Chassis] DEBUG: instCount=330100000, PC=0x10032b4e, SP=0x20041ee8
[K[Body] DEBUG: instCount=328900000, PC=0x10033348, SP=0x20041f28
[K[Body] DEBUG: instCount=329000000, PC=0x100332f2, SP=0x20041f28
[K[Body] DEBUG: instCount=329100000, PC=0x100336c4, SP=0x20041f18
[K[Body] DEBUG: instCount=329200000, PC=0x26ce, SP=0x20041f08
[K[Body] DEBUG: instCount=329300000, PC=0x100329d0, SP=0x20041f08
[K[Body] DEBUG: instCount=329400000, PC=0x10033556, SP=0x20041f08
[K[Body] DEBUG: instCount=329500000, PC=0x10033756, SP=0x20041f08
[K[Body] DEBUG: instCount=329600000, PC=0x10033028, SP=0x20041ef0
[K[Body] DEBUG: instCount=329700000, PC=0x10032fd8, SP=0x20041ef0
[K[Body] DEBUG: instCount=329800000, PC=0x100329cc, SP=0x20041ef0
[K[Body] DEBUG: instCount=329900000, PC=0x2634, SP=0x20041ef0
[K[Body] DEBUG: instCount=330000000, PC=0x20005504, SP=0x20041f04
[K[Body] DEBUG: instCount=330100000, PC=0x10032b4e, SP=0x20041ee8
================================================================================
[H================================================================================
                           VIRTUAL CAN NETWORK DASHBOARD                        
================================================================================
Bus Stats | Ticks: 2,600,000 | Sim/Wall: 0.01x | Effective Rate: 6619 bps
--------------------------------------------------------------------------------
[1;36m[GATEWAY][0m Total TX: 0 | Total RX: 0

[1;36m[ENGINE][0m Total TX: 0 | Total RX: 0

[1;36m[CHASSIS][0m Total TX: 0 | Total RX: 0

[1;36m[BODY][0m Total TX: 0 | Total RX: 0

----------------------------------- LOGS ---------------------------------------
[K[Chassis] DEBUG: instCount=331300000, PC=0x2632, SP=0x20041f30
[K[Chassis] DEBUG: instCount=331400000, PC=0x2638, SP=0x20041f30
[K[Body] DEBUG: instCount=330200000, PC=0x200006f0, SP=0x20041f08
[K[Body] DEBUG: instCount=330300000, PC=0x1002df26, SP=0x20041f68
[K[Body] DEBUG: instCount=330400000, PC=0x1002e448, SP=0x20041f28
[K[Body] DEBUG: instCount=330500000, PC=0x1002e492, SP=0x20041f58
[K[Body] DEBUG: instCount=330600000, PC=0x1002e3fc, SP=0x20041f18
[K[Body] DEBUG: instCount=330700000, PC=0x1002dace, SP=0x20041f74
[K[Body] DEBUG: instCount=330800000, PC=0x10029cc6, SP=0x20041fa0
[K[Body] DEBUG: instCount=330900000, PC=0x1001e8c8, SP=0x20041f60
[K[Body] DEBUG: instCount=331000000, PC=0x10032a02, SP=0x20041f58
[K[Body] DEBUG: instCount=331100000, PC=0x10032b66, SP=0x20041f30
[K[Body] DEBUG: instCount=331200000, PC=0x2636, SP=0x20041f30
[K[Body] DEBUG: instCount=331300000, PC=0x2632, SP=0x20041f30
[K[Body] DEBUG: instCount=331400000, PC=0x2638, SP=0x20041f30
================================================================================
[H================================================================================
                           VIRTUAL CAN NETWORK DASHBOARD                        
================================================================================
Bus Stats | Ticks: 2,610,000 | Sim/Wall: 0.01x | Effective Rate: 6628 bps
--------------------------------------------------------------------------------
[1;36m[GATEWAY][0m Total TX: 0 | Total RX: 0

[1;36m[ENGINE][0m Total TX: 0 | Total RX: 0

[1;36m[CHASSIS][0m Total TX: 0 | Total RX: 0

[1;36m[BODY][0m Total TX: 0 | Total RX: 0

----------------------------------- LOGS ---------------------------------------
[K[Chassis] DEBUG: instCount=332600000, PC=0x2000032a, SP=0x20041ee8
[K[Chassis] DEBUG: instCount=332700000, PC=0x2000034c, SP=0x20041f00
[K[Body] DEBUG: instCount=331500000, PC=0x10032fb6, SP=0x20041f48
[K[Body] DEBUG: instCount=331600000, PC=0x20004d76, SP=0x20041f58
[K[Body] DEBUG: instCount=331700000, PC=0x10034928, SP=0x20041f58
[K[Body] DEBUG: instCount=331800000, PC=0x10033ebe, SP=0x20041f58
[K[Body] DEBUG: instCount=331900000, PC=0x1003302a, SP=0x20041f30
[K[Body] DEBUG: instCount=332000000, PC=0x10032f84, SP=0x20041f18
[K[Body] DEBUG: instCount=332100000, PC=0x10034124, SP=0x20041f20
[K[Body] DEBUG: instCount=332200000, PC=0x1003412e, SP=0x20041f20
[K[Body] DEBUG: instCount=332300000, PC=0x2000030e, SP=0x20041ee8
[K[Body] DEBUG: instCount=332400000, PC=0x20000320, SP=0x20041ee8
[K[Body] DEBUG: instCount=332500000, PC=0x10031b82, SP=0x20041ee4
[K[Body] DEBUG: instCount=332600000, PC=0x2000032a, SP=0x20041ee8
[K[Body] DEBUG: instCount=332700000, PC=0x2000034c, SP=0x20041f00
================================================================================
[H================================================================================
                           VIRTUAL CAN NETWORK DASHBOARD                        
================================================================================
Bus Stats | Ticks: 2,620,000 | Sim/Wall: 0.01x | Effective Rate: 6630 bps
--------------------------------------------------------------------------------
[1;36m[GATEWAY][0m Total TX: 0 | Total RX: 0

[1;36m[ENGINE][0m Total TX: 0 | Total RX: 0

[1;36m[CHASSIS][0m Total TX: 0 | Total RX: 0

[1;36m[BODY][0m Total TX: 0 | Total RX: 0

----------------------------------- LOGS ---------------------------------------
[K[Chassis] DEBUG: instCount=333700000, PC=0x10032b5a, SP=0x20041f30
[K[Chassis] DEBUG: instCount=333800000, PC=0x10032fa8, SP=0x20041f48
[K[Chassis] DEBUG: instCount=333900000, PC=0x10018546, SP=0x20041f88
[K[Body] DEBUG: instCount=332800000, PC=0x1003414e, SP=0x20041f20
[K[Body] DEBUG: instCount=332900000, PC=0x10032f84, SP=0x20041f18
[K[Body] DEBUG: instCount=333000000, PC=0x10033966, SP=0x20041f10
[K[Body] DEBUG: instCount=333100000, PC=0x100334de, SP=0x20041ed8
[K[Body] DEBUG: instCount=333200000, PC=0x1003367a, SP=0x20041ef0
[K[Body] DEBUG: instCount=333300000, PC=0x1003363c, SP=0x20041ef0
[K[Body] DEBUG: instCount=333400000, PC=0x10033668, SP=0x20041ef0
[K[Body] DEBUG: instCount=333500000, PC=0x10033746, SP=0x20041f58
[K[Body] DEBUG: instCount=333600000, PC=0x10032b74, SP=0x20041f30
[K[Body] DEBUG: instCount=333700000, PC=0x10032b5a, SP=0x20041f30
[K[Body] DEBUG: instCount=333800000, PC=0x10032fa8, SP=0x20041f48
[K[Body] DEBUG: instCount=333900000, PC=0x10018546, SP=0x20041f88
================================================================================
[H================================================================================
                           VIRTUAL CAN NETWORK DASHBOARD                        
================================================================================
Bus Stats | Ticks: 2,630,000 | Sim/Wall: 0.01x | Effective Rate: 6631 bps
--------------------------------------------------------------------------------
[1;36m[GATEWAY][0m Total TX: 0 | Total RX: 0

[1;36m[ENGINE][0m Total TX: 0 | Total RX: 0

[1;36m[CHASSIS][0m Total TX: 0 | Total RX: 0

[1;36m[BODY][0m Total TX: 0 | Total RX: 0

----------------------------------- LOGS ---------------------------------------
[K[Chassis] DEBUG: instCount=335100000, PC=0x1002e454, SP=0x20041f28
[K[Chassis] DEBUG: instCount=335200000, PC=0x1002df6a, SP=0x20041f68
[K[Body] DEBUG: instCount=334000000, PC=0x1002de3e, SP=0x20041f38
[K[Body] DEBUG: instCount=334100000, PC=0x1002e04e, SP=0x20041f80
[K[Body] DEBUG: instCount=334200000, PC=0x1002de48, SP=0x20041f38
[K[Body] DEBUG: instCount=334300000, PC=0x1002dbd4, SP=0x20041f10
[K[Body] DEBUG: instCount=334400000, PC=0x1002e26a, SP=0x20041ee0
[K[Body] DEBUG: instCount=334500000, PC=0x1002dc0c, SP=0x20041f10
[K[Body] DEBUG: instCount=334600000, PC=0x1002e170, SP=0x20041ee0
[K[Body] DEBUG: instCount=334700000, PC=0x1002e2de, SP=0x20041ee0
[K[Body] DEBUG: instCount=334800000, PC=0x1002dec8, SP=0x20041f38
[K[Body] DEBUG: instCount=334900000, PC=0x1002dea6, SP=0x20041f38
[K[Body] DEBUG: instCount=335000000, PC=0x1002e062, SP=0x20041f80
[K[Body] DEBUG: instCount=335100000, PC=0x1002e454, SP=0x20041f28
[K[Body] DEBUG: instCount=335200000, PC=0x1002df6a, SP=0x20041f68
================================================================================
[H================================================================================
                           VIRTUAL CAN NETWORK DASHBOARD                        
================================================================================
Bus Stats | Ticks: 2,640,000 | Sim/Wall: 0.01x | Effective Rate: 6632 bps
--------------------------------------------------------------------------------
[1;36m[GATEWAY][0m Total TX: 0 | Total RX: 0

[1;36m[ENGINE][0m Total TX: 0 | Total RX: 0

[1;36m[CHASSIS][0m Total TX: 0 | Total RX: 0

[1;36m[BODY][0m Total TX: 0 | Total RX: 0

----------------------------------- LOGS ---------------------------------------
[K[Chassis] DEBUG: instCount=336400000, PC=0x10033208, SP=0x20041f48
[K[Chassis] DEBUG: instCount=336500000, PC=0x10033212, SP=0x20041f48
[K[Body] DEBUG: instCount=335300000, PC=0x1002e490, SP=0x20041f28
[K[Body] DEBUG: instCount=335400000, PC=0x1002e042, SP=0x20041f80
[K[Body] DEBUG: instCount=335500000, PC=0x10033a3c, SP=0x20041f98
[K[Body] DEBUG: instCount=335600000, PC=0x10032f92, SP=0x20041f48
[K[Body] DEBUG: instCount=335700000, PC=0x10033752, SP=0x20041f58
[K[Body] DEBUG: instCount=335800000, PC=0x10032f96, SP=0x20041f48
[K[Body] DEBUG: instCount=335900000, PC=0x10033706, SP=0x20041f58
[K[Body] DEBUG: instCount=336000000, PC=0x20005be3, SP=0x20041f78
[K[Body] DEBUG: instCount=336100000, PC=0x1002e168, SP=0x20041fa0
[K[Body] DEBUG: instCount=336200000, PC=0x100331ae, SP=0x20041f64
[K[Body] DEBUG: instCount=336300000, PC=0x100332f2, SP=0x20041f48
[K[Body] DEBUG: instCount=336400000, PC=0x10033208, SP=0x20041f48
[K[Body] DEBUG: instCount=336500000, PC=0x10033212, SP=0x20041f48
================================================================================
[H================================================================================
                           VIRTUAL CAN NETWORK DASHBOARD                        
================================================================================
Bus Stats | Ticks: 2,650,000 | Sim/Wall: 0.01x | Effective Rate: 6632 bps
--------------------------------------------------------------------------------
[1;36m[GATEWAY][0m Total TX: 0 | Total RX: 0

[1;36m[ENGINE][0m Total TX: 0 | Total RX: 0

[1;36m[CHASSIS][0m Total TX: 0 | Total RX: 0

[1;36m[BODY][0m Total TX: 0 | Total RX: 0

----------------------------------- LOGS ---------------------------------------
[K[Chassis] DEBUG: instCount=337700000, PC=0x10033346, SP=0x20041f48
[K[Chassis] DEBUG: instCount=337800000, PC=0x10033284, SP=0x20041f48
[K[Body] DEBUG: instCount=336600000, PC=0x10033212, SP=0x20041f48
[K[Body] DEBUG: instCount=336700000, PC=0x26ac, SP=0x20041f28
[K[Body] DEBUG: instCount=336800000, PC=0x1003332c, SP=0x20041f48
[K[Body] DEBUG: instCount=336900000, PC=0x10033318, SP=0x20041f48
[K[Body] DEBUG: instCount=337000000, PC=0x10034906, SP=0x20041f44
[K[Body] DEBUG: instCount=337100000, PC=0x10032fee, SP=0x20041f10
[K[Body] DEBUG: instCount=337200000, PC=0x2636, SP=0x20041f10
[K[Body] DEBUG: instCount=337300000, PC=0x2632, SP=0x20041f10
[K[Body] DEBUG: instCount=337400000, PC=0x2638, SP=0x20041f10
[K[Body] DEBUG: instCount=337500000, PC=0x10032ffe, SP=0x20041f10
[K[Body] DEBUG: instCount=337600000, PC=0x10033246, SP=0x20041f48
[K[Body] DEBUG: instCount=337700000, PC=0x10033346, SP=0x20041f48
[K[Body] DEBUG: instCount=337800000, PC=0x10033284, SP=0x20041f48
================================================================================
[H================================================================================
                           VIRTUAL CAN NETWORK DASHBOARD                        
================================================================================
Bus Stats | Ticks: 2,660,000 | Sim/Wall: 0.01x | Effective Rate: 6634 bps
--------------------------------------------------------------------------------
[1;36m[GATEWAY][0m Total TX: 0 | Total RX: 0

[1;36m[ENGINE][0m Total TX: 0 | Total RX: 0

[1;36m[CHASSIS][0m Total TX: 0 | Total RX: 0

[1;36m[BODY][0m Total TX: 0 | Total RX: 0

----------------------------------- LOGS ---------------------------------------
[K[Chassis] DEBUG: instCount=339000000, PC=0x1002e44e, SP=0x20041f28
[K[Chassis] DEBUG: instCount=339100000, PC=0x1002dac2, SP=0x20041f74
[K[Body] DEBUG: instCount=337900000, PC=0x1002de5a, SP=0x20041f38
[K[Body] DEBUG: instCount=338000000, PC=0x1002dbca, SP=0x20041f10
[K[Body] DEBUG: instCount=338100000, PC=0x1002dbb6, SP=0x20041f10
[K[Body] DEBUG: instCount=338200000, PC=0x1002dbcc, SP=0x20041f10
[K[Body] DEBUG: instCount=338300000, PC=0x1002e276, SP=0x20041ee0
[K[Body] DEBUG: instCount=338400000, PC=0x1002e176, SP=0x20041ee0
[K[Body] DEBUG: instCount=338500000, PC=0x1002e2ba, SP=0x20041ee0
[K[Body] DEBUG: instCount=338600000, PC=0x1002e2d8, SP=0x20041ee0
[K[Body] DEBUG: instCount=338700000, PC=0x1002df18, SP=0x20041f68
[K[Body] DEBUG: instCount=338800000, PC=0x1002e44c, SP=0x20041f28
[K[Body] DEBUG: instCount=338900000, PC=0x1002e496, SP=0x20041f48
[K[Body] DEBUG: instCount=339000000, PC=0x1002e44e, SP=0x20041f28
[K[Body] DEBUG: instCount=339100000, PC=0x1002dac2, SP=0x20041f74
================================================================================
[H================================================================================
                           VIRTUAL CAN NETWORK DASHBOARD                        
================================================================================
Bus Stats | Ticks: 2,670,000 | Sim/Wall: 0.01x | Effective Rate: 6636 bps
--------------------------------------------------------------------------------
[1;36m[GATEWAY][0m Total TX: 0 | Total RX: 0

[1;36m[ENGINE][0m Total TX: 0 | Total RX: 0

[1;36m[CHASSIS][0m Total TX: 0 | Total RX: 0

[1;36m[BODY][0m Total TX: 0 | Total RX: 0

----------------------------------- LOGS ---------------------------------------
[K[Chassis] DEBUG: instCount=340300000, PC=0x100344ca, SP=0x20041f30
[K[Chassis] DEBUG: instCount=340400000, PC=0x10032f88, SP=0x20041f18
[K[Body] DEBUG: instCount=339200000, PC=0x10026e0c, SP=0x20041fa0
[K[Body] DEBUG: instCount=339300000, PC=0x1001e8cc, SP=0x20041f60
[K[Body] DEBUG: instCount=339400000, PC=0x10026e0e, SP=0x20041fa0
[K[Body] DEBUG: instCount=339500000, PC=0x10032b5a, SP=0x20041f30
[K[Body] DEBUG: instCount=339600000, PC=0x2632, SP=0x20041f30
[K[Body] DEBUG: instCount=339700000, PC=0x2636, SP=0x20041f30
[K[Body] DEBUG: instCount=339800000, PC=0x2634, SP=0x20041f30
[K[Body] DEBUG: instCount=339900000, PC=0x10032b1e, SP=0x20041f48
[K[Body] DEBUG: instCount=340000000, PC=0x10033eb8, SP=0x20041f58
[K[Body] DEBUG: instCount=340100000, PC=0x20004d66, SP=0x20041f50
[K[Body] DEBUG: instCount=340200000, PC=0x20004d74, SP=0x20041f50
[K[Body] DEBUG: instCount=340300000, PC=0x100344ca, SP=0x20041f30
[K[Body] DEBUG: instCount=340400000, PC=0x10032f88, SP=0x20041f18
================================================================================
[H================================================================================
                           VIRTUAL CAN NETWORK DASHBOARD                        
================================================================================
Bus Stats | Ticks: 2,680,000 | Sim/Wall: 0.01x | Effective Rate: 6640 bps
--------------------------------------------------------------------------------
[1;36m[GATEWAY][0m Total TX: 0 | Total RX: 0

[1;36m[ENGINE][0m Total TX: 0 | Total RX: 0

[1;36m[CHASSIS][0m Total TX: 0 | Total RX: 0

[1;36m[BODY][0m Total TX: 0 | Total RX: 0

----------------------------------- LOGS ---------------------------------------
[K[Chassis] DEBUG: instCount=341400000, PC=0x1003414c, SP=0x20041f20
[K[Chassis] DEBUG: instCount=341500000, PC=0x100334d0, SP=0x20041ed8
[K[Chassis] DEBUG: instCount=341600000, PC=0x1003367e, SP=0x20041ef0
[K[Body] DEBUG: instCount=340500000, PC=0x10032f6e, SP=0x20041f20
[K[Body] DEBUG: instCount=340600000, PC=0x10032f7c, SP=0x20041f18
[K[Body] DEBUG: instCount=340700000, PC=0x1002e16c, SP=0x20041ee8
[K[Body] DEBUG: instCount=340800000, PC=0x20000324, SP=0x20041ee8
[K[Body] DEBUG: instCount=340900000, PC=0x10031b86, SP=0x20041ee4
[K[Body] DEBUG: instCount=341000000, PC=0x10031b94, SP=0x20041ee8
[K[Body] DEBUG: instCount=341100000, PC=0x10034764, SP=0x20041efc
[K[Body] DEBUG: instCount=341200000, PC=0x10033960, SP=0x20041f20
[K[Body] DEBUG: instCount=341300000, PC=0x10032f88, SP=0x20041f18
[K[Body] DEBUG: instCount=341400000, PC=0x1003414c, SP=0x20041f20
[K[Body] DEBUG: instCount=341500000, PC=0x100334d0, SP=0x20041ed8
[K[Body] DEBUG: instCount=341600000, PC=0x1003367e, SP=0x20041ef0
================================================================================
[H================================================================================
                           VIRTUAL CAN NETWORK DASHBOARD                        
================================================================================
Bus Stats | Ticks: 2,690,000 | Sim/Wall: 0.01x | Effective Rate: 6641 bps
--------------------------------------------------------------------------------
[1;36m[GATEWAY][0m Total TX: 0 | Total RX: 0

[1;36m[ENGINE][0m Total TX: 0 | Total RX: 0

[1;36m[CHASSIS][0m Total TX: 0 | Total RX: 0

[1;36m[BODY][0m Total TX: 0 | Total RX: 0

----------------------------------- LOGS ---------------------------------------
[K[Chassis] DEBUG: instCount=342800000, PC=0x1002e16a, SP=0x20041ee0
[K[Chassis] DEBUG: instCount=342900000, PC=0x1002dc2e, SP=0x20041f10
[K[Body] DEBUG: instCount=341700000, PC=0x10033640, SP=0x20041ef0
[K[Body] DEBUG: instCount=341800000, PC=0x10033678, SP=0x20041ef0
[K[Body] DEBUG: instCount=341900000, PC=0x10033a4e, SP=0x20041f58
[K[Body] DEBUG: instCount=342000000, PC=0x10032b80, SP=0x20041f30
[K[Body] DEBUG: instCount=342100000, PC=0x10032b5e, SP=0x20041f30
[K[Body] DEBUG: instCount=342200000, PC=0x10032b72, SP=0x20041f30
[K[Body] DEBUG: instCount=342300000, PC=0x10018514, SP=0x20041f88
[K[Body] DEBUG: instCount=342400000, PC=0x1002de42, SP=0x20041f38
[K[Body] DEBUG: instCount=342500000, PC=0x1002e052, SP=0x20041f80
[K[Body] DEBUG: instCount=342600000, PC=0x1002de3c, SP=0x20041f38
[K[Body] DEBUG: instCount=342700000, PC=0x1002dbc6, SP=0x20041f10
[K[Body] DEBUG: instCount=342800000, PC=0x1002e16a, SP=0x20041ee0
[K[Body] DEBUG: instCount=342900000, PC=0x1002dc2e, SP=0x20041f10
================================================================================
[H================================================================================
                           VIRTUAL CAN NETWORK DASHBOARD                        
================================================================================
Bus Stats | Ticks: 2,700,000 | Sim/Wall: 0.01x | Effective Rate: 6630 bps
--------------------------------------------------------------------------------
[1;36m[GATEWAY][0m Total TX: 0 | Total RX: 0

[1;36m[ENGINE][0m Total TX: 0 | Total RX: 0

[1;36m[CHASSIS][0m Total TX: 0 | Total RX: 0

[1;36m[BODY][0m Total TX: 0 | Total RX: 0

----------------------------------- LOGS ---------------------------------------
[K[Chassis] DEBUG: instCount=344100000, PC=0x100336cc, SP=0x20041f18
[K[Chassis] DEBUG: instCount=344200000, PC=0x10033314, SP=0x20041f28
[K[Body] DEBUG: instCount=343000000, PC=0x1002e268, SP=0x20041ee0
[K[Body] DEBUG: instCount=343100000, PC=0x1002e172, SP=0x20041ee0
[K[Body] DEBUG: instCount=343200000, PC=0x1002de9a, SP=0x20041f6c
[K[Body] DEBUG: instCount=343300000, PC=0x1002deac, SP=0x20041f38
[K[Body] DEBUG: instCount=343400000, PC=0x1002dec6, SP=0x20041f38
[K[Body] DEBUG: instCount=343500000, PC=0x10033212, SP=0x20041f28
[K[Body] DEBUG: instCount=343600000, PC=0x100332f0, SP=0x20041f28
[K[Body] DEBUG: instCount=343700000, PC=0x10033342, SP=0x20041f28
[K[Body] DEBUG: instCount=343800000, PC=0x1003320e, SP=0x20041f28
[K[Body] DEBUG: instCount=343900000, PC=0x10033544, SP=0x20041f08
[K[Body] DEBUG: instCount=344000000, PC=0x1003331a, SP=0x20041f28
[K[Body] DEBUG: instCount=344100000, PC=0x100336cc, SP=0x20041f18
[K[Body] DEBUG: instCount=344200000, PC=0x10033314, SP=0x20041f28
================================================================================
[H================================================================================
                           VIRTUAL CAN NETWORK DASHBOARD                        
================================================================================
Bus Stats | Ticks: 2,710,000 | Sim/Wall: 0.01x | Effective Rate: 6615 bps
--------------------------------------------------------------------------------
[1;36m[GATEWAY][0m Total TX: 0 | Total RX: 0

[1;36m[ENGINE][0m Total TX: 0 | Total RX: 0

[1;36m[CHASSIS][0m Total TX: 0 | Total RX: 0

[1;36m[BODY][0m Total TX: 0 | Total RX: 0

----------------------------------- LOGS ---------------------------------------
[K[Chassis] DEBUG: instCount=345400000, PC=0x1002e460, SP=0x20041f28
[K[Chassis] DEBUG: instCount=345500000, PC=0x10029bfa, SP=0x20041f90
[K[Body] DEBUG: instCount=344300000, PC=0x10032fcc, SP=0x20041ef0
[K[Body] DEBUG: instCount=344400000, PC=0x2634, SP=0x20041ef0
[K[Body] DEBUG: instCount=344500000, PC=0x264a, SP=0x20041ef0
[K[Body] DEBUG: instCount=344600000, PC=0x2636, SP=0x20041ef0
[K[Body] DEBUG: instCount=344700000, PC=0x10032b1a, SP=0x20041ef0
[K[Body] DEBUG: instCount=344800000, PC=0x10033348, SP=0x20041f28
[K[Body] DEBUG: instCount=344900000, PC=0x100335cc, SP=0x20041f28
[K[Body] DEBUG: instCount=345000000, PC=0x100335cc, SP=0x20041f28
[K[Body] DEBUG: instCount=345100000, PC=0x1002df58, SP=0x20041f68
[K[Body] DEBUG: instCount=345200000, PC=0x1002e476, SP=0x20041f28
[K[Body] DEBUG: instCount=345300000, PC=0x1002e460, SP=0x20041f28
[K[Body] DEBUG: instCount=345400000, PC=0x1002e460, SP=0x20041f28
[K[Body] DEBUG: instCount=345500000, PC=0x10029bfa, SP=0x20041f90
================================================================================
[H================================================================================
                           VIRTUAL CAN NETWORK DASHBOARD                        
================================================================================
Bus Stats | Ticks: 2,720,000 | Sim/Wall: 0.01x | Effective Rate: 6622 bps
--------------------------------------------------------------------------------
[1;36m[GATEWAY][0m Total TX: 0 | Total RX: 0

[1;36m[ENGINE][0m Total TX: 0 | Total RX: 0

[1;36m[CHASSIS][0m Total TX: 0 | Total RX: 0

[1;36m[BODY][0m Total TX: 0 | Total RX: 0

----------------------------------- LOGS ---------------------------------------
[K[Chassis] DEBUG: instCount=346700000, PC=0x1003452a, SP=0x20041f30
[K[Chassis] DEBUG: instCount=346800000, PC=0x10032a18, SP=0x20041f00
[K[Body] DEBUG: instCount=345600000, PC=0x10033a56, SP=0x20041f58
[K[Body] DEBUG: instCount=345700000, PC=0x100337f4, SP=0x20041f50
[K[Body] DEBUG: instCount=345800000, PC=0x100337f4, SP=0x20041f50
[K[Body] DEBUG: instCount=345900000, PC=0x10032b88, SP=0x20041f30
[K[Body] DEBUG: instCount=346000000, PC=0x2634, SP=0x20041f30
[K[Body] DEBUG: instCount=346100000, PC=0x2638, SP=0x20041f30
[K[Body] DEBUG: instCount=346200000, PC=0x2632, SP=0x20041f30
[K[Body] DEBUG: instCount=346300000, PC=0x100336f8, SP=0x20041f58
[K[Body] DEBUG: instCount=346400000, PC=0x10033728, SP=0x20041f58
[K[Body] DEBUG: instCount=346500000, PC=0x10033ed6, SP=0x20041f58
[K[Body] DEBUG: instCount=346600000, PC=0x10033ec2, SP=0x20041f58
[K[Body] DEBUG: instCount=346700000, PC=0x1003452a, SP=0x20041f30
[K[Body] DEBUG: instCount=346800000, PC=0x10032a18, SP=0x20041f00
================================================================================
[H================================================================================
                           VIRTUAL CAN NETWORK DASHBOARD                        
================================================================================
Bus Stats | Ticks: 2,730,000 | Sim/Wall: 0.01x | Effective Rate: 6627 bps
--------------------------------------------------------------------------------
[1;36m[GATEWAY][0m Total TX: 0 | Total RX: 0

[1;36m[ENGINE][0m Total TX: 0 | Total RX: 0

[1;36m[CHASSIS][0m Total TX: 0 | Total RX: 0

[1;36m[BODY][0m Total TX: 0 | Total RX: 0

----------------------------------- LOGS ---------------------------------------
[K[Chassis] DEBUG: instCount=347800000, PC=0x1003396a, SP=0x20041f10
[K[Chassis] DEBUG: instCount=347900000, PC=0x100334f4, SP=0x20041ed8
[K[Chassis] DEBUG: instCount=348000000, PC=0x1003360c, SP=0x20041ee8
[K[Body] DEBUG: instCount=346900000, PC=0x1003392a, SP=0x20041f18
[K[Body] DEBUG: instCount=347000000, PC=0x10034132, SP=0x20041f20
[K[Body] DEBUG: instCount=347100000, PC=0x20005876, SP=0x20041ee4
[K[Body] DEBUG: instCount=347200000, PC=0x200002a8, SP=0x20041ec8
[K[Body] DEBUG: instCount=347300000, PC=0x20000290, SP=0x20041ec8
[K[Body] DEBUG: instCount=347400000, PC=0x2000032e, SP=0x20041ee8
[K[Body] DEBUG: instCount=347500000, PC=0x20000368, SP=0x20041f00
[K[Body] DEBUG: instCount=347600000, PC=0x10033450, SP=0x20041f08
[K[Body] DEBUG: instCount=347700000, PC=0x1003397e, SP=0x20041f10
[K[Body] DEBUG: instCount=347800000, PC=0x1003396a, SP=0x20041f10
[K[Body] DEBUG: instCount=347900000, PC=0x100334f4, SP=0x20041ed8
[K[Body] DEBUG: instCount=348000000, PC=0x1003360c, SP=0x20041ee8
================================================================================
[H================================================================================
                           VIRTUAL CAN NETWORK DASHBOARD                        
================================================================================
Bus Stats | Ticks: 2,740,000 | Sim/Wall: 0.01x | Effective Rate: 6631 bps
--------------------------------------------------------------------------------
[1;36m[GATEWAY][0m Total TX: 0 | Total RX: 0

[1;36m[ENGINE][0m Total TX: 0 | Total RX: 0

[1;36m[CHASSIS][0m Total TX: 0 | Total RX: 0

[1;36m[BODY][0m Total TX: 0 | Total RX: 0

----------------------------------- LOGS ---------------------------------------
[K[Chassis] DEBUG: instCount=349200000, PC=0x1002e296, SP=0x20041ee0
[K[Chassis] DEBUG: instCount=349300000, PC=0x1002e280, SP=0x20041ee0
[K[Body] DEBUG: instCount=348100000, PC=0x100335e4, SP=0x20041ee8
[K[Body] DEBUG: instCount=348200000, PC=0x1003366c, SP=0x20041ef0
[K[Body] DEBUG: instCount=348300000, PC=0x10032f8a, SP=0x20041f58
[K[Body] DEBUG: instCount=348400000, PC=0x10032fbe, SP=0x20041f48
[K[Body] DEBUG: instCount=348500000, PC=0x10032b24, SP=0x20041f48
[K[Body] DEBUG: instCount=348600000, PC=0x10032fac, SP=0x20041f48
[K[Body] DEBUG: instCount=348700000, PC=0x1002e174, SP=0x20041fa0
[K[Body] DEBUG: instCount=348800000, PC=0x1002de78, SP=0x20041f38
[K[Body] DEBUG: instCount=348900000, PC=0x1002de64, SP=0x20041f38
[K[Body] DEBUG: instCount=349000000, PC=0x1002de4c, SP=0x20041f38
[K[Body] DEBUG: instCount=349100000, PC=0x1002dbea, SP=0x20041f10
[K[Body] DEBUG: instCount=349200000, PC=0x1002e296, SP=0x20041ee0
[K[Body] DEBUG: instCount=349300000, PC=0x1002e280, SP=0x20041ee0
================================================================================
[H================================================================================
                           VIRTUAL CAN NETWORK DASHBOARD                        
================================================================================
Bus Stats | Ticks: 2,750,000 | Sim/Wall: 0.01x | Effective Rate: 6639 bps
--------------------------------------------------------------------------------
[1;36m[GATEWAY][0m Total TX: 0 | Total RX: 0

[1;36m[ENGINE][0m Total TX: 0 | Total RX: 0

[1;36m[CHASSIS][0m Total TX: 0 | Total RX: 0

[1;36m[BODY][0m Total TX: 0 | Total RX: 0

----------------------------------- LOGS ---------------------------------------
[K[Chassis] DEBUG: instCount=350500000, PC=0x10032b62, SP=0x20041f30
[K[Chassis] DEBUG: instCount=350600000, PC=0x10032f9a, SP=0x20041f48
[K[Body] DEBUG: instCount=349400000, PC=0x1002e174, SP=0x20041ee0
[K[Body] DEBUG: instCount=349500000, PC=0x1002e2d2, SP=0x20041efc
[K[Body] DEBUG: instCount=349600000, PC=0x1002df52, SP=0x20041f68
[K[Body] DEBUG: instCount=349700000, PC=0x1002df20, SP=0x20041f68
[K[Body] DEBUG: instCount=349800000, PC=0x1002e066, SP=0x20041f80
[K[Body] DEBUG: instCount=349900000, PC=0x1002e460, SP=0x20041f28
[K[Body] DEBUG: instCount=350000000, PC=0x10029bf4, SP=0x20041fa0
[K[Body] DEBUG: instCount=350100000, PC=0x1002daca, SP=0x20041f74
[K[Body] DEBUG: instCount=350200000, PC=0x1002dab6, SP=0x20041f74
[K[Body] DEBUG: instCount=350300000, PC=0x100337f4, SP=0x20041f50
[K[Body] DEBUG: instCount=350400000, PC=0x10032fa6, SP=0x20041f48
[K[Body] DEBUG: instCount=350500000, PC=0x10032b62, SP=0x20041f30
[K[Body] DEBUG: instCount=350600000, PC=0x10032f9a, SP=0x20041f48
================================================================================
[H================================================================================
                           VIRTUAL CAN NETWORK DASHBOARD                        
================================================================================
Bus Stats | Ticks: 2,760,000 | Sim/Wall: 0.01x | Effective Rate: 6647 bps
--------------------------------------------------------------------------------
[1;36m[GATEWAY][0m Total TX: 0 | Total RX: 0

[1;36m[ENGINE][0m Total TX: 0 | Total RX: 0

[1;36m[CHASSIS][0m Total TX: 0 | Total RX: 0

[1;36m[BODY][0m Total TX: 0 | Total RX: 0

----------------------------------- LOGS ---------------------------------------
[K[Chassis] DEBUG: instCount=351800000, PC=0x20000624, SP=0x20041f48
[K[Chassis] DEBUG: instCount=351900000, PC=0x1003300c, SP=0x20041f10
[K[Body] DEBUG: instCount=350700000, PC=0x10018508, SP=0x20041f88
[K[Body] DEBUG: instCount=350800000, PC=0x10033212, SP=0x20041f48
[K[Body] DEBUG: instCount=350900000, PC=0x100331fe, SP=0x20041f48
[K[Body] DEBUG: instCount=351000000, PC=0x100331b2, SP=0x20041f64
[K[Body] DEBUG: instCount=351100000, PC=0x1003320e, SP=0x20041f48
[K[Body] DEBUG: instCount=351200000, PC=0x100336a8, SP=0x20041f38
[K[Body] DEBUG: instCount=351300000, PC=0x10033306, SP=0x20041f48
[K[Body] DEBUG: instCount=351400000, PC=0x100332f2, SP=0x20041f48
[K[Body] DEBUG: instCount=351500000, PC=0x1003354e, SP=0x20041f28
[K[Body] DEBUG: instCount=351600000, PC=0x1003374c, SP=0x20041f28
[K[Body] DEBUG: instCount=351700000, PC=0x2000066e, SP=0x20041f28
[K[Body] DEBUG: instCount=351800000, PC=0x20000624, SP=0x20041f48
[K[Body] DEBUG: instCount=351900000, PC=0x1003300c, SP=0x20041f10
================================================================================
[H================================================================================
                           VIRTUAL CAN NETWORK DASHBOARD                        
================================================================================
Bus Stats | Ticks: 2,770,000 | Sim/Wall: 0.01x | Effective Rate: 6654 bps
--------------------------------------------------------------------------------
[1;36m[GATEWAY][0m Total TX: 0 | Total RX: 0

[1;36m[ENGINE][0m Total TX: 0 | Total RX: 0

[1;36m[CHASSIS][0m Total TX: 0 | Total RX: 0

[1;36m[BODY][0m Total TX: 0 | Total RX: 0

----------------------------------- LOGS ---------------------------------------
[K[Chassis] DEBUG: instCount=353100000, PC=0x1002e290, SP=0x20041ee0
[K[Chassis] DEBUG: instCount=353200000, PC=0x1002dc52, SP=0x20041f10
[K[Body] DEBUG: instCount=352000000, PC=0x2634, SP=0x20041f10
[K[Body] DEBUG: instCount=352100000, PC=0x2638, SP=0x20041f10
[K[Body] DEBUG: instCount=352200000, PC=0x2634, SP=0x20041f10
[K[Body] DEBUG: instCount=352300000, PC=0x100336fe, SP=0x20041f28
[K[Body] DEBUG: instCount=352400000, PC=0x10029ce8, SP=0x20041fa0
[K[Body] DEBUG: instCount=352500000, PC=0x10029cd6, SP=0x20041fa0
[K[Body] DEBUG: instCount=352600000, PC=0x100332b6, SP=0x20041f48
[K[Body] DEBUG: instCount=352700000, PC=0x1002de72, SP=0x20041f38
[K[Body] DEBUG: instCount=352800000, PC=0x1002dbfa, SP=0x20041f10
[K[Body] DEBUG: instCount=352900000, PC=0x1002dbee, SP=0x20041f10
[K[Body] DEBUG: instCount=353000000, PC=0x1002dbda, SP=0x20041f10
[K[Body] DEBUG: instCount=353100000, PC=0x1002e290, SP=0x20041ee0
[K[Body] DEBUG: instCount=353200000, PC=0x1002dc52, SP=0x20041f10
================================================================================
[H================================================================================
                           VIRTUAL CAN NETWORK DASHBOARD                        
================================================================================
Bus Stats | Ticks: 2,780,000 | Sim/Wall: 0.01x | Effective Rate: 6659 bps
--------------------------------------------------------------------------------
[1;36m[GATEWAY][0m Total TX: 0 | Total RX: 0

[1;36m[ENGINE][0m Total TX: 0 | Total RX: 0

[1;36m[CHASSIS][0m Total TX: 0 | Total RX: 0

[1;36m[BODY][0m Total TX: 0 | Total RX: 0

----------------------------------- LOGS ---------------------------------------
[K[Chassis] DEBUG: instCount=354200000, PC=0x10032a02, SP=0x20041f58
[K[Chassis] DEBUG: instCount=354300000, PC=0x10032b7e, SP=0x20041f30
[K[Chassis] DEBUG: instCount=354400000, PC=0x2638, SP=0x20041f30
[K[Body] DEBUG: instCount=353300000, PC=0x1002dc38, SP=0x20041f10
[K[Body] DEBUG: instCount=353400000, PC=0x1002e2be, SP=0x20041ee0
[K[Body] DEBUG: instCount=353500000, PC=0x1002df4c, SP=0x20041f68
[K[Body] DEBUG: instCount=353600000, PC=0x1002e470, SP=0x20041f28
[K[Body] DEBUG: instCount=353700000, PC=0x1002e464, SP=0x20041f28
[K[Body] DEBUG: instCount=353800000, PC=0x1002e3fc, SP=0x20041f18
[K[Body] DEBUG: instCount=353900000, PC=0x1002e048, SP=0x20041f90
[K[Body] DEBUG: instCount=354000000, PC=0x10033a52, SP=0x20041f58
[K[Body] DEBUG: instCount=354100000, PC=0x10033a44, SP=0x20041f58
[K[Body] DEBUG: instCount=354200000, PC=0x10032a02, SP=0x20041f58
[K[Body] DEBUG: instCount=354300000, PC=0x10032b7e, SP=0x20041f30
[K[Body] DEBUG: instCount=354400000, PC=0x2638, SP=0x20041f30
================================================================================
[H================================================================================
                           VIRTUAL CAN NETWORK DASHBOARD                        
================================================================================
Bus Stats | Ticks: 2,790,000 | Sim/Wall: 0.01x | Effective Rate: 6663 bps
--------------------------------------------------------------------------------
[1;36m[GATEWAY][0m Total TX: 0 | Total RX: 0

[1;36m[ENGINE][0m Total TX: 0 | Total RX: 0

[1;36m[CHASSIS][0m Total TX: 0 | Total RX: 0

[1;36m[BODY][0m Total TX: 0 | Total RX: 0

----------------------------------- LOGS ---------------------------------------
[K[Chassis] DEBUG: instCount=355600000, PC=0x2000029a, SP=0x20041ec8
[K[Chassis] DEBUG: instCount=355700000, PC=0x20000296, SP=0x20041ec8
[K[Body] DEBUG: instCount=354500000, PC=0x2634, SP=0x20041f30
[K[Body] DEBUG: instCount=354600000, PC=0x2638, SP=0x20041f30
[K[Body] DEBUG: instCount=354700000, PC=0x10032b56, SP=0x20041f40
[K[Body] DEBUG: instCount=354800000, PC=0x10033eec, SP=0x20041f58
[K[Body] DEBUG: instCount=354900000, PC=0x10033eda, SP=0x20041f58
[K[Body] DEBUG: instCount=355000000, PC=0x10033ec6, SP=0x20041f58
[K[Body] DEBUG: instCount=355100000, PC=0x100344d8, SP=0x20041f30
[K[Body] DEBUG: instCount=355200000, PC=0x10032a0c, SP=0x20041f00
[K[Body] DEBUG: instCount=355300000, PC=0x1003392e, SP=0x20041f18
[K[Body] DEBUG: instCount=355400000, PC=0x1003391a, SP=0x20041f20
[K[Body] DEBUG: instCount=355500000, PC=0x20000318, SP=0x20041ee8
[K[Body] DEBUG: instCount=355600000, PC=0x2000029a, SP=0x20041ec8
[K[Body] DEBUG: instCount=355700000, PC=0x20000296, SP=0x20041ec8
================================================================================
[H================================================================================
                           VIRTUAL CAN NETWORK DASHBOARD                        
================================================================================
Bus Stats | Ticks: 2,800,000 | Sim/Wall: 0.01x | Effective Rate: 6671 bps
--------------------------------------------------------------------------------
[1;36m[GATEWAY][0m Total TX: 0 | Total RX: 0

[1;36m[ENGINE][0m Total TX: 0 | Total RX: 0

[1;36m[CHASSIS][0m Total TX: 0 | Total RX: 0

[1;36m[BODY][0m Total TX: 0 | Total RX: 0

----------------------------------- LOGS ---------------------------------------
[K[Chassis] DEBUG: instCount=356900000, PC=0x10032fb4, SP=0x20041f48
[K[Chassis] DEBUG: instCount=357000000, PC=0x10032fb0, SP=0x20041f48
[K[Body] DEBUG: instCount=355800000, PC=0x20000338, SP=0x20041ee8
[K[Body] DEBUG: instCount=355900000, PC=0x20000358, SP=0x20041f00
[K[Body] DEBUG: instCount=356000000, PC=0x10033444, SP=0x20041f10
[K[Body] DEBUG: instCount=356100000, PC=0x10033982, SP=0x20041f10
[K[Body] DEBUG: instCount=356200000, PC=0x1003396e, SP=0x20041f10
[K[Body] DEBUG: instCount=356300000, PC=0x100334e8, SP=0x20041ed8
[K[Body] DEBUG: instCount=356400000, PC=0x100335ec, SP=0x20041ee8
[K[Body] DEBUG: instCount=356500000, PC=0x100335e8, SP=0x20041ee8
[K[Body] DEBUG: instCount=356600000, PC=0x100335d0, SP=0x20041ef0
[K[Body] DEBUG: instCount=356700000, PC=0x10033752, SP=0x20041f58
[K[Body] DEBUG: instCount=356800000, PC=0x10032fb8, SP=0x20041f48
[K[Body] DEBUG: instCount=356900000, PC=0x10032fb4, SP=0x20041f48
[K[Body] DEBUG: instCount=357000000, PC=0x10032fb0, SP=0x20041f48
================================================================================
[H================================================================================
                           VIRTUAL CAN NETWORK DASHBOARD                        
================================================================================
Bus Stats | Ticks: 2,810,000 | Sim/Wall: 0.01x | Effective Rate: 6677 bps
--------------------------------------------------------------------------------
[1;36m[GATEWAY][0m Total TX: 0 | Total RX: 0

[1;36m[ENGINE][0m Total TX: 0 | Total RX: 0

[1;36m[CHASSIS][0m Total TX: 0 | Total RX: 0

[1;36m[BODY][0m Total TX: 0 | Total RX: 0

----------------------------------- LOGS ---------------------------------------
[K[Chassis] DEBUG: instCount=358200000, PC=0x20005bdf, SP=0x20041f58
[K[Chassis] DEBUG: instCount=358300000, PC=0x1003320a, SP=0x20041f28
[K[Body] DEBUG: instCount=357100000, PC=0x1002e168, SP=0x20041fa0
[K[Body] DEBUG: instCount=357200000, PC=0x1002de6c, SP=0x20041f38
[K[Body] DEBUG: instCount=357300000, PC=0x1002de68, SP=0x20041f38
[K[Body] DEBUG: instCount=357400000, PC=0x1002de50, SP=0x20041f38
[K[Body] DEBUG: instCount=357500000, PC=0x1002dbde, SP=0x20041f10
[K[Body] DEBUG: instCount=357600000, PC=0x1002e288, SP=0x20041ee0
[K[Body] DEBUG: instCount=357700000, PC=0x1002e284, SP=0x20041ee0
[K[Body] DEBUG: instCount=357800000, PC=0x1002e26e, SP=0x20041ee0
[K[Body] DEBUG: instCount=357900000, PC=0x1002e2c4, SP=0x20041ee0
[K[Body] DEBUG: instCount=358000000, PC=0x100331b8, SP=0x20041f28
[K[Body] DEBUG: instCount=358100000, PC=0x100331b4, SP=0x20041f44
[K[Body] DEBUG: instCount=358200000, PC=0x20005bdf, SP=0x20041f58
[K[Body] DEBUG: instCount=358300000, PC=0x1003320a, SP=0x20041f28
================================================================================
[H================================================================================
                           VIRTUAL CAN NETWORK DASHBOARD                        
================================================================================
Bus Stats | Ticks: 2,820,000 | Sim/Wall: 0.01x | Effective Rate: 6681 bps
--------------------------------------------------------------------------------
[1;36m[GATEWAY][0m Total TX: 0 | Total RX: 0

[1;36m[ENGINE][0m Total TX: 0 | Total RX: 0

[1;36m[CHASSIS][0m Total TX: 0 | Total RX: 0

[1;36m[BODY][0m Total TX: 0 | Total RX: 0

----------------------------------- LOGS ---------------------------------------
[K[Chassis] DEBUG: instCount=359500000, PC=0x10032ff8, SP=0x20041ef0
[K[Chassis] DEBUG: instCount=359600000, PC=0x100332b4, SP=0x20041f28
[K[Body] DEBUG: instCount=358400000, PC=0x100332f8, SP=0x20041f28
[K[Body] DEBUG: instCount=358500000, PC=0x100332f4, SP=0x20041f28
[K[Body] DEBUG: instCount=358600000, PC=0x10033346, SP=0x20041f28
[K[Body] DEBUG: instCount=358700000, PC=0x2642, SP=0x20041f08
[K[Body] DEBUG: instCount=358800000, PC=0x2000062a, SP=0x20041f08
[K[Body] DEBUG: instCount=358900000, PC=0x20000626, SP=0x20041f08
[K[Body] DEBUG: instCount=359000000, PC=0x10033328, SP=0x20041f28
[K[Body] DEBUG: instCount=359100000, PC=0x10032fdc, SP=0x20041ef0
[K[Body] DEBUG: instCount=359200000, PC=0x2632, SP=0x20041ef0
[K[Body] DEBUG: instCount=359300000, PC=0x2636, SP=0x20041ef0
[K[Body] DEBUG: instCount=359400000, PC=0x2632, SP=0x20041ef0
[K[Body] DEBUG: instCount=359500000, PC=0x10032ff8, SP=0x20041ef0
[K[Body] DEBUG: instCount=359600000, PC=0x100332b4, SP=0x20041f28
================================================================================
[H================================================================================
                           VIRTUAL CAN NETWORK DASHBOARD                        
================================================================================
Bus Stats | Ticks: 2,830,000 | Sim/Wall: 0.01x | Effective Rate: 6684 bps
--------------------------------------------------------------------------------
[1;36m[GATEWAY][0m Total TX: 0 | Total RX: 0

[1;36m[ENGINE][0m Total TX: 0 | Total RX: 0

[1;36m[CHASSIS][0m Total TX: 0 | Total RX: 0

[1;36m[BODY][0m Total TX: 0 | Total RX: 0

----------------------------------- LOGS ---------------------------------------
[K[Chassis] DEBUG: instCount=360600000, PC=0x10033752, SP=0x20041f58
[K[Chassis] DEBUG: instCount=360700000, PC=0x2640, SP=0x20041f30
[K[Chassis] DEBUG: instCount=360800000, PC=0x263a, SP=0x20041f30
[K[Body] DEBUG: instCount=359700000, PC=0x100332b8, SP=0x20041f28
[K[Body] DEBUG: instCount=359800000, PC=0x1003321a, SP=0x20041f28
[K[Body] DEBUG: instCount=359900000, PC=0x1002e4b6, SP=0x20041f58
[K[Body] DEBUG: instCount=360000000, PC=0x1002df66, SP=0x20041f68
[K[Body] DEBUG: instCount=360100000, PC=0x1002df6a, SP=0x20041f68
[K[Body] DEBUG: instCount=360200000, PC=0x1002e490, SP=0x20041f28
[K[Body] DEBUG: instCount=360300000, PC=0x1001e8c4, SP=0x20041f98
[K[Body] DEBUG: instCount=360400000, PC=0x10032f8e, SP=0x20041f48
[K[Body] DEBUG: instCount=360500000, PC=0x10032f92, SP=0x20041f48
[K[Body] DEBUG: instCount=360600000, PC=0x10033752, SP=0x20041f58
[K[Body] DEBUG: instCount=360700000, PC=0x2640, SP=0x20041f30
[K[Body] DEBUG: instCount=360800000, PC=0x263a, SP=0x20041f30
================================================================================
[H================================================================================
                           VIRTUAL CAN NETWORK DASHBOARD                        
================================================================================
Bus Stats | Ticks: 2,840,000 | Sim/Wall: 0.01x | Effective Rate: 6690 bps
--------------------------------------------------------------------------------
[1;36m[GATEWAY][0m Total TX: 0 | Total RX: 0

[1;36m[ENGINE][0m Total TX: 0 | Total RX: 0

[1;36m[CHASSIS][0m Total TX: 0 | Total RX: 0

[1;36m[BODY][0m Total TX: 0 | Total RX: 0

----------------------------------- LOGS ---------------------------------------
[K[Chassis] DEBUG: instCount=362000000, PC=0x10032a32, SP=0x20041f00
[K[Chassis] DEBUG: instCount=362100000, PC=0x10032a3e, SP=0x20041f00
[K[Body] DEBUG: instCount=360900000, PC=0x10032fa8, SP=0x20041f48
[K[Body] DEBUG: instCount=361000000, PC=0x2632, SP=0x20041f30
[K[Body] DEBUG: instCount=361100000, PC=0x10033a76, SP=0x20041f58
[K[Body] DEBUG: instCount=361200000, PC=0x10033efa, SP=0x20041f58
[K[Body] DEBUG: instCount=361300000, PC=0x100344b8, SP=0x20041f44
[K[Body] DEBUG: instCount=361400000, PC=0x10033ef2, SP=0x20041f58
[K[Body] DEBUG: instCount=361500000, PC=0x100344e4, SP=0x20041f30
[K[Body] DEBUG: instCount=361600000, PC=0x100348e2, SP=0x20041efc
[K[Body] DEBUG: instCount=361700000, PC=0x20000308, SP=0x20041ee8
[K[Body] DEBUG: instCount=361800000, PC=0x10032a26, SP=0x20041f00
[K[Body] DEBUG: instCount=361900000, PC=0x10031b76, SP=0x20041ee4
[K[Body] DEBUG: instCount=362000000, PC=0x10032a32, SP=0x20041f00
[K[Body] DEBUG: instCount=362100000, PC=0x10032a3e, SP=0x20041f00
================================================================================
[H================================================================================
                           VIRTUAL CAN NETWORK DASHBOARD                        
================================================================================
Bus Stats | Ticks: 2,850,000 | Sim/Wall: 0.01x | Effective Rate: 6697 bps
--------------------------------------------------------------------------------
[1;36m[GATEWAY][0m Total TX: 0 | Total RX: 0

[1;36m[ENGINE][0m Total TX: 0 | Total RX: 0

[1;36m[CHASSIS][0m Total TX: 0 | Total RX: 0

[1;36m[BODY][0m Total TX: 0 | Total RX: 0

----------------------------------- LOGS ---------------------------------------
[K[Chassis] DEBUG: instCount=363300000, PC=0x10029cce, SP=0x20041fa0
[K[Chassis] DEBUG: instCount=363400000, PC=0x10033700, SP=0x20041f58
[K[Body] DEBUG: instCount=362200000, PC=0x200002ba, SP=0x20041ec8
[K[Body] DEBUG: instCount=362300000, PC=0x10032f72, SP=0x20041f18
[K[Body] DEBUG: instCount=362400000, PC=0x10033694, SP=0x20041f00
[K[Body] DEBUG: instCount=362500000, PC=0x1003362c, SP=0x20041ef0
[K[Body] DEBUG: instCount=362600000, PC=0x1003368c, SP=0x20041f08
[K[Body] DEBUG: instCount=362700000, PC=0x10033524, SP=0x20041ed8
[K[Body] DEBUG: instCount=362800000, PC=0x10033462, SP=0x20041f08
[K[Body] DEBUG: instCount=362900000, PC=0x100344f4, SP=0x20041f30
[K[Body] DEBUG: instCount=363000000, PC=0x1003361a, SP=0x20041ee8
[K[Body] DEBUG: instCount=363100000, PC=0x10032f9a, SP=0x20041f48
[K[Body] DEBUG: instCount=363200000, PC=0x10033a6c, SP=0x20041f58
[K[Body] DEBUG: instCount=363300000, PC=0x10029cce, SP=0x20041fa0
[K[Body] DEBUG: instCount=363400000, PC=0x10033700, SP=0x20041f58
================================================================================
[H================================================================================
                           VIRTUAL CAN NETWORK DASHBOARD                        
================================================================================
Bus Stats | Ticks: 2,860,000 | Sim/Wall: 0.01x | Effective Rate: 6704 bps
--------------------------------------------------------------------------------
[1;36m[GATEWAY][0m Total TX: 0 | Total RX: 0

[1;36m[ENGINE][0m Total TX: 0 | Total RX: 0

[1;36m[CHASSIS][0m Total TX: 0 | Total RX: 0

[1;36m[BODY][0m Total TX: 0 | Total RX: 0

----------------------------------- LOGS ---------------------------------------
[K[Chassis] DEBUG: instCount=364600000, PC=0x1002e4a8, SP=0x20041f58
[K[Chassis] DEBUG: instCount=364700000, PC=0x1002e478, SP=0x20041f28
[K[Body] DEBUG: instCount=363500000, PC=0x1002e036, SP=0x20041f80
[K[Body] DEBUG: instCount=363600000, PC=0x1002dba8, SP=0x20041f10
[K[Body] DEBUG: instCount=363700000, PC=0x1002dbb4, SP=0x20041f10
[K[Body] DEBUG: instCount=363800000, PC=0x1002dba0, SP=0x20041f10
[K[Body] DEBUG: instCount=363900000, PC=0x1002dc00, SP=0x20041f10
[K[Body] DEBUG: instCount=364000000, PC=0x1002e2ac, SP=0x20041ee0
[K[Body] DEBUG: instCount=364100000, PC=0x1002e2b8, SP=0x20041ee0
[K[Body] DEBUG: instCount=364200000, PC=0x1002e2a4, SP=0x20041ee0
[K[Body] DEBUG: instCount=364300000, PC=0x1002de86, SP=0x20041f38
[K[Body] DEBUG: instCount=364400000, PC=0x1002e4b0, SP=0x20041f58
[K[Body] DEBUG: instCount=364500000, PC=0x1002e494, SP=0x20041f48
[K[Body] DEBUG: instCount=364600000, PC=0x1002e4a8, SP=0x20041f58
[K[Body] DEBUG: instCount=364700000, PC=0x1002e478, SP=0x20041f28
================================================================================
[H================================================================================
                           VIRTUAL CAN NETWORK DASHBOARD                        
================================================================================
Bus Stats | Ticks: 2,870,000 | Sim/Wall: 0.01x | Effective Rate: 6708 bps
--------------------------------------------------------------------------------
[1;36m[GATEWAY][0m Total TX: 0 | Total RX: 0

[1;36m[ENGINE][0m Total TX: 0 | Total RX: 0

[1;36m[CHASSIS][0m Total TX: 0 | Total RX: 0

[1;36m[BODY][0m Total TX: 0 | Total RX: 0

----------------------------------- LOGS ---------------------------------------
[K[Chassis] DEBUG: instCount=365900000, PC=0x10033348, SP=0x20041f48
[K[Chassis] DEBUG: instCount=366000000, PC=0x1003353c, SP=0x20041f28
[K[Body] DEBUG: instCount=364800000, PC=0x10029ca2, SP=0x20041fa0
[K[Body] DEBUG: instCount=364900000, PC=0x1001e8ca, SP=0x20041f60
[K[Body] DEBUG: instCount=365000000, PC=0x10029c9a, SP=0x20041fa0
[K[Body] DEBUG: instCount=365100000, PC=0x10033744, SP=0x20041f58
[K[Body] DEBUG: instCount=365200000, PC=0x10032b20, SP=0x20041f48
[K[Body] DEBUG: instCount=365300000, PC=0x10032fb8, SP=0x20041f48
[K[Body] DEBUG: instCount=365400000, PC=0x10032b18, SP=0x20041f48
[K[Body] DEBUG: instCount=365500000, PC=0x10018544, SP=0x20041f88
[K[Body] DEBUG: instCount=365600000, PC=0x1003320a, SP=0x20041f48
[K[Body] DEBUG: instCount=365700000, PC=0x100332f2, SP=0x20041f48
[K[Body] DEBUG: instCount=365800000, PC=0x10033344, SP=0x20041f48
[K[Body] DEBUG: instCount=365900000, PC=0x10033348, SP=0x20041f48
[K[Body] DEBUG: instCount=366000000, PC=0x1003353c, SP=0x20041f28
================================================================================
[H================================================================================
                           VIRTUAL CAN NETWORK DASHBOARD                        
================================================================================
Bus Stats | Ticks: 2,880,000 | Sim/Wall: 0.01x | Effective Rate: 6708 bps
--------------------------------------------------------------------------------
[1;36m[GATEWAY][0m Total TX: 0 | Total RX: 0

[1;36m[ENGINE][0m Total TX: 0 | Total RX: 0

[1;36m[CHASSIS][0m Total TX: 0 | Total RX: 0

[1;36m[BODY][0m Total TX: 0 | Total RX: 0

----------------------------------- LOGS ---------------------------------------
[K[Chassis] DEBUG: instCount=367200000, PC=0x1002e052, SP=0x20041f80
[K[Chassis] DEBUG: instCount=367300000, PC=0x1002de42, SP=0x20041f38
[K[Body] DEBUG: instCount=366100000, PC=0x1003355c, SP=0x20041f28
[K[Body] DEBUG: instCount=366200000, PC=0x10033532, SP=0x20041f28
[K[Body] DEBUG: instCount=366300000, PC=0x100336e0, SP=0x20041f38
[K[Body] DEBUG: instCount=366400000, PC=0x20005334, SP=0x20041f24
[K[Body] DEBUG: instCount=366500000, PC=0x10032fd0, SP=0x20041f10
[K[Body] DEBUG: instCount=366600000, PC=0x20000676, SP=0x20041f28
[K[Body] DEBUG: instCount=366700000, PC=0x2648, SP=0x20041f10
[K[Body] DEBUG: instCount=366800000, PC=0x1003301a, SP=0x20041f10
[K[Body] DEBUG: instCount=366900000, PC=0x10032b2c, SP=0x20041f10
[K[Body] DEBUG: instCount=367000000, PC=0x1003301a, SP=0x20041f10
[K[Body] DEBUG: instCount=367100000, PC=0x100335ca, SP=0x20041f48
[K[Body] DEBUG: instCount=367200000, PC=0x1002e052, SP=0x20041f80
[K[Body] DEBUG: instCount=367300000, PC=0x1002de42, SP=0x20041f38
================================================================================
[H================================================================================
                           VIRTUAL CAN NETWORK DASHBOARD                        
================================================================================
Bus Stats | Ticks: 2,890,000 | Sim/Wall: 0.01x | Effective Rate: 6715 bps
--------------------------------------------------------------------------------
[1;36m[GATEWAY][0m Total TX: 0 | Total RX: 0

[1;36m[ENGINE][0m Total TX: 0 | Total RX: 0

[1;36m[CHASSIS][0m Total TX: 0 | Total RX: 0

[1;36m[BODY][0m Total TX: 0 | Total RX: 0

----------------------------------- LOGS ---------------------------------------
[K[Chassis] DEBUG: instCount=368300000, PC=0x1002e4aa, SP=0x20041f58
[K[Chassis] DEBUG: instCount=368400000, PC=0x1002e4a2, SP=0x20041f48
[K[Chassis] DEBUG: instCount=368500000, PC=0x1002e06a, SP=0x20041f80
[K[Body] DEBUG: instCount=367400000, PC=0x1002e052, SP=0x20041f80
[K[Body] DEBUG: instCount=367500000, PC=0x1002dba2, SP=0x20041f10
[K[Body] DEBUG: instCount=367600000, PC=0x1002dc2e, SP=0x20041f10
[K[Body] DEBUG: instCount=367700000, PC=0x1002e16a, SP=0x20041ee0
[K[Body] DEBUG: instCount=367800000, PC=0x1002dc2e, SP=0x20041f10
[K[Body] DEBUG: instCount=367900000, PC=0x1002e2a6, SP=0x20041ee0
[K[Body] DEBUG: instCount=368000000, PC=0x1002deac, SP=0x20041f38
[K[Body] DEBUG: instCount=368100000, PC=0x1002de9a, SP=0x20041f6c
[K[Body] DEBUG: instCount=368200000, PC=0x1002deac, SP=0x20041f38
[K[Body] DEBUG: instCount=368300000, PC=0x1002e4aa, SP=0x20041f58
[K[Body] DEBUG: instCount=368400000, PC=0x1002e4a2, SP=0x20041f48
[K[Body] DEBUG: instCount=368500000, PC=0x1002e06a, SP=0x20041f80
================================================================================
[H================================================================================
                           VIRTUAL CAN NETWORK DASHBOARD                        
================================================================================
Bus Stats | Ticks: 2,900,000 | Sim/Wall: 0.01x | Effective Rate: 6723 bps
--------------------------------------------------------------------------------
[1;36m[GATEWAY][0m Total TX: 0 | Total RX: 0

[1;36m[ENGINE][0m Total TX: 0 | Total RX: 0

[1;36m[CHASSIS][0m Total TX: 0 | Total RX: 0

[1;36m[BODY][0m Total TX: 0 | Total RX: 0

----------------------------------- LOGS ---------------------------------------
[K[Chassis] DEBUG: instCount=369700000, PC=0x100344bc, SP=0x20041f30
[K[Chassis] DEBUG: instCount=369800000, PC=0x10033ef6, SP=0x20041f58
[K[Body] DEBUG: instCount=368600000, PC=0x1002e4a2, SP=0x20041f48
[K[Body] DEBUG: instCount=368700000, PC=0x10029c9c, SP=0x20041fa0
[K[Body] DEBUG: instCount=368800000, PC=0x10033758, SP=0x20041f58
[K[Body] DEBUG: instCount=368900000, PC=0x10032d5a, SP=0x20041f40
[K[Body] DEBUG: instCount=369000000, PC=0x10033758, SP=0x20041f58
[K[Body] DEBUG: instCount=369100000, PC=0x10032b92, SP=0x20041f30
[K[Body] DEBUG: instCount=369200000, PC=0x2636, SP=0x20041f30
[K[Body] DEBUG: instCount=369300000, PC=0x10032fac, SP=0x20041f48
[K[Body] DEBUG: instCount=369400000, PC=0x2636, SP=0x20041f30
[K[Body] DEBUG: instCount=369500000, PC=0x10033706, SP=0x20041f58
[K[Body] DEBUG: instCount=369600000, PC=0x10033732, SP=0x20041f58
[K[Body] DEBUG: instCount=369700000, PC=0x100344bc, SP=0x20041f30
[K[Body] DEBUG: instCount=369800000, PC=0x10033ef6, SP=0x20041f58
================================================================================
[H================================================================================
                           VIRTUAL CAN NETWORK DASHBOARD                        
================================================================================
Bus Stats | Ticks: 2,910,000 | Sim/Wall: 0.01x | Effective Rate: 6729 bps
--------------------------------------------------------------------------------
[1;36m[GATEWAY][0m Total TX: 0 | Total RX: 0

[1;36m[ENGINE][0m Total TX: 0 | Total RX: 0

[1;36m[CHASSIS][0m Total TX: 0 | Total RX: 0

[1;36m[BODY][0m Total TX: 0 | Total RX: 0

----------------------------------- LOGS ---------------------------------------
[K[Chassis] DEBUG: instCount=371000000, PC=0x10033690, SP=0x20041f00
[K[Chassis] DEBUG: instCount=371100000, PC=0x10033518, SP=0x20041ed8
[K[Body] DEBUG: instCount=369900000, PC=0x10032f66, SP=0x20041f30
[K[Body] DEBUG: instCount=370000000, PC=0x10032a22, SP=0x20041f00
[K[Body] DEBUG: instCount=370100000, PC=0x20005300, SP=0x20041ee8
[K[Body] DEBUG: instCount=370200000, PC=0x10032a2a, SP=0x20041f00
[K[Body] DEBUG: instCount=370300000, PC=0x10031b6a, SP=0x20041ee8
[K[Body] DEBUG: instCount=370400000, PC=0x200002b4, SP=0x20041ec8
[K[Body] DEBUG: instCount=370500000, PC=0x10032a42, SP=0x20041f00
[K[Body] DEBUG: instCount=370600000, PC=0x10032a2e, SP=0x20041f00
[K[Body] DEBUG: instCount=370700000, PC=0x10034136, SP=0x20041f20
[K[Body] DEBUG: instCount=370800000, PC=0x1003345a, SP=0x20041f08
[K[Body] DEBUG: instCount=370900000, PC=0x10033630, SP=0x20041ef0
[K[Body] DEBUG: instCount=371000000, PC=0x10033690, SP=0x20041f00
[K[Body] DEBUG: instCount=371100000, PC=0x10033518, SP=0x20041ed8
================================================================================
[H================================================================================
                           VIRTUAL CAN NETWORK DASHBOARD                        
================================================================================
Bus Stats | Ticks: 2,920,000 | Sim/Wall: 0.01x | Effective Rate: 6727 bps
--------------------------------------------------------------------------------
[1;36m[GATEWAY][0m Total TX: 0 | Total RX: 0

[1;36m[ENGINE][0m Total TX: 0 | Total RX: 0

[1;36m[CHASSIS][0m Total TX: 0 | Total RX: 0

[1;36m[BODY][0m Total TX: 0 | Total RX: 0

----------------------------------- LOGS ---------------------------------------
[K[Chassis] DEBUG: instCount=372300000, PC=0x1002dbf4, SP=0x20041f10
[K[Chassis] DEBUG: instCount=372400000, PC=0x1002e2a0, SP=0x20041ee0
[K[Body] DEBUG: instCount=371200000, PC=0x10033616, SP=0x20041ee8
[K[Body] DEBUG: instCount=371300000, PC=0x100344f8, SP=0x20041f30
[K[Body] DEBUG: instCount=371400000, PC=0x1003369e, SP=0x20041f00
[K[Body] DEBUG: instCount=371500000, PC=0x10032d58, SP=0x20041f48
[K[Body] DEBUG: instCount=371600000, PC=0x100336fa, SP=0x20041f58
[K[Body] DEBUG: instCount=371700000, PC=0x10018506, SP=0x20041f88
[K[Body] DEBUG: instCount=371800000, PC=0x10033706, SP=0x20041f58
[K[Body] DEBUG: instCount=371900000, PC=0x10029cdc, SP=0x20041fa0
[K[Body] DEBUG: instCount=372000000, PC=0x1002db9c, SP=0x20041f38
[K[Body] DEBUG: instCount=372100000, PC=0x1002dbb8, SP=0x20041f10
[K[Body] DEBUG: instCount=372200000, PC=0x1002dba4, SP=0x20041f10
[K[Body] DEBUG: instCount=372300000, PC=0x1002dbf4, SP=0x20041f10
[K[Body] DEBUG: instCount=372400000, PC=0x1002e2a0, SP=0x20041ee0
================================================================================
[H================================================================================
                           VIRTUAL CAN NETWORK DASHBOARD                        
================================================================================
Bus Stats | Ticks: 2,930,000 | Sim/Wall: 0.01x | Effective Rate: 6726 bps
--------------------------------------------------------------------------------
[1;36m[GATEWAY][0m Total TX: 0 | Total RX: 0

[1;36m[ENGINE][0m Total TX: 0 | Total RX: 0

[1;36m[CHASSIS][0m Total TX: 0 | Total RX: 0

[1;36m[BODY][0m Total TX: 0 | Total RX: 0

----------------------------------- LOGS ---------------------------------------
[K[Chassis] DEBUG: instCount=373600000, PC=0x200055b4, SP=0x20041f04
[K[Chassis] DEBUG: instCount=373700000, PC=0x20000678, SP=0x20041f08
[K[Body] DEBUG: instCount=372500000, PC=0x1002e2bc, SP=0x20041ee0
[K[Body] DEBUG: instCount=372600000, PC=0x1002e2a8, SP=0x20041ee0
[K[Body] DEBUG: instCount=372700000, PC=0x1002dc4c, SP=0x20041f10
[K[Body] DEBUG: instCount=372800000, PC=0x10033206, SP=0x20041f28
[K[Body] DEBUG: instCount=372900000, PC=0x10033346, SP=0x20041f28
[K[Body] DEBUG: instCount=373000000, PC=0x1003320e, SP=0x20041f28
[K[Body] DEBUG: instCount=373100000, PC=0x10033344, SP=0x20041f28
[K[Body] DEBUG: instCount=373200000, PC=0x1003330e, SP=0x20041f28
[K[Body] DEBUG: instCount=373300000, PC=0x10033534, SP=0x20041f08
[K[Body] DEBUG: instCount=373400000, PC=0x100336a4, SP=0x20041f18
[K[Body] DEBUG: instCount=373500000, PC=0x1003356c, SP=0x20041f08
[K[Body] DEBUG: instCount=373600000, PC=0x200055b4, SP=0x20041f04
[K[Body] DEBUG: instCount=373700000, PC=0x20000678, SP=0x20041f08
================================================================================
[H================================================================================
                           VIRTUAL CAN NETWORK DASHBOARD                        
================================================================================
Bus Stats | Ticks: 2,940,000 | Sim/Wall: 0.01x | Effective Rate: 6733 bps
--------------------------------------------------------------------------------
[1;36m[GATEWAY][0m Total TX: 0 | Total RX: 0

[1;36m[ENGINE][0m Total TX: 0 | Total RX: 0

[1;36m[CHASSIS][0m Total TX: 0 | Total RX: 0

[1;36m[BODY][0m Total TX: 0 | Total RX: 0

----------------------------------- LOGS ---------------------------------------
[K[Chassis] DEBUG: instCount=374700000, PC=0x1002e446, SP=0x20041f28
[K[Chassis] DEBUG: instCount=374800000, PC=0x1002daba, SP=0x20041f74
[K[Chassis] DEBUG: instCount=374900000, PC=0x10029bf4, SP=0x20041fa0
[K[Body] DEBUG: instCount=373800000, PC=0x10033746, SP=0x20041f08
[K[Body] DEBUG: instCount=373900000, PC=0x10033000, SP=0x20041ef0
[K[Body] DEBUG: instCount=374000000, PC=0x2638, SP=0x20041ef0
[K[Body] DEBUG: instCount=374100000, PC=0x1003301c, SP=0x20041ef0
[K[Body] DEBUG: instCount=374200000, PC=0x2638, SP=0x20041ef0
[K[Body] DEBUG: instCount=374300000, PC=0x20005502, SP=0x20041f04
[K[Body] DEBUG: instCount=374400000, PC=0x1002df0e, SP=0x20041f68
[K[Body] DEBUG: instCount=374500000, PC=0x1002df52, SP=0x20041f68
[K[Body] DEBUG: instCount=374600000, PC=0x1002df20, SP=0x20041f68
[K[Body] DEBUG: instCount=374700000, PC=0x1002e446, SP=0x20041f28
[K[Body] DEBUG: instCount=374800000, PC=0x1002daba, SP=0x20041f74
[K[Body] DEBUG: instCount=374900000, PC=0x10029bf4, SP=0x20041fa0
================================================================================
[H================================================================================
                           VIRTUAL CAN NETWORK DASHBOARD                        
================================================================================
Bus Stats | Ticks: 2,950,000 | Sim/Wall: 0.01x | Effective Rate: 6731 bps
--------------------------------------------------------------------------------
[1;36m[GATEWAY][0m Total TX: 0 | Total RX: 0

[1;36m[ENGINE][0m Total TX: 0 | Total RX: 0

[1;36m[CHASSIS][0m Total TX: 0 | Total RX: 0

[1;36m[BODY][0m Total TX: 0 | Total RX: 0

----------------------------------- LOGS ---------------------------------------
[K[Chassis] DEBUG: instCount=376100000, PC=0x1003452c, SP=0x20041f30
[K[Chassis] DEBUG: instCount=376200000, PC=0x1003302e, SP=0x20041f28
[K[Body] DEBUG: instCount=375000000, PC=0x1002daca, SP=0x20041f74
[K[Body] DEBUG: instCount=375100000, PC=0x10029cc4, SP=0x20041fa0
[K[Body] DEBUG: instCount=375200000, PC=0x10032f9e, SP=0x20041f48
[K[Body] DEBUG: instCount=375300000, PC=0x10032b8a, SP=0x20041f30
[K[Body] DEBUG: instCount=375400000, PC=0x10032b62, SP=0x20041f30
[K[Body] DEBUG: instCount=375500000, PC=0x2634, SP=0x20041f30
[K[Body] DEBUG: instCount=375600000, PC=0x10032b16, SP=0x20041f48
[K[Body] DEBUG: instCount=375700000, PC=0x100336fa, SP=0x20041f58
[K[Body] DEBUG: instCount=375800000, PC=0x10032b4c, SP=0x20041f48
[K[Body] DEBUG: instCount=375900000, PC=0x20004d6c, SP=0x20041f50
[K[Body] DEBUG: instCount=376000000, PC=0x100344c2, SP=0x20041f30
[K[Body] DEBUG: instCount=376100000, PC=0x1003452c, SP=0x20041f30
[K[Body] DEBUG: instCount=376200000, PC=0x1003302e, SP=0x20041f28
================================================================================
[H================================================================================
                           VIRTUAL CAN NETWORK DASHBOARD                        
================================================================================
Bus Stats | Ticks: 2,960,000 | Sim/Wall: 0.01x | Effective Rate: 6730 bps
--------------------------------------------------------------------------------
[1;36m[GATEWAY][0m Total TX: 0 | Total RX: 0

[1;36m[ENGINE][0m Total TX: 0 | Total RX: 0

[1;36m[CHASSIS][0m Total TX: 0 | Total RX: 0

[1;36m[BODY][0m Total TX: 0 | Total RX: 0

----------------------------------- LOGS ---------------------------------------
[K[Chassis] DEBUG: instCount=377400000, PC=0x100334e2, SP=0x20041ed8
[K[Chassis] DEBUG: instCount=377500000, PC=0x10033646, SP=0x20041ef0
[K[Body] DEBUG: instCount=376300000, PC=0x10032f74, SP=0x20041f18
[K[Body] DEBUG: instCount=376400000, PC=0x20005306, SP=0x20041ee4
[K[Body] DEBUG: instCount=376500000, PC=0x20005878, SP=0x20041ee8
[K[Body] DEBUG: instCount=376600000, PC=0x20000312, SP=0x20041ee8
[K[Body] DEBUG: instCount=376700000, PC=0x10031b8c, SP=0x20041ee8
[K[Body] DEBUG: instCount=376800000, PC=0x10032a48, SP=0x20041f00
[K[Body] DEBUG: instCount=376900000, PC=0x2000036a, SP=0x20041f00
[K[Body] DEBUG: instCount=377000000, PC=0x20000350, SP=0x20041f00
[K[Body] DEBUG: instCount=377100000, PC=0x10034144, SP=0x20041f20
[K[Body] DEBUG: instCount=377200000, PC=0x100334c8, SP=0x20041ef0
[K[Body] DEBUG: instCount=377300000, PC=0x100334f6, SP=0x20041ed8
[K[Body] DEBUG: instCount=377400000, PC=0x100334e2, SP=0x20041ed8
[K[Body] DEBUG: instCount=377500000, PC=0x10033646, SP=0x20041ef0
================================================================================
[H================================================================================
                           VIRTUAL CAN NETWORK DASHBOARD                        
================================================================================
Bus Stats | Ticks: 2,970,000 | Sim/Wall: 0.01x | Effective Rate: 6734 bps
--------------------------------------------------------------------------------
[1;36m[GATEWAY][0m Total TX: 0 | Total RX: 0

[1;36m[ENGINE][0m Total TX: 0 | Total RX: 0

[1;36m[CHASSIS][0m Total TX: 0 | Total RX: 0

[1;36m[BODY][0m Total TX: 0 | Total RX: 0

----------------------------------- LOGS ---------------------------------------
[K[Chassis] DEBUG: instCount=378700000, PC=0x1002e260, SP=0x20041f10
[K[Chassis] DEBUG: instCount=378800000, PC=0x1002e16a, SP=0x20041ee0
[K[Body] DEBUG: instCount=377600000, PC=0x100344fe, SP=0x20041f44
[K[Body] DEBUG: instCount=377700000, PC=0x10032f8c, SP=0x20041f48
[K[Body] DEBUG: instCount=377800000, PC=0x1003374c, SP=0x20041f58
[K[Body] DEBUG: instCount=377900000, PC=0x10032b64, SP=0x20041f30
[K[Body] DEBUG: instCount=378000000, PC=0x1001850c, SP=0x20041f88
[K[Body] DEBUG: instCount=378100000, PC=0x1002e176, SP=0x20041fa0
[K[Body] DEBUG: instCount=378200000, PC=0x1001854a, SP=0x20041f88
[K[Body] DEBUG: instCount=378300000, PC=0x1002e058, SP=0x20041f80
[K[Body] DEBUG: instCount=378400000, PC=0x1002dbbe, SP=0x20041f10
[K[Body] DEBUG: instCount=378500000, PC=0x1002dbec, SP=0x20041f10
[K[Body] DEBUG: instCount=378600000, PC=0x1002dbd8, SP=0x20041f10
[K[Body] DEBUG: instCount=378700000, PC=0x1002e260, SP=0x20041f10
[K[Body] DEBUG: instCount=378800000, PC=0x1002e16a, SP=0x20041ee0
================================================================================
[H================================================================================
                           VIRTUAL CAN NETWORK DASHBOARD                        
================================================================================
Bus Stats | Ticks: 2,980,000 | Sim/Wall: 0.01x | Effective Rate: 6742 bps
--------------------------------------------------------------------------------
[1;36m[GATEWAY][0m Total TX: 0 | Total RX: 0

[1;36m[ENGINE][0m Total TX: 0 | Total RX: 0

[1;36m[CHASSIS][0m Total TX: 0 | Total RX: 0

[1;36m[BODY][0m Total TX: 0 | Total RX: 0

----------------------------------- LOGS ---------------------------------------
[K[Chassis] DEBUG: instCount=380000000, PC=0x10032fbc, SP=0x20041f48
[K[Chassis] DEBUG: instCount=380100000, PC=0x1001850a, SP=0x20041f88
[K[Body] DEBUG: instCount=378900000, PC=0x1002dc36, SP=0x20041f10
[K[Body] DEBUG: instCount=379000000, PC=0x1002e2e2, SP=0x20041ee0
[K[Body] DEBUG: instCount=379100000, PC=0x1002deb4, SP=0x20041f38
[K[Body] DEBUG: instCount=379200000, PC=0x1002e440, SP=0x20041f48
[K[Body] DEBUG: instCount=379300000, PC=0x1002e462, SP=0x20041f28
[K[Body] DEBUG: instCount=379400000, PC=0x1002e3fa, SP=0x20041f18
[K[Body] DEBUG: instCount=379500000, PC=0x1002e4be, SP=0x20041f58
[K[Body] DEBUG: instCount=379600000, PC=0x10029ca6, SP=0x20041fa0
[K[Body] DEBUG: instCount=379700000, PC=0x10032a08, SP=0x20041f50
[K[Body] DEBUG: instCount=379800000, PC=0x10033a40, SP=0x20041f58
[K[Body] DEBUG: instCount=379900000, PC=0x10033a5e, SP=0x20041f58
[K[Body] DEBUG: instCount=380000000, PC=0x10032fbc, SP=0x20041f48
[K[Body] DEBUG: instCount=380100000, PC=0x1001850a, SP=0x20041f88
================================================================================
[H================================================================================
                           VIRTUAL CAN NETWORK DASHBOARD                        
================================================================================
Bus Stats | Ticks: 2,990,000 | Sim/Wall: 0.01x | Effective Rate: 6742 bps
--------------------------------------------------------------------------------
[1;36m[GATEWAY][0m Total TX: 0 | Total RX: 0

[1;36m[ENGINE][0m Total TX: 0 | Total RX: 0

[1;36m[CHASSIS][0m Total TX: 0 | Total RX: 0

[1;36m[BODY][0m Total TX: 0 | Total RX: 0

----------------------------------- LOGS ---------------------------------------
[K[Chassis] DEBUG: instCount=381100000, PC=0x10033322, SP=0x20041f48
[K[Chassis] DEBUG: instCount=381200000, PC=0x10032d66, SP=0x20041f08
[K[Chassis] DEBUG: instCount=381300000, PC=0x100329ce, SP=0x20041f10
[K[Body] DEBUG: instCount=380200000, PC=0x10033a6c, SP=0x20041f58
[K[Body] DEBUG: instCount=380300000, PC=0x1002e172, SP=0x20041fa0
[K[Body] DEBUG: instCount=380400000, PC=0x10033344, SP=0x20041f48
[K[Body] DEBUG: instCount=380500000, PC=0x10033210, SP=0x20041f48
[K[Body] DEBUG: instCount=380600000, PC=0x1003333e, SP=0x20041f48
[K[Body] DEBUG: instCount=380700000, PC=0x10033340, SP=0x20041f48
[K[Body] DEBUG: instCount=380800000, PC=0x100329cc, SP=0x20041f28
[K[Body] DEBUG: instCount=380900000, PC=0x10033550, SP=0x20041f28
[K[Body] DEBUG: instCount=381000000, PC=0x26ce, SP=0x20041f28
[K[Body] DEBUG: instCount=381100000, PC=0x10033322, SP=0x20041f48
[K[Body] DEBUG: instCount=381200000, PC=0x10032d66, SP=0x20041f08
[K[Body] DEBUG: instCount=381300000, PC=0x100329ce, SP=0x20041f10
================================================================================
[H================================================================================
                           VIRTUAL CAN NETWORK DASHBOARD                        
================================================================================
Bus Stats | Ticks: 3,000,000 | Sim/Wall: 0.01x | Effective Rate: 6744 bps
--------------------------------------------------------------------------------
[1;36m[GATEWAY][0m Total TX: 0 | Total RX: 0

[1;36m[ENGINE][0m Total TX: 0 | Total RX: 0

[1;36m[CHASSIS][0m Total TX: 0 | Total RX: 0

[1;36m[BODY][0m Total TX: 0 | Total RX: 0

----------------------------------- LOGS ---------------------------------------
[K[Chassis] DEBUG: instCount=382500000, PC=0x1002e29a, SP=0x20041ee0
[K[Chassis] DEBUG: instCount=382600000, PC=0x1002e284, SP=0x20041ee0
[K[Body] DEBUG: instCount=381400000, PC=0x10033028, SP=0x20041f10
[K[Body] DEBUG: instCount=381500000, PC=0x2634, SP=0x20041f10
[K[Body] DEBUG: instCount=381600000, PC=0x10033020, SP=0x20041f10
[K[Body] DEBUG: instCount=381700000, PC=0x20000688, SP=0x20041f28
[K[Body] DEBUG: instCount=381800000, PC=0x20005504, SP=0x20041f24
[K[Body] DEBUG: instCount=381900000, PC=0x10033348, SP=0x20041f48
[K[Body] DEBUG: instCount=382000000, PC=0x1002de44, SP=0x20041f38
[K[Body] DEBUG: instCount=382100000, PC=0x1002de7c, SP=0x20041f38
[K[Body] DEBUG: instCount=382200000, PC=0x1002de68, SP=0x20041f38
[K[Body] DEBUG: instCount=382300000, PC=0x1002dbb8, SP=0x20041f10
[K[Body] DEBUG: instCount=382400000, PC=0x1002e16c, SP=0x20041ee0
[K[Body] DEBUG: instCount=382500000, PC=0x1002e29a, SP=0x20041ee0
[K[Body] DEBUG: instCount=382600000, PC=0x1002e284, SP=0x20041ee0
================================================================================
[H================================================================================
                           VIRTUAL CAN NETWORK DASHBOARD                        
================================================================================
Bus Stats | Ticks: 3,010,000 | Sim/Wall: 0.01x | Effective Rate: 6744 bps
--------------------------------------------------------------------------------
[1;36m[GATEWAY][0m Total TX: 0 | Total RX: 0

[1;36m[ENGINE][0m Total TX: 0 | Total RX: 0

[1;36m[CHASSIS][0m Total TX: 0 | Total RX: 0

[1;36m[BODY][0m Total TX: 0 | Total RX: 0

----------------------------------- LOGS ---------------------------------------
[K[Chassis] DEBUG: instCount=383800000, PC=0x10032b66, SP=0x20041f30
[K[Chassis] DEBUG: instCount=383900000, PC=0x264a, SP=0x20041f30
[K[Body] DEBUG: instCount=382700000, PC=0x1002e2bc, SP=0x20041ee0
[K[Body] DEBUG: instCount=382800000, PC=0x1002e05e, SP=0x20041f80
[K[Body] DEBUG: instCount=382900000, PC=0x1002df56, SP=0x20041f68
[K[Body] DEBUG: instCount=383000000, PC=0x1002df26, SP=0x20041f68
[K[Body] DEBUG: instCount=383100000, PC=0x1002e498, SP=0x20041f48
[K[Body] DEBUG: instCount=383200000, PC=0x1002e03e, SP=0x20041f80
[K[Body] DEBUG: instCount=383300000, PC=0x10029bf8, SP=0x20041f90
[K[Body] DEBUG: instCount=383400000, PC=0x1002dace, SP=0x20041f74
[K[Body] DEBUG: instCount=383500000, PC=0x1001e8ce, SP=0x20041f60
[K[Body] DEBUG: instCount=383600000, PC=0x10032d5c, SP=0x20041f40
[K[Body] DEBUG: instCount=383700000, PC=0x10032b8e, SP=0x20041f30
[K[Body] DEBUG: instCount=383800000, PC=0x10032b66, SP=0x20041f30
[K[Body] DEBUG: instCount=383900000, PC=0x264a, SP=0x20041f30
================================================================================
[H================================================================================
                           VIRTUAL CAN NETWORK DASHBOARD                        
================================================================================
Bus Stats | Ticks: 3,020,000 | Sim/Wall: 0.01x | Effective Rate: 6750 bps
--------------------------------------------------------------------------------
[1;36m[GATEWAY][0m Total TX: 0 | Total RX: 0

[1;36m[ENGINE][0m Total TX: 0 | Total RX: 0

[1;36m[CHASSIS][0m Total TX: 0 | Total RX: 0

[1;36m[BODY][0m Total TX: 0 | Total RX: 0

----------------------------------- LOGS ---------------------------------------
[K[Chassis] DEBUG: instCount=385100000, PC=0x10031b80, SP=0x20041ee4
[K[Chassis] DEBUG: instCount=385200000, PC=0x10032a3c, SP=0x20041f00
[K[Body] DEBUG: instCount=384000000, PC=0x10032fa6, SP=0x20041f48
[K[Body] DEBUG: instCount=384100000, PC=0x10033700, SP=0x20041f58
[K[Body] DEBUG: instCount=384200000, PC=0x10032b50, SP=0x20041f40
[K[Body] DEBUG: instCount=384300000, PC=0x10034926, SP=0x20041f54
[K[Body] DEBUG: instCount=384400000, PC=0x100344b6, SP=0x20041f44
[K[Body] DEBUG: instCount=384500000, PC=0x10032f62, SP=0x20041f30
[K[Body] DEBUG: instCount=384600000, PC=0x1003303a, SP=0x20041f28
[K[Body] DEBUG: instCount=384700000, PC=0x10034122, SP=0x20041f20
[K[Body] DEBUG: instCount=384800000, PC=0x20000306, SP=0x20041ee8
[K[Body] DEBUG: instCount=384900000, PC=0x10031b66, SP=0x20041ee8
[K[Body] DEBUG: instCount=385000000, PC=0x20000316, SP=0x20041ee8
[K[Body] DEBUG: instCount=385100000, PC=0x10031b80, SP=0x20041ee4
[K[Body] DEBUG: instCount=385200000, PC=0x10032a3c, SP=0x20041f00
================================================================================
[H================================================================================
                           VIRTUAL CAN NETWORK DASHBOARD                        
================================================================================
Bus Stats | Ticks: 3,030,000 | Sim/Wall: 0.01x | Effective Rate: 6754 bps
--------------------------------------------------------------------------------
[1;36m[GATEWAY][0m Total TX: 0 | Total RX: 0

[1;36m[ENGINE][0m Total TX: 0 | Total RX: 0

[1;36m[CHASSIS][0m Total TX: 0 | Total RX: 0

[1;36m[BODY][0m Total TX: 0 | Total RX: 0

----------------------------------- LOGS ---------------------------------------
[K[Chassis] DEBUG: instCount=386400000, PC=0x10029ccc, SP=0x20041fa0
[K[Chassis] DEBUG: instCount=386500000, PC=0x10029cd8, SP=0x20041fa0
[K[Body] DEBUG: instCount=385300000, PC=0x10032a50, SP=0x20041f00
[K[Body] DEBUG: instCount=385400000, PC=0x20000356, SP=0x20041f00
[K[Body] DEBUG: instCount=385500000, PC=0x10032f7c, SP=0x20041f18
[K[Body] DEBUG: instCount=385600000, PC=0x1003362a, SP=0x20041f00
[K[Body] DEBUG: instCount=385700000, PC=0x100334fa, SP=0x20041ed8
[K[Body] DEBUG: instCount=385800000, PC=0x100334e6, SP=0x20041ed8
[K[Body] DEBUG: instCount=385900000, PC=0x1003363a, SP=0x20041ef0
[K[Body] DEBUG: instCount=386000000, PC=0x100344ea, SP=0x20041f30
[K[Body] DEBUG: instCount=386100000, PC=0x10032f90, SP=0x20041f48
[K[Body] DEBUG: instCount=386200000, PC=0x10033750, SP=0x20041f58
[K[Body] DEBUG: instCount=386300000, PC=0x10032b58, SP=0x20041f48
[K[Body] DEBUG: instCount=386400000, PC=0x10029ccc, SP=0x20041fa0
[K[Body] DEBUG: instCount=386500000, PC=0x10029cd8, SP=0x20041fa0
================================================================================
[H================================================================================
                           VIRTUAL CAN NETWORK DASHBOARD                        
================================================================================
Bus Stats | Ticks: 3,040,000 | Sim/Wall: 0.01x | Effective Rate: 6748 bps
--------------------------------------------------------------------------------
[1;36m[GATEWAY][0m Total TX: 0 | Total RX: 0

[1;36m[ENGINE][0m Total TX: 0 | Total RX: 0

[1;36m[CHASSIS][0m Total TX: 0 | Total RX: 0

[1;36m[BODY][0m Total TX: 0 | Total RX: 0

----------------------------------- LOGS ---------------------------------------
[K[Chassis] DEBUG: instCount=387500000, PC=0x1002dea4, SP=0x20041f38
[K[Chassis] DEBUG: instCount=387600000, PC=0x10033340, SP=0x20041f28
[K[Chassis] DEBUG: instCount=387700000, PC=0x10033340, SP=0x20041f28
[K[Body] DEBUG: instCount=386600000, PC=0x10029cd2, SP=0x20041fa0
[K[Body] DEBUG: instCount=386700000, PC=0x1002e04c, SP=0x20041f80
[K[Body] DEBUG: instCount=386800000, PC=0x1002dbb2, SP=0x20041f10
[K[Body] DEBUG: instCount=386900000, PC=0x1002dbf0, SP=0x20041f10
[K[Body] DEBUG: instCount=387000000, PC=0x1002dbdc, SP=0x20041f10
[K[Body] DEBUG: instCount=387100000, PC=0x1002dc0a, SP=0x20041f10
[K[Body] DEBUG: instCount=387200000, PC=0x1002e2b6, SP=0x20041ee0
[K[Body] DEBUG: instCount=387300000, PC=0x1002dc48, SP=0x20041f10
[K[Body] DEBUG: instCount=387400000, PC=0x1002e2c0, SP=0x20041ee0
[K[Body] DEBUG: instCount=387500000, PC=0x1002dea4, SP=0x20041f38
[K[Body] DEBUG: instCount=387600000, PC=0x10033340, SP=0x20041f28
[K[Body] DEBUG: instCount=387700000, PC=0x10033340, SP=0x20041f28
================================================================================
[H================================================================================
                           VIRTUAL CAN NETWORK DASHBOARD                        
================================================================================
Bus Stats | Ticks: 3,050,000 | Sim/Wall: 0.01x | Effective Rate: 6753 bps
--------------------------------------------------------------------------------
[1;36m[GATEWAY][0m Total TX: 0 | Total RX: 0

[1;36m[ENGINE][0m Total TX: 0 | Total RX: 0

[1;36m[CHASSIS][0m Total TX: 0 | Total RX: 0

[1;36m[BODY][0m Total TX: 0 | Total RX: 0

----------------------------------- LOGS ---------------------------------------
[K[Chassis] DEBUG: instCount=388900000, PC=0x20005506, SP=0x20041f04
[K[Chassis] DEBUG: instCount=389000000, PC=0x10032b50, SP=0x20041ee8
[K[Body] DEBUG: instCount=387800000, PC=0x10033208, SP=0x20041f28
[K[Body] DEBUG: instCount=387900000, PC=0x100332f4, SP=0x20041f28
[K[Body] DEBUG: instCount=388000000, PC=0x1003352e, SP=0x20041f18
[K[Body] DEBUG: instCount=388100000, PC=0x10033568, SP=0x20041f08
[K[Body] DEBUG: instCount=388200000, PC=0x2640, SP=0x20041f08
[K[Body] DEBUG: instCount=388300000, PC=0x10033558, SP=0x20041f08
[K[Body] DEBUG: instCount=388400000, PC=0x10033758, SP=0x20041f08
[K[Body] DEBUG: instCount=388500000, PC=0x10033004, SP=0x20041ef0
[K[Body] DEBUG: instCount=388600000, PC=0x10032fda, SP=0x20041ef0
[K[Body] DEBUG: instCount=388700000, PC=0x100329ce, SP=0x20041ef0
[K[Body] DEBUG: instCount=388800000, PC=0x2636, SP=0x20041ef0
[K[Body] DEBUG: instCount=388900000, PC=0x20005506, SP=0x20041f04
[K[Body] DEBUG: instCount=389000000, PC=0x10032b50, SP=0x20041ee8
================================================================================
[H================================================================================
                           VIRTUAL CAN NETWORK DASHBOARD                        
================================================================================
Bus Stats | Ticks: 3,060,000 | Sim/Wall: 0.01x | Effective Rate: 6756 bps
--------------------------------------------------------------------------------
[1;36m[GATEWAY][0m Total TX: 0 | Total RX: 0

[1;36m[ENGINE][0m Total TX: 0 | Total RX: 0

[1;36m[CHASSIS][0m Total TX: 0 | Total RX: 0

[1;36m[BODY][0m Total TX: 0 | Total RX: 0

----------------------------------- LOGS ---------------------------------------
[K[Chassis] DEBUG: instCount=390200000, PC=0x2634, SP=0x20041f30
[K[Chassis] DEBUG: instCount=390300000, PC=0x2632, SP=0x20041f30
[K[Body] DEBUG: instCount=389100000, PC=0x20000688, SP=0x20041f08
[K[Body] DEBUG: instCount=389200000, PC=0x1002df28, SP=0x20041f68
[K[Body] DEBUG: instCount=389300000, PC=0x1002e44a, SP=0x20041f28
[K[Body] DEBUG: instCount=389400000, PC=0x1002e494, SP=0x20041f48
[K[Body] DEBUG: instCount=389500000, PC=0x1002e3fe, SP=0x20041f18
[K[Body] DEBUG: instCount=389600000, PC=0x1002dad0, SP=0x20041f74
[K[Body] DEBUG: instCount=389700000, PC=0x10029cc8, SP=0x20041fa0
[K[Body] DEBUG: instCount=389800000, PC=0x1001e8ca, SP=0x20041f60
[K[Body] DEBUG: instCount=389900000, PC=0x10032a04, SP=0x20041f50
[K[Body] DEBUG: instCount=390000000, PC=0x10032b68, SP=0x20041f30
[K[Body] DEBUG: instCount=390100000, PC=0x2638, SP=0x20041f30
[K[Body] DEBUG: instCount=390200000, PC=0x2634, SP=0x20041f30
[K[Body] DEBUG: instCount=390300000, PC=0x2632, SP=0x20041f30
================================================================================
[H================================================================================
                           VIRTUAL CAN NETWORK DASHBOARD                        
================================================================================
Bus Stats | Ticks: 3,070,000 | Sim/Wall: 0.01x | Effective Rate: 6758 bps
--------------------------------------------------------------------------------
[1;36m[GATEWAY][0m Total TX: 0 | Total RX: 0

[1;36m[ENGINE][0m Total TX: 0 | Total RX: 0

[1;36m[CHASSIS][0m Total TX: 0 | Total RX: 0

[1;36m[BODY][0m Total TX: 0 | Total RX: 0

----------------------------------- LOGS ---------------------------------------
[K[Chassis] DEBUG: instCount=391500000, PC=0x2000032c, SP=0x20041ee8
[K[Chassis] DEBUG: instCount=391600000, PC=0x2000034e, SP=0x20041f00
[K[Body] DEBUG: instCount=390400000, PC=0x10032fb8, SP=0x20041f48
[K[Body] DEBUG: instCount=390500000, PC=0x10033eb6, SP=0x20041f58
[K[Body] DEBUG: instCount=390600000, PC=0x20004d64, SP=0x20041f58
[K[Body] DEBUG: instCount=390700000, PC=0x10033ec0, SP=0x20041f58
[K[Body] DEBUG: instCount=390800000, PC=0x1003302c, SP=0x20041f28
[K[Body] DEBUG: instCount=390900000, PC=0x10032f86, SP=0x20041f18
[K[Body] DEBUG: instCount=391000000, PC=0x10034126, SP=0x20041f20
[K[Body] DEBUG: instCount=391100000, PC=0x10034130, SP=0x20041f20
[K[Body] DEBUG: instCount=391200000, PC=0x20000310, SP=0x20041ee8
[K[Body] DEBUG: instCount=391300000, PC=0x20000322, SP=0x20041ee8
[K[Body] DEBUG: instCount=391400000, PC=0x10031b84, SP=0x20041ee4
[K[Body] DEBUG: instCount=391500000, PC=0x2000032c, SP=0x20041ee8
[K[Body] DEBUG: instCount=391600000, PC=0x2000034e, SP=0x20041f00
================================================================================
[H================================================================================
                           VIRTUAL CAN NETWORK DASHBOARD                        
================================================================================
Bus Stats | Ticks: 3,080,000 | Sim/Wall: 0.01x | Effective Rate: 6756 bps
--------------------------------------------------------------------------------
[1;36m[GATEWAY][0m Total TX: 0 | Total RX: 0

[1;36m[ENGINE][0m Total TX: 0 | Total RX: 0

[1;36m[CHASSIS][0m Total TX: 0 | Total RX: 0

[1;36m[BODY][0m Total TX: 0 | Total RX: 0

----------------------------------- LOGS ---------------------------------------
[K[Chassis] DEBUG: instCount=392800000, PC=0x10018548, SP=0x20041f88
[K[Chassis] DEBUG: instCount=392900000, PC=0x1002de40, SP=0x20041f38
[K[Body] DEBUG: instCount=391700000, PC=0x10034150, SP=0x20041f20
[K[Body] DEBUG: instCount=391800000, PC=0x10032f86, SP=0x20041f18
[K[Body] DEBUG: instCount=391900000, PC=0x10033968, SP=0x20041f10
[K[Body] DEBUG: instCount=392000000, PC=0x100334e0, SP=0x20041ed8
[K[Body] DEBUG: instCount=392100000, PC=0x1003367c, SP=0x20041ef0
[K[Body] DEBUG: instCount=392200000, PC=0x1003363e, SP=0x20041ef0
[K[Body] DEBUG: instCount=392300000, PC=0x1003366a, SP=0x20041ef0
[K[Body] DEBUG: instCount=392400000, PC=0x1003374a, SP=0x20041f58
[K[Body] DEBUG: instCount=392500000, PC=0x10032b7e, SP=0x20041f30
[K[Body] DEBUG: instCount=392600000, PC=0x10032b5c, SP=0x20041f30
[K[Body] DEBUG: instCount=392700000, PC=0x10032faa, SP=0x20041f48
[K[Body] DEBUG: instCount=392800000, PC=0x10018548, SP=0x20041f88
[K[Body] DEBUG: instCount=392900000, PC=0x1002de40, SP=0x20041f38
================================================================================
[H================================================================================
                           VIRTUAL CAN NETWORK DASHBOARD                        
================================================================================
Bus Stats | Ticks: 3,090,000 | Sim/Wall: 0.01x | Effective Rate: 6762 bps
--------------------------------------------------------------------------------
[1;36m[GATEWAY][0m Total TX: 0 | Total RX: 0

[1;36m[ENGINE][0m Total TX: 0 | Total RX: 0

[1;36m[CHASSIS][0m Total TX: 0 | Total RX: 0

[1;36m[BODY][0m Total TX: 0 | Total RX: 0

----------------------------------- LOGS ---------------------------------------
[K[Chassis] DEBUG: instCount=394000000, PC=0x1002e3f8, SP=0x20041f28
[K[Chassis] DEBUG: instCount=394100000, PC=0x1002df6e, SP=0x20041f68
[K[Chassis] DEBUG: instCount=394200000, PC=0x1002e4a0, SP=0x20041f48
[K[Body] DEBUG: instCount=393000000, PC=0x1002e050, SP=0x20041f80
[K[Body] DEBUG: instCount=393100000, PC=0x1002de4a, SP=0x20041f38
[K[Body] DEBUG: instCount=393200000, PC=0x1002dbd6, SP=0x20041f10
[K[Body] DEBUG: instCount=393300000, PC=0x1002e168, SP=0x20041ee0
[K[Body] DEBUG: instCount=393400000, PC=0x1002dc2c, SP=0x20041f10
[K[Body] DEBUG: instCount=393500000, PC=0x1002e172, SP=0x20041ee0
[K[Body] DEBUG: instCount=393600000, PC=0x1002e2e0, SP=0x20041ee0
[K[Body] DEBUG: instCount=393700000, PC=0x1002de98, SP=0x20041f38
[K[Body] DEBUG: instCount=393800000, PC=0x1002deaa, SP=0x20041f38
[K[Body] DEBUG: instCount=393900000, PC=0x1002e064, SP=0x20041f80
[K[Body] DEBUG: instCount=394000000, PC=0x1002e3f8, SP=0x20041f28
[K[Body] DEBUG: instCount=394100000, PC=0x1002df6e, SP=0x20041f68
================================================================================
[H================================================================================
                           VIRTUAL CAN NETWORK DASHBOARD                        
================================================================================
Bus Stats | Ticks: 3,100,000 | Sim/Wall: 0.01x | Effective Rate: 6765 bps
--------------------------------------------------------------------------------
[1;36m[GATEWAY][0m Total TX: 0 | Total RX: 0

[1;36m[ENGINE][0m Total TX: 0 | Total RX: 0

[1;36m[CHASSIS][0m Total TX: 0 | Total RX: 0

[1;36m[BODY][0m Total TX: 0 | Total RX: 0

----------------------------------- LOGS ---------------------------------------
[K[Chassis] DEBUG: instCount=395300000, PC=0x1003320a, SP=0x20041f48
[K[Chassis] DEBUG: instCount=395400000, PC=0x100332f0, SP=0x20041f48
[K[Body] DEBUG: instCount=394200000, PC=0x1002e4a0, SP=0x20041f48
[K[Body] DEBUG: instCount=394300000, PC=0x1002dab4, SP=0x20041f80
[K[Body] DEBUG: instCount=394400000, PC=0x10033a3e, SP=0x20041f84
[K[Body] DEBUG: instCount=394500000, PC=0x10032d58, SP=0x20041f48
[K[Body] DEBUG: instCount=394600000, PC=0x10033756, SP=0x20041f58
[K[Body] DEBUG: instCount=394700000, PC=0x10032f98, SP=0x20041f48
[K[Body] DEBUG: instCount=394800000, PC=0x10033a6a, SP=0x20041f58
[K[Body] DEBUG: instCount=394900000, PC=0x20005be5, SP=0x20041f78
[K[Body] DEBUG: instCount=395000000, PC=0x1002e16a, SP=0x20041fa0
[K[Body] DEBUG: instCount=395100000, PC=0x100331b0, SP=0x20041f64
[K[Body] DEBUG: instCount=395200000, PC=0x100332f4, SP=0x20041f48
[K[Body] DEBUG: instCount=395300000, PC=0x1003320a, SP=0x20041f48
[K[Body] DEBUG: instCount=395400000, PC=0x100332f0, SP=0x20041f48
================================================================================
[H================================================================================
                           VIRTUAL CAN NETWORK DASHBOARD                        
================================================================================
Bus Stats | Ticks: 3,110,000 | Sim/Wall: 0.01x | Effective Rate: 6767 bps
--------------------------------------------------------------------------------
[1;36m[GATEWAY][0m Total TX: 0 | Total RX: 0

[1;36m[ENGINE][0m Total TX: 0 | Total RX: 0

[1;36m[CHASSIS][0m Total TX: 0 | Total RX: 0

[1;36m[BODY][0m Total TX: 0 | Total RX: 0

----------------------------------- LOGS ---------------------------------------
[K[Chassis] DEBUG: instCount=396600000, PC=0x10033348, SP=0x20041f48
[K[Chassis] DEBUG: instCount=396700000, PC=0x10033286, SP=0x20041f48
[K[Body] DEBUG: instCount=395500000, PC=0x100332f0, SP=0x20041f48
[K[Body] DEBUG: instCount=395600000, PC=0x26cc, SP=0x20041f28
[K[Body] DEBUG: instCount=395700000, PC=0x1003332e, SP=0x20041f48
[K[Body] DEBUG: instCount=395800000, PC=0x1003331a, SP=0x20041f48
[K[Body] DEBUG: instCount=395900000, PC=0x10034908, SP=0x20041f48
[K[Body] DEBUG: instCount=396000000, PC=0x10033026, SP=0x20041f10
[K[Body] DEBUG: instCount=396100000, PC=0x2638, SP=0x20041f10
[K[Body] DEBUG: instCount=396200000, PC=0x2634, SP=0x20041f10
[K[Body] DEBUG: instCount=396300000, PC=0x2632, SP=0x20041f10
[K[Body] DEBUG: instCount=396400000, PC=0x2000067c, SP=0x20041f28
[K[Body] DEBUG: instCount=396500000, PC=0x10033284, SP=0x20041f48
[K[Body] DEBUG: instCount=396600000, PC=0x10033348, SP=0x20041f48
[K[Body] DEBUG: instCount=396700000, PC=0x10033286, SP=0x20041f48
================================================================================
[H================================================================================
                           VIRTUAL CAN NETWORK DASHBOARD                        
================================================================================
Bus Stats | Ticks: 3,120,000 | Sim/Wall: 0.01x | Effective Rate: 6770 bps
--------------------------------------------------------------------------------
[1;36m[GATEWAY][0m Total TX: 0 | Total RX: 0

[1;36m[ENGINE][0m Total TX: 0 | Total RX: 0

[1;36m[CHASSIS][0m Total TX: 0 | Total RX: 0

[1;36m[BODY][0m Total TX: 0 | Total RX: 0

----------------------------------- LOGS ---------------------------------------
[K[Chassis] DEBUG: instCount=397900000, PC=0x1002e450, SP=0x20041f28
[K[Chassis] DEBUG: instCount=398000000, PC=0x1002dac4, SP=0x20041f74
[K[Body] DEBUG: instCount=396800000, PC=0x1002de5c, SP=0x20041f38
[K[Body] DEBUG: instCount=396900000, PC=0x1002dbcc, SP=0x20041f10
[K[Body] DEBUG: instCount=397000000, PC=0x1002dbb8, SP=0x20041f10
[K[Body] DEBUG: instCount=397100000, PC=0x1002dbd0, SP=0x20041f10
[K[Body] DEBUG: instCount=397200000, PC=0x1002e278, SP=0x20041ee0
[K[Body] DEBUG: instCount=397300000, PC=0x1002e2d8, SP=0x20041ee0
[K[Body] DEBUG: instCount=397400000, PC=0x1002e2bc, SP=0x20041ee0
[K[Body] DEBUG: instCount=397500000, PC=0x1002e2da, SP=0x20041ee0
[K[Body] DEBUG: instCount=397600000, PC=0x1002df1a, SP=0x20041f68
[K[Body] DEBUG: instCount=397700000, PC=0x1002e44e, SP=0x20041f28
[K[Body] DEBUG: instCount=397800000, PC=0x1002e498, SP=0x20041f48
[K[Body] DEBUG: instCount=397900000, PC=0x1002e450, SP=0x20041f28
[K[Body] DEBUG: instCount=398000000, PC=0x1002dac4, SP=0x20041f74
================================================================================
[H================================================================================
                           VIRTUAL CAN NETWORK DASHBOARD                        
================================================================================
Bus Stats | Ticks: 3,130,000 | Sim/Wall: 0.01x | Effective Rate: 6772 bps
--------------------------------------------------------------------------------
[1;36m[GATEWAY][0m Total TX: 0 | Total RX: 0

[1;36m[ENGINE][0m Total TX: 0 | Total RX: 0

[1;36m[CHASSIS][0m Total TX: 0 | Total RX: 0

[1;36m[BODY][0m Total TX: 0 | Total RX: 0

----------------------------------- LOGS ---------------------------------------
[K[Chassis] DEBUG: instCount=399200000, PC=0x100344cc, SP=0x20041f30
[K[Chassis] DEBUG: instCount=399300000, PC=0x1003412a, SP=0x20041f20
[K[Body] DEBUG: instCount=398100000, PC=0x10026e0e, SP=0x20041fa0
[K[Body] DEBUG: instCount=398200000, PC=0x1001e8ce, SP=0x20041f60
[K[Body] DEBUG: instCount=398300000, PC=0x10026e10, SP=0x20041f98
[K[Body] DEBUG: instCount=398400000, PC=0x10032b5c, SP=0x20041f30
[K[Body] DEBUG: instCount=398500000, PC=0x2634, SP=0x20041f30
[K[Body] DEBUG: instCount=398600000, PC=0x2638, SP=0x20041f30
[K[Body] DEBUG: instCount=398700000, PC=0x2636, SP=0x20041f30
[K[Body] DEBUG: instCount=398800000, PC=0x10032b20, SP=0x20041f48
[K[Body] DEBUG: instCount=398900000, PC=0x10033eba, SP=0x20041f58
[K[Body] DEBUG: instCount=399000000, PC=0x20004d68, SP=0x20041f50
[K[Body] DEBUG: instCount=399100000, PC=0x20004d76, SP=0x20041f58
[K[Body] DEBUG: instCount=399200000, PC=0x100344cc, SP=0x20041f30
[K[Body] DEBUG: instCount=399300000, PC=0x1003412a, SP=0x20041f20
================================================================================
[H================================================================================
                           VIRTUAL CAN NETWORK DASHBOARD                        
================================================================================
Bus Stats | Ticks: 3,140,000 | Sim/Wall: 0.01x | Effective Rate: 6778 bps
--------------------------------------------------------------------------------
[1;36m[GATEWAY][0m Total TX: 0 | Total RX: 0

[1;36m[ENGINE][0m Total TX: 0 | Total RX: 0

[1;36m[CHASSIS][0m Total TX: 0 | Total RX: 0

[1;36m[BODY][0m Total TX: 0 | Total RX: 0

----------------------------------- LOGS ---------------------------------------
[K[Chassis] DEBUG: instCount=400500000, PC=0x10033664, SP=0x20041ef0
[K[Chassis] DEBUG: instCount=400600000, PC=0x10033642, SP=0x20041ef0
[K[Body] DEBUG: instCount=399400000, PC=0x10032f70, SP=0x20041f18
[K[Body] DEBUG: instCount=399500000, PC=0x10032f84, SP=0x20041f18
[K[Body] DEBUG: instCount=399600000, PC=0x1002e16e, SP=0x20041ee8
[K[Body] DEBUG: instCount=399700000, PC=0x20000326, SP=0x20041ee8
[K[Body] DEBUG: instCount=399800000, PC=0x10031b88, SP=0x20041ee8
[K[Body] DEBUG: instCount=399900000, PC=0x20000320, SP=0x20041ee8
[K[Body] DEBUG: instCount=400000000, PC=0x10034766, SP=0x20041efc
[K[Body] DEBUG: instCount=400100000, PC=0x10033962, SP=0x20041f10
[K[Body] DEBUG: instCount=400200000, PC=0x10034140, SP=0x20041f20
[K[Body] DEBUG: instCount=400300000, PC=0x1003414e, SP=0x20041f20
[K[Body] DEBUG: instCount=400400000, PC=0x100334d2, SP=0x20041ed8
[K[Body] DEBUG: instCount=400500000, PC=0x10033664, SP=0x20041ef0
[K[Body] DEBUG: instCount=400600000, PC=0x10033642, SP=0x20041ef0
================================================================================
[H================================================================================
                           VIRTUAL CAN NETWORK DASHBOARD                        
================================================================================
Bus Stats | Ticks: 3,150,000 | Sim/Wall: 0.01x | Effective Rate: 6779 bps
--------------------------------------------------------------------------------
[1;36m[GATEWAY][0m Total TX: 0 | Total RX: 0

[1;36m[ENGINE][0m Total TX: 0 | Total RX: 0

[1;36m[CHASSIS][0m Total TX: 0 | Total RX: 0

[1;36m[BODY][0m Total TX: 0 | Total RX: 0

----------------------------------- LOGS ---------------------------------------
[K[Chassis] DEBUG: instCount=401600000, PC=0x1002dbc8, SP=0x20041f10
[K[Chassis] DEBUG: instCount=401700000, PC=0x1002e16c, SP=0x20041ee0
[K[Chassis] DEBUG: instCount=401800000, PC=0x1002dc30, SP=0x20041f10
[K[Body] DEBUG: instCount=400700000, PC=0x1003367a, SP=0x20041ef0
[K[Body] DEBUG: instCount=400800000, PC=0x10033a50, SP=0x20041f58
[K[Body] DEBUG: instCount=400900000, PC=0x10032b82, SP=0x20041f30
[K[Body] DEBUG: instCount=401000000, PC=0x10032b60, SP=0x20041f30
[K[Body] DEBUG: instCount=401100000, PC=0x10032b74, SP=0x20041f30
[K[Body] DEBUG: instCount=401200000, PC=0x10018516, SP=0x20041f88
[K[Body] DEBUG: instCount=401300000, PC=0x1002de44, SP=0x20041f38
[K[Body] DEBUG: instCount=401400000, PC=0x1002e054, SP=0x20041f80
[K[Body] DEBUG: instCount=401500000, PC=0x1002de3e, SP=0x20041f38
[K[Body] DEBUG: instCount=401600000, PC=0x1002dbc8, SP=0x20041f10
[K[Body] DEBUG: instCount=401700000, PC=0x1002e16c, SP=0x20041ee0
[K[Body] DEBUG: instCount=401800000, PC=0x1002dc30, SP=0x20041f10
================================================================================
